-- phpMyAdmin SQL Dump
-- version 4.9.7
-- https://www.phpmyadmin.net/
--
-- Host: localhost:3306
-- Generation Time: Aug 27, 2022 at 04:52 PM
-- Server version: 10.3.35-MariaDB-log-cll-lve
-- PHP Version: 7.4.30

SET SQL_MODE = "NO_AUTO_VALUE_ON_ZERO";
SET AUTOCOMMIT = 0;
START TRANSACTION;
SET time_zone = "+00:00";


/*!40101 SET @OLD_CHARACTER_SET_CLIENT=@@CHARACTER_SET_CLIENT */;
/*!40101 SET @OLD_CHARACTER_SET_RESULTS=@@CHARACTER_SET_RESULTS */;
/*!40101 SET @OLD_COLLATION_CONNECTION=@@COLLATION_CONNECTION */;
/*!40101 SET NAMES utf8mb4 */;

--
-- Database: `behindt1_earthdawn`
--

-- --------------------------------------------------------

--
-- Table structure for table `ed_abilities_v3`
--

CREATE TABLE `ed_abilities_v3` (
  `id` int(10) UNSIGNED NOT NULL,
  `name` varchar(50) COLLATE utf8mb4_unicode_ci NOT NULL,
  `description` text COLLATE utf8mb4_unicode_ci NOT NULL,
  `type` tinyint(3) UNSIGNED NOT NULL,
  `bonus` tinyint(3) NOT NULL DEFAULT 0,
  `affected_trait` tinyint(3) NOT NULL DEFAULT 0
) ENGINE=InnoDB DEFAULT CHARSET=utf8mb4 COLLATE=utf8mb4_unicode_ci;

--
-- Dumping data for table `ed_abilities_v3`
--

INSERT INTO `ed_abilities_v3` (`id`, `name`, `description`, `type`, `bonus`, `affected_trait`) VALUES
(1, 'Karma use for Dexterity', 'May use Karma for actions using Dexterity', 2, 0, 1),
(2, 'Karma use for Strength', 'May use Karma for actions using Strength', 2, 0, 2),
(3, 'Karma use for Toughness', 'May use Karma for actions using Toughness', 2, 0, 3),
(4, 'Karma use for Perception', 'May use Karma for actions using Perception', 2, 0, 4),
(5, 'Karma use for Willpower', 'May use Karma for actions using Willpower', 2, 0, 5),
(6, 'Karma use for Charisma', 'May use Karma for actions using Charisma', 2, 0, 6),
(7, 'Karma use for missile damage', 'May use karma to increase the damage of missile attacks', 2, 0, 13),
(8, 'Karma use for melee damage', 'May use karma to increase the damage of melee attacks', 2, 0, 10),
(9, 'Increased Physical Defense', 'Physical defense increased by 1', 4, 1, 1),
(10, 'Increased Spell Defense', 'Spell defense increased by 1', 4, 1, 2),
(11, 'Increased Social Defense', 'Social defense increased by 1', 4, 1, 3),
(12, 'Karma use for Recovery Test', 'May use Karma on Recovery tests', 2, 0, 20),
(13, 'Increased Initiative', 'Initiative increased by 1 step', 5, 1, 0),
(14, 'Increased Initiative (2)', 'Initiative increased by 2 steps', 5, 2, 0),
(15, 'Increased Physical Defense (2)', 'Physical defense increased by 2', 4, 2, 1),
(16, 'Increased Spell Defense (2)', 'Spell defense increased by 2', 4, 2, 2),
(17, 'Increased Social Defense (2)', 'Social defense increased by 2', 4, 2, 3),
(18, 'Increased Karma Step', 'Karma step increased by 1', 11, 1, 0),
(19, 'Safe Passage', 'Taking 3 Strain, the adept can navigate the safest path through unfamiliar territory by mentally contacting an air elemental.\\nWhen caught in a major storm (such as that brought on by the Sky Raider\'s Lightning Song ability), the adept makes an Thread Weaving Test against a Difficulty Number determined by the gamemaster, the Dispel Difficulty of the storm if it is magical, or the opposing Sky Raider\'s Thread Weaving Test Result on the first Lightning Song Test. As soon as he makes a successful Test, he finds a clear path: his ship is not damaged by the storm, and does not need to make any further tests for that storm.', 1, 0, 0),
(20, 'Extra Recovery Test', 'Gain 1 extra Recovery Test per day', 9, 1, 0),
(21, 'Collaborate', 'Once per round, when performing the\r\nsame type of action as an ally, the adept may take 2 Strain to grant the ally a +2 bonus to an Action Test towards achieving their common goal.', 1, 0, 0),
(22, 'Karma use on airships', 'The adept may spend 1 Karma Point on Action Tests made on an airship.', 1, 0, 0),
(23, 'Determined Charge', 'When the Air Sailor charges into a dangerous situation or combat, they may take 2 Strain to inspire theirs allies with their bravado. The allies all gain +3 to one Action Test of their choosing to face the danger or opponents, if they act within 3 rounds.', 1, 0, 0),
(24, 'Arrow\'s Eye View', 'After firing an arrow as normal, for 1 Strain the adept may replace his vision by what would be seen if his eyes were on either side of the flying arrow head. His vision reverts to normal at the end of the round, but until then he is considered Harried and any sight-based\r\nreactions suffer penalties as if in Full Darkness.', 1, 0, 0),
(25, 'Karma use for throwing weapon damage', 'May use karma to increase the damage of attacks with thrown weapons.', 2, 0, 12),
(26, 'Create Arrow', 'Taking 1 Strain, the adept creates one piece of missile weapon ammunition from magical energy as a Free Action. The ammunition performs as normal for its type, but vanishes at the end of the round. This may be done multiple times\r\nper round.', 1, 0, 0),
(27, 'Hail of Arrows', 'The adept may shoot more than one projectile with a shot. He uses a number of additional projectiles up to his Dexterity step, takes 1 Strain per additional projectile and if the attack is successful, each additional projectile adds a +2 bonus to the Damage Test. These additional projectiles do not allow the archer to attack additional targets, nor can they or their damage be enhanced beyond the original +2 in any way, only the original projectile can be enhanced by talents such as Flame Arrow.', 1, 0, 0),
(28, 'Primal Urges', 'For 2 Strain, the adept may induce a strong animalian urge in a target animal or Namegiver, by making a Charisma Test against the target\'s Spell Defense. If successful they may induce an urge of his choice into the target, for example fear, fury, hunger, thirst, sexual desire, or drowsiness. The urge is strong, but does not force a target into acting against their will, though it may\r\ninfluence their actions at the gamemaster\'s discretion.\r\nPrimal Urges uses a Standard Action.', 1, 0, 0),
(29, 'Karma use for animal companion', 'The adept may spend 1 Karma Point on Action Tests made by any animal companion.\r\n', 1, 0, 0),
(30, 'Tough Hide', 'The adept\'s skin is infused with bestial resiliency, providing a natural Physical Armor rating of 3. This stacks with other armor, but is obvious upon close inspection.', 6, 3, 0),
(31, 'Wild Sense', 'For 3 Strain, the adept may make a Beast Weaving Test, comparing it to the Spell Defense of all animals within 200 yards of them. They become vaguely aware of the locations of all animals whose Spell Defense is not higher than his Test result. They may perceive through the senses of any of these animals, switching between any of them and their own senses at will. Wild Sense lasts for 10 minutes.', 1, 0, 0),
(32, 'Masterful Horseman', 'While mounted, the adept is not considered Harried when using Splitting\r\nMovement (see p. 226). The mount is not considered Harried when using Running (see p. 225) while the adept rides it. Strain from either combat option still applies.', 1, 0, 0),
(33, 'Karma use for mount', 'The adept may spend 1 Karma Point on his mount\'s Attack and Damage Tests.', 1, 0, 0),
(34, 'Gait Mastery', 'Taking 2 Strain, the adept can magically lower or raise his mount\'s base Movement Rate by half.', 1, 0, 0),
(35, 'Resurrect Mount', 'By touching it, the adept can resurrect a mount they have ridden that has been dead for less than a week.\r\nThe adept suffers 1 Permanent Damage Point and the mount is restored to full health, free of any Damage or Wounds.', 1, 0, 0),
(36, 'Fire and Ice', 'For 1 Strain the adept may do one of the following with a successful Elementalism Test against the higher of the target\'s Spell Defense or a Difficulty Number of 6:\r\n\r\n1. Create a small flame between his thumb and forefinger. This fire lasts for only one round, but is intense  nough to light a torch. If used in combat, it inflicts Step 4/D6 fire damage (Physical Armor provides protection).\r\n\r\n2. Freeze water by touching it with his middle three fingers. The adept can freeze up to one quart of water from each use of this ability. If used in combat, it inflicts Step 4/D6 cold damage (Physical Armor provides protection).', 1, 0, 0),
(37, 'Karma use for Spell Effect', 'The adapt may spend 1 Karma point on Spell Effect tests.', 2, 0, 14),
(38, 'Earth and Wind', 'For 2 Strain, the adept may do one of the following with a successful Elementalism (6) Test:\r\n\r\n1. Create an earth circle 3 yards in diameter. Every character within the circle, friend or foe, adds +3 to their Spell Defense. The effect lasts for as long as the adept desires, up to 24 hours.\r\n\r\n2. Create a flow of air that circulates through a 10 yard by 10 yard by 5 yard volume. The air is brought in from and returns to the Plane of Air and, although cold, is clean and fresh. The effect lasts for as long as the adept desires, up to 24 hours.', 1, 0, 0),
(39, 'Karma use for spirits', 'The adept may spend 1 Karma Point on Action Tests made by a spirit or creature under his control.', 1, 0, 0),
(40, 'Elemental Matrix', 'For 3 Strain, the adept can create a temporary Rank 5 Enhanced Matrix from any object made of a single element (a rock or a piece of wood, for example). The matrix lasts for as long as the adept desires, up to 24 hours.', 1, 0, 0),
(41, 'Extra Recovery Test (2)', 'Gain 2 extra Recovery Tests per day', 9, 2, 0),
(42, 'Glamour', 'For 1 Strain, the adept creates a simple illusion, no bigger than a Namegiver, which appears and remains within 3 yards of them. The adept may create and control a number of illusions at a time equal to their Illusionism Rank. The illusions are for show only — they have no effect on their surroundings. Viewers can disbelieve an illusion with a successful Disbelief (6) Test. The illusion lasts for 10 minutes.', 1, 0, 0),
(43, 'Hide Matrix', 'For 2 Strain, the adept can make a spell matrix invisible in astral space. The adept makes an Illusionism Test, the result of which becomes the Detection Difficulty to spot the hidden spell matrix using the Astral Sight talent or a similar ability. The effect lasts for 24 hours.', 1, 0, 0),
(44, 'Truth Interpreted', 'For 4 Strain, the adept makes an Illusionism Test to create an illusory environment. The adept may change every part of his surroundings within 50 yards, and a Disbelief Test against the Illusionism Test result is required to see through every single change. Objects that the adept changes cannot cause any\r\neffect besides fooling the senses. They cannot, for example, cause damage. While the adept can change everything in the area, the changes abruptly stop at a distance of 50 yards from them, so they\r\nmight fade out if they move or, when changing the ground below them, be obvious to a perceptive onlooker. The illusions and ability to make changes last for 10 minutes, but the adept may extend this without interruption by taking the Strain again.', 1, 0, 0),
(45, 'Decay and Renewal', 'For 1 Strain the adept may do one of the following with a successful Nethermancy Test against the higher of the target\'s Spell Defense or a Difficulty Number of 6:\r\n\r\n1. Touch a single, nonmagical object that fits in their hand and cause it to suddenly age and decay, rusting metals, spoiling food, or otherwise showing signs of age and neglect.\r\n\r\n2. Touch a single, nonmagical object that fits in their hand and remove all signs of decay, removing rust, making food fresh, or otherwise reversing any signs of decay.', 1, 0, 0),
(46, 'Otherworldly Control', 'For 2 Strain, the adept may make an additional Willpower Test to resist fear or other magic which causes them to lose control of their emotions. If the adept cannot normally resist the effect, this ability does not work; Otherworldly Control allows additional attempts to resist, but does not create them where\r\nno opportunity exists.', 1, 0, 0),
(47, 'Astral Face', 'For 3 Strain, the adept can alter the features of their face and head. Their altered appearance is smoother, the skin often silver or black. Altered eyes contain specks of unearthly light and the teeth are dull and unreflective except for narrow-writ runes centered on each tooth. This new face gives the adept a better sense of astral space. They gain a +5 bonus to their Spellcasting and spell Effect Tests while it is in effect. The ability lasts for as long as the adept desires, up to 24 hours.', 1, 0, 0),
(48, 'Enhanced Senses', 'For 2 Strain, the adept enhances one of their natural senses (sight, hearing, smell, touch, taste), gaining a +2 bonus to Perception Tests based on the sense for 10 minutes', 1, 0, 0),
(49, 'Karma use for travel companions', 'The adept may spend 1 Karma Point on another person\'s Action Tests to avoid and get out of environmental hazards, stay on the path, and endure any harsh conditions for the journey. The adept must be traveling with them for this ability to be used.', 1, 0, 0),
(50, 'Blend', 'Taking 2 Strain, the adept can blend in with their surroundings, with an effect identical to that of the Earth Blend spell (Player’s Guide, p. 165). The adept makes a Scout Weaving Test in place of a spell Effect Test, the result of which becomes the Detection Difficulty to spot them. The effect lasts for up to 24 hours, or until the adept moves', 1, 0, 0),
(51, 'One with the World', 'For 3 Strain, the adept may become a natural part of the environment they are in. This means they will appear as if they were a native, or completely accepted denizen, of the place they are in. They will appear to fit into the flow of a city and be naturally about its business or move in the wilderness as one who owns it and has a right to be doing whatever they are doing. In some cases, this may render the adept not-worth-mentioning to those who ask about outsiders and the like. Unless the adept does something extremely out of character for their role, no one will ever have a doubt they do not belong in the chosen environment. This ability lasts up to 24 hours, or until the adept ends it (as even his allies will not necessarily recognize them).', 1, 0, 0),
(52, 'Strike Without Warning', 'When they fight Surprised or Blindsided (see pages 226 and 228) opponents, the adept may take 2 Strain. The Difficulty\r\nNumbers of all Knockdown Tests made by these opponents as a result of the adept\'s attacks are increased by +3 until the end of the round.', 1, 0, 0),
(53, 'Strength of the Sky', 'The adept adds +3 to their Strength value.', 12, 3, 2),
(54, 'Lightning Song', 'For 5 Strain, the adept can summon a fierce storm. The adept must be on an operating airship and call out or sing into the sky for 1 minute. The must then succeed at a Sky Weaving (20) Test. If successful, a severe storm forms around the adept\'s ship, stretching out to a radius of 1 mile around it. The storm does not affect the adept\'s ship and lasts for 1 hour, after which it begins to dissipate naturally. During that hour, the adept may at any time sing the song again for 1 minute, making an additional Sky Weaving Test afterwards. The Test Result is compared to the Spell Defense of all hostile airships in the area. Each ship whose Spell Defense is not higher takes Damage equal to a Willpower Test, no Armor protects against this Damage. Singing the Lightning Song only causes Strain the first time it is sung, not when sung during the hour the storm lasts.', 1, 0, 0),
(55, 'Flourish', 'Taking 2 Strain, the adept swings their weapon outward in as wide an arc as possible. They then make a Charisma Test against their opponent\'s Social Defense. If successful, the opponent cannot engage the adept in unarmed combat until the end of the round.', 1, 0, 0),
(56, 'Weapon Bond', 'The adept may perform a day-long ritual that binds a weapon to them. The ritual causes 2 Blood Magic Damage until the bond is resolved by repeating the ritual. Disarm Tests and other tests made to separate the weapon from the adept add +4 to their Difficulty Number. In addition, as a Standard Action the adept may take 2 Strain and make a Weapon Weaving (6) Test to call the weapon to their hand from within 30 yards. The Difficulty Number for this Test may be modified by the current wielder\'s strength or any obstacles in the way. Only one weapon may be bonded at a time, but the adept may perform a day-long ritual to break the bond even if the weapon has been lost.', 1, 0, 0),
(57, 'Keen Blade', 'Performing a ritual causing 2 Blood Magic Damage, the adept adds +3 steps to the Damage step of one of their melee weapons. In the event of the weapon being lost or destroyed, the adept can heal the Blood Magic Damage lost to that weapon after a year and a day has passed since it left their possession. The adept may apply the Keen Blade ability to additional melee weapons by repeating the ritual and taking another 2 Blood Magic Damage.', 1, 0, 0),
(58, 'Thieves\' Tongue', 'For 1 Strain the adept may speak for up to 10 minutes in Thieves\' Tongue. While what they say makes perfect sense to Thieves, even if they do not possess this ability, it sounds like lilting gibberish to anyone else. Thieves\' Tongue cannot be learned by any other means (such as the Speak Language talent).', 1, 0, 0),
(59, 'Karma use for hiding others', 'The adept may spend 1 Karma Point on another person\'s Action Tests to sneak, hide, or otherwise be stealthy. The adept must make an effort to assist the other person.', 1, 0, 0),
(60, 'Shadowcloak', 'For 2 Strain, the adept becomes virtually invisible in shadows or darkness. The adept adds +4 to the Detection Difficulty of any sight-based Perception Tests made to notice them. If they use the Silent Walk talent while under the effect of this ability, the talent\'s Detection Difficulty also applies to any sight-based Perception Tests made to detect them. Though the adept can still be seen normally in light, the presence of light does not end the effect; they can become virtually invisible by simply stepping back into a shadow.\r\nThe effect lasts for as long as the adept desires, up to 24 hours.', 1, 0, 0),
(61, 'Shadow Heal', 'The adept must be using Shadowcloak to conceal themselves in shadow to use Shadow Heal. The Shadow Heal ability allows the adept to spend as many Karma Points as they wish on the next Recovery Test, if it is made while still concealed in the Shadowcloak. They must choose how many Karma Points they will\r\nspend before making the Recovery Test. Damage is healed by the results of the Recovery Test as normal. The shadows that make up their cloak are used to heal the adept; the effect of the Shadowcloak ability ends after they make their Recovery Test.', 1, 0, 0),
(62, 'One Last Word', 'If the fail an Action Test against a target\'s (or multiple targets\') Social Defense, the adept may take 2 Strain to roll 1 Karma Point and add it to the Test Result. The Test Result is then compared to the Difficulty Number again to determine success. One Last Word can only be used once per failed Action Test.', 1, 0, 0),
(63, 'Karma use for social support', 'The adept may spend 1 Karma Point on another person\'s social Action Test. Using Karma in this way counts as the adept\'s Standard Action that round. The adept must speak on behalf of the other party or take some other action that justifies spending the Karma Point.', 1, 0, 0),
(64, 'Encore', 'Taking 1 Strain, the adept announces their intention to use a Charisma-based ability twice instead of once in a combat round. They uses the ability twice, but receive a –3 penalty to any Test made for the ability. If the ability uses a Standard Action, they take an additional 2 Strain. Encore can only be used once per combat round.', 1, 0, 0),
(65, 'Ghost Song', 'The adept uses this ability to write a song. When the adept dies, their spirit wanders the earth singing or reciting the song. The adept may use the song to suggest an action that would put their spirit to rest. The spirit travels to its final resting place if a living Namegiver fulfills the conditions of the song. The adept may change their Ghost Song any number of times while they are alive.', 1, 0, 0),
(66, 'Battle Rites', 'The adept performs their Karma Ritual for the day, but instead of buying Karma Points, they spend 1 Karma Point, take 2 Strain, and choose one of their talents. In the next fight that day, using this Talent does not cause Strain once per round (every use after the first in a round causes Strain as normal).', 1, 0, 0),
(67, 'Karma use for unarmed damage', 'May use karma to increase the damage of unarmed attacks', 2, 0, 11),
(68, 'Battlefield Awareness', 'For 3 Strain, the adept finds an extraordinary mental focus and awareness in combat. For the next 3 rounds, they ignore any Harried penalties, and cannot be Blindsided, Stunned, or Surprised.', 1, 0, 0),
(69, 'Resurrect Self', 'When the adept makes a Life Check Test, but before any dice are rolled, the player may declare that the adept is resurrecting themselves. They may then spend any number of Karma Points on the Life Check Test. The Karma Points spent when using this ability are permanently lost; the adept reduces their Maximum Karma by the number of Karma Points spent on the Life Check Test (this has no effect on their Karma Ritual Rank, only the result of the calculation).', 1, 0, 0),
(70, 'Traveling Smithy', 'Taking 1 Strain per hour, the adept can\r\ncreate an impromptu forge or workshop required for making weapons or armor (or items they can craft that are no more complicated than these) while traveling, provided they have the minimum requirements necessary, such as a fire for working metal, and of course tools. The Traveling Smithy doubles the time required to craft any items.', 1, 0, 0),
(71, 'Elementalism', 'The adept\'s Thread Smithing Talent now doubles as the Elementalism Talent for all intents and purposes (allowing the adept to weave spell threads to Elementalist spells or learn Elementalism talent knacks). The adept has to learn other talents and abilities or find substitutes for them to be able to cast the full range of Elementalist spells, most notably the Spellcasting and Read/Write Magic Talents.', 1, 0, 0),
(72, 'Craft Mastery', 'By performing a ritual and taking 3 Blood Magic Damage, the adept adds +4 steps to the Damage Step of a weapon or\r\n+2 to both the Physical and Mystic Armor Rating of a piece of armor they have crafted. If the item is lost or destroyed, the adept may heal the Damage after a year and a day have passed. The adept may apply Craft Mastery to additional items by taking 3 additional Blood Magic Damage during another ritual per item so enhanced, but cannot use Craft Mastery on the same item multiple times.', 1, 0, 0),
(73, 'Book Mage', 'Taking 2 Strain, the adept does not suffer penalties to Spellcasting or Thread Weaving for attuning to or casting from a Grimoire, for the casting of one spell.', 1, 0, 0),
(74, 'Matrix Split', 'For 2 Strain, the adept can divide one of their spell matrices (Spell, Enhanced, or Armored Matrix) in two. A split matrix can hold two spells, rather than the normal one. The combined Circles of the spells cannot exceed the rank of the split matrix. Note that a split Enhanced or Armored Matrix cannot also hold threads — holding two spells in a matrix is complex enough. Each use of the Matrix Split ability lasts for 24 hours. A single matrix can only be split once, but the ability may be used on each of the adept\'s spell matrices. Once the duration ends the matrix returns to normal and is wiped clean of any spells it contained.', 1, 0, 0),
(75, 'Casting Triangle', 'For 4 Strain, the adept can create a Casting Triangle, spending 1 round conjuring a luminescent triangle around themselves, each side no greater than 2 yards long. The triangle only affects the adept who created it, who gains a +5 bonus to their Spellcasting and Thread Weaving Tests while casting spells from within its confines. The Casting Triangle remains effective until the adept leaves it.', 1, 0, 0),
(76, 'Flow of Kiatsu', 'After having used at least half of their\r\nMovement Rate, the adept may take 2 Strain to get a +2 bonus to Knockdown and Attack Tests until the end of the round while aboard a riverboat.', 1, 0, 0),
(77, 'Karma use on riverboat', 'The adept may spend 1 Karma Point on Action Tests made aboard a riverboat.', 1, 0, 0),
(78, 'Strength of Jik\'harra', 'For 2 Strain, the adept draws on their understanding of Jik\'harra to repeat a previously failed test to resist fear or intimidation. Strength of Jik\'harra does not grant a test where no opportunity exists, only to repeat a failed one.', 1, 0, 0),
(79, 'Forging P\'skarrot', 'The adept declares their destiny, the ultimate challenge, the best possible thing they see themselves achieving in their lifetime. They may take 1 Strain to spend 1 additional Karma Point on any one test made when trying to fulfill the destiny. Only one destiny may ever be declared. If the adept fails to achieve it, they subtract –1 from their Karma Step. If they succeed, they receive a +2 bonus to their Reputation towards T\'skrang.', 1, 0, 0),
(80, 'Shield of the Weak', 'Taking 1 Strain and succeeding at a Charisma Test against a slaver\'s Social Defense, the adept subtly influences the slaver to leave one of his victims alone. The slaver\'s attention turns to the adept instead. On an Excellent Result, the adept may choose to influence the slaver to leave them alone too.', 1, 0, 0),
(81, 'Karma use against slavers', 'The adept may spend 1 Karma Point on any test made against a slaver or made to resist a slaver\'s abilities.', 1, 0, 0),
(82, 'Freedom Quest', 'Taking 2 Blood Magic Damage, the adept takes a vow to free a specific Namegiver, group of Namegivers, slaves at a specific facility, or Namegivers enslaved by a specific slaver. For a year and a day or until their objective is achieved, the adept adds a +3 bonus to any test made to fulfill the quest. At the end of this time, the damage may be healed. The adept can only have one quest active at a time.', 1, 0, 0),
(83, 'Heart of Rebellion', 'Taking 1 Strain, the adept designates one of their talents and makes a Freedom Weaving Test against the Spell Defense of a target. If successful, the adept weaves a temporary thread to the target that imparts a +5 rank bonus to the designated talent whenever the adept and the target cooperate to fight slavers or free slaves. The thread does not count against the normal limits for threads, but the adept can only have Freedom Weaving Rank threads of this type active at a time, and a target can only benefit from one such thread. The thread lasts for 24 hours.', 1, 0, 0),
(84, 'Katorr\'s Rebuke', 'When a target questions or doubts the adept\'s personal honor, the adept may take 1 Strain to get a +2 bonus to an Action Test he makes against the target to resist being taunted, set things straight, or avenge the slight. This ability can only be used once per target per encounter.', 1, 0, 0),
(85, 'Truce', 'Taking 3 Strain, the adept calls a truce against a Namegiver he is touching by making a Kava Weaving Test against the target\'s Spell Defense. If successful, the adept and target are peacebonded for 24 hours. If one of them attacks the other, he takes the same amount of damage he causes the other.', 1, 0, 0),
(86, 'Honorable Reputation', 'The adept\'s understanding of honor allows them to prepare for a feat great enough to posthumously rehabilitate them in the eyes of the world. At any time after learning this ability, they may declare a heroic deed they just performed to be their legacy. After their death, they will be remembered for it, not the incident that made them an outcast, the deed will be seen as atonement for the original infringement, and they will be rehabilitated in the eyes of their clan. In the meantime, they will remain outcast, but receive a +3 bonus to their Reputation.', 1, 0, 0),
(87, 'Cleanse', 'Taking 1 Strain and performing an hour-long ritual, the adept cleanses a 50-yard radius area from astral taint and corruption, such as that caused by Horrors. Once the ritual is complete, the classification of the astral region (Player\'s Guide, p. 110) improves by one\r\ndegree.', 1, 0, 0),
(88, 'Earth\'s Avenger', 'The adept focuses his anger over destruction of nature into powerful blows. When attacking a target who has harmed nature or is evidently going to do so, the adept may take 1 Strain to add a +3 bonus to an unarmed Damage Test against the target or his allies.', 1, 0, 0),
(89, 'Sanctify', 'The adept may designate a healthy, untainted natural area off-limits to those that would harm or corrupt it, either by action or their mere presence. The adept takes 3 Strain and spends a Standard Action declaring an area of up\r\nto 100 yards around him a sanctuary. A target that would harm the natural environs takes the adept\'s Earth Weaving Rank Damage Points every round the target is inside the sanctuary. Sanctify lasts for 24 hours. The adept may extend the sanctity to a year and a day by taking the Strain as Blood Magic Damage, and may permanently sanctify it by taking it as Permanent Damage.', 1, 0, 0),
(90, 'Land and Sea', 'Taking 1 Strain, the adept gains a +2 bonus to a Climbing or Swimming Test.', 1, 0, 0),
(91, 'Cloak of Sky and Water', 'Taking 2 Strain, the adept can safely fall from up to Shamanism Rank x 5 yards height (and subtract this height to determine Falling Damage) or breathe water for Shamanism Rank minutes. Cloak of Sky and Water cannot be used continuously, only once in any given situation.', 1, 0, 0),
(92, 'Pinnacle of Comprehension', 'Whenever making an Action Test to interact with something natural, the adept may spend 1 additional Karma Point on the test.', 1, 0, 0),
(93, 'Quest for Knowledge', 'While traveling to actively search for specific knowledge or information (rather than traveling and taking in any knowledge) the adept may take 2 Strain to get a +2 bonus to any one test made to overcome obstacles or keep traveling, such as Climbing, Fatigue, or Swimming Tests.', 1, 0, 0),
(94, 'Karma use for knowledge tests', 'The adept may spend 1 Karma Point on Knowledge Tests.', 1, 0, 0),
(95, 'Indexing', 'When in a library or similar place that stores knowledge, the adept may make take 2 Strain and make a Lore Weaving Test against the highest Spell Defense of any object holding knowledge (books, stone tablets, scrolls, etc.) or the Spell Defense of the place, whichever is higher. If successful, he forms a mental index of the knowledge stored, and can quickly find anything specific to look for. This ability only includes sources the adept can understand, both for determining the Difficulty Number and for the contents of the index.', 1, 0, 0),
(96, 'Wisdom of the Ages', 'Taking 3 Strain, the adept taps into the legends of past scholars to access their knowledge. For 24 hours, they gain a +5 rank bonus to a Knowledge Skill of their choosing (which means they gain it at rank 5 if they do not have it at the time), and this skill counts as a magical ability for the duration. They can only gain a skill a past Master Traveling Scholar once possessed with this ability, which usually precludes skills that are specific to recent events. Once the adept dies, their own Knowledge Skills become available via the Wisdom of the Ages for as long as the adept\'s legend is remembered.', 1, 0, 0),
(97, 'Judgment Call', 'For 1 Strain, the adept may make a call to settle a dispute, determine the winner of a contest, confirm the accuracy of history or legend, or settle any similar disagreement. They make a Charisma Test against the highest Social Defense among all participants and if successful, all involved will respect his call for the moment if it does not have any obvious flaws or is not obviously made for the adept\'s advantage.', 1, 0, 0),
(98, 'Karma use for interactions', 'The adept may spend 1 Karma Point on Interaction Tests.', 1, 0, 0),
(99, 'Captivate', 'Taking 3 Strain, the adept makes a Dance Weaving Test against the highest Social Defense amongst a target group, +1 per additional target. If successful, the targets focus all their attention on the adept and act according to their actions. They attack them if in combat, listen to them at a recital, and so on. Targets may be distracted by appropriate events, however. If they are attacked by\r\nother characters or if loud noise interrupts the recital, for example, their attention veers away from the adept. This ability lasts Dance Weaving Rank rounds, although targets may keep focusing their attention on the adept afterwards.', 1, 0, 0),
(100, 'Wing Mastery', 'The adept can now use their wings as his primary method of movement, they can fly all day long without the need for tests or risk of Strain, as long as their wings are relatively dry. Once they become soaked, the adept\'s ability to fly is determined by the rules that were previously used for dry wings (requiring a test after 20 minutes and then in intervals of 5 minutes, and wet wings do not cause the adept to become Harried).', 1, 0, 0),
(101, 'Low-light Vision', 'See well in dim light', 1, 0, 0),
(102, 'Heat Sight', 'Thermographic vision (250 yards)', 1, 0, 0),
(103, 'Wood Longing', 'Longing to return to the Blood Wood', 1, 0, 0),
(104, 'Armor Restriction (Fern Weave)', 'May wear only Fernweave armor', 1, 0, 0),
(105, 'Pain Resistance', 'Ignore first wound step penalty', 10, 1, 0),
(106, 'Reduced Recovery Tests', 'Recovery Tests decreased by 1', 9, -1, 0),
(107, 'Versatility', 'Can learn talents from other disciplines', 3, 0, 127),
(108, 'Natural Armor (Obsidian)', 'Tough skin provides physcial armor rating of 3. May wear only living armor.', 6, 3, 0),
(109, 'Increased Wound Threshold (3)', 'Wound threshold increased by 3.', 8, 3, 0),
(110, 'Tail Attack', 'May use tail in combat for +3 damage.', 1, 0, 0),
(111, 'Flight', 'Can fly for about 20 minutes before getting exhausted.', 1, 0, 0),
(112, 'Astral Sight', 'Can see into the astral plane. Free talent.', 3, 0, 14),
(113, 'Karma use for attribute', 'Select an attribute not already selected. May use Karma for actions using this attribute.', 2, 0, -1),
(114, 'Increased defense', 'Increase a selected defense rating by 1 (max +4).', 4, 1, -1),
(115, 'Characteristic Bonus', 'The Journeyman chooses one characteristic bonus.', 14, 0, 0),
(116, 'Improved Durability', 'The durability modifier of the unconsciouness and death rating is increased by 1.', 13, 1, 0),
(117, 'Choose the Path', 'For 1 Strain, the adept may treat one of\r\ntheir talents as a Discipline Talent until the end of the round.', 1, 0, 0),
(118, 'Karma use for learning', 'The adept may spend 1 Karma Point on tests made to learn something new or made to gain access to new knowledge or abilities.', 1, 0, 0),
(119, 'Morphism', 'After studying with a member of another race for a week and performing a ritual causing 3 Permanent Damage Points, the adept may gain one racial ability of that race. The racial ability must not require an anatomical feature very different from human physique to work, but at the same time, the adept\'s appearance will change towards that of the race the ability originated with.\r\n\r\nFor example, the adept cannot learn a windling\'s Flight or a T\'skrang\'s Tail Combat due to lacking wings or a tail, but they can learn an Obsidiman\'s Natural Armor ability, whereupon their skin will take on a more stone-like appearance.\r\n\r\nThe adept can learn one additional racial ability at Twelfth and one at Fifteenth Circle by repeating the procedure.', 1, 0, 0),
(120, 'Path of all Paths', 'The adept performs their Karma ritual for the day, but instead of gaining Karma, spends up to 15 Karma Points, Strain, or a mix of both.\r\nFor the next 24 hours, they gain a talent of their choice that is a Discipline Talent for a Discipline they have studied with at a Rank equal to the sum of Karma Points and Strain spent. This talent is not a Discipline Talent for the adept and cannot be used to advance in Circle. The adept can have only one such talent at a time.', 1, 0, 0);

-- --------------------------------------------------------

--
-- Table structure for table `ed_attributes`
--

CREATE TABLE `ed_attributes` (
  `id` tinyint(1) UNSIGNED NOT NULL,
  `name` varchar(10) COLLATE utf8mb4_unicode_ci NOT NULL
) ENGINE=InnoDB DEFAULT CHARSET=utf8mb4 COLLATE=utf8mb4_unicode_ci PACK_KEYS=0;

--
-- Dumping data for table `ed_attributes`
--

INSERT INTO `ed_attributes` (`id`, `name`) VALUES
(6, 'Charisma'),
(1, 'Dexterity'),
(4, 'Perception'),
(2, 'Strength'),
(3, 'Toughness'),
(5, 'Willpower');

-- --------------------------------------------------------

--
-- Table structure for table `ed_circles`
--

CREATE TABLE `ed_circles` (
  `circle` tinyint(2) UNSIGNED NOT NULL,
  `status_group_id` tinyint(1) UNSIGNED NOT NULL,
  `core_talent_count` tinyint(1) UNSIGNED NOT NULL
) ENGINE=InnoDB DEFAULT CHARSET=utf8mb4 COLLATE=utf8mb4_unicode_ci;

--
-- Dumping data for table `ed_circles`
--

INSERT INTO `ed_circles` (`circle`, `status_group_id`, `core_talent_count`) VALUES
(1, 1, 5),
(2, 2, 2),
(3, 2, 1),
(4, 2, 1),
(5, 3, 1),
(6, 3, 1),
(7, 3, 1),
(8, 3, 1),
(9, 4, 2),
(10, 4, 1),
(11, 4, 1),
(12, 4, 1),
(13, 5, 1),
(14, 5, 1),
(15, 5, 1);

-- --------------------------------------------------------

--
-- Table structure for table `ed_core_talents`
--

CREATE TABLE `ed_core_talents` (
  `discipline_id` tinyint(3) UNSIGNED NOT NULL,
  `talent_id` smallint(5) UNSIGNED NOT NULL,
  `circle` tinyint(2) UNSIGNED NOT NULL,
  `discipline_talent` tinyint(1) UNSIGNED NOT NULL,
  `count` tinyint(1) UNSIGNED NOT NULL DEFAULT 1
) ENGINE=InnoDB DEFAULT CHARSET=utf8mb4 COLLATE=utf8mb4_unicode_ci;

--
-- Dumping data for table `ed_core_talents`
--

INSERT INTO `ed_core_talents` (`discipline_id`, `talent_id`, `circle`, `discipline_talent`, `count`) VALUES
(1, 3, 15, 1, 1),
(1, 4, 5, 1, 1),
(1, 5, 1, 1, 1),
(1, 20, 15, 0, 1),
(1, 22, 1, 1, 1),
(1, 80, 2, 0, 1),
(1, 95, 9, 0, 1),
(1, 96, 6, 1, 1),
(1, 120, 2, 1, 1),
(1, 123, 1, 1, 1),
(1, 135, 1, 0, 1),
(1, 137, 8, 0, 1),
(1, 138, 10, 1, 1),
(1, 141, 9, 1, 1),
(1, 150, 1, 1, 1),
(1, 177, 14, 1, 1),
(1, 183, 8, 1, 1),
(1, 192, 7, 1, 1),
(1, 229, 13, 0, 1),
(1, 235, 12, 1, 1),
(1, 237, 4, 1, 1),
(1, 245, 13, 1, 1),
(1, 265, 11, 1, 1),
(1, 268, 3, 1, 1),
(1, 312, 5, 1, 1),
(2, 15, 12, 1, 1),
(2, 20, 15, 0, 1),
(2, 23, 6, 1, 1),
(2, 55, 10, 1, 1),
(2, 60, 9, 1, 1),
(2, 69, 2, 1, 1),
(2, 76, 9, 1, 1),
(2, 80, 2, 0, 1),
(2, 109, 3, 1, 1),
(2, 128, 7, 1, 1),
(2, 135, 1, 0, 1),
(2, 137, 8, 0, 1),
(2, 156, 1, 1, 1),
(2, 161, 14, 1, 1),
(2, 165, 1, 1, 1),
(2, 175, 11, 1, 1),
(2, 188, 13, 1, 1),
(2, 191, 8, 1, 1),
(2, 221, 5, 1, 1),
(2, 229, 13, 0, 1),
(2, 237, 4, 1, 1),
(2, 238, 1, 1, 1),
(2, 247, 1, 0, 1),
(2, 267, 15, 1, 1),
(2, 312, 5, 1, 1),
(3, 7, 2, 1, 1),
(3, 8, 10, 1, 1),
(3, 20, 15, 0, 1),
(3, 29, 12, 1, 1),
(3, 38, 3, 1, 1),
(3, 45, 9, 1, 1),
(3, 48, 8, 1, 1),
(3, 49, 1, 1, 1),
(3, 57, 1, 1, 1),
(3, 67, 11, 1, 1),
(3, 77, 1, 1, 1),
(3, 80, 2, 0, 1),
(3, 85, 13, 1, 1),
(3, 122, 5, 1, 1),
(3, 126, 9, 1, 1),
(3, 135, 1, 0, 1),
(3, 137, 8, 0, 1),
(3, 141, 7, 1, 1),
(3, 144, 6, 1, 1),
(3, 229, 13, 0, 1),
(3, 237, 4, 1, 1),
(3, 250, 1, 0, 1),
(3, 253, 14, 1, 1),
(3, 262, 15, 1, 1),
(3, 312, 5, 1, 1),
(4, 7, 1, 0, 1),
(4, 20, 15, 0, 1),
(4, 41, 9, 1, 1),
(4, 47, 1, 1, 1),
(4, 80, 2, 0, 1),
(4, 92, 2, 1, 1),
(4, 102, 7, 1, 1),
(4, 122, 10, 1, 1),
(4, 135, 1, 0, 1),
(4, 137, 8, 0, 1),
(4, 150, 1, 1, 1),
(4, 157, 9, 1, 1),
(4, 158, 8, 1, 1),
(4, 160, 15, 1, 1),
(4, 178, 13, 1, 1),
(4, 197, 12, 1, 1),
(4, 212, 6, 1, 1),
(4, 225, 3, 1, 1),
(4, 229, 13, 0, 1),
(4, 230, 11, 1, 1),
(4, 237, 4, 1, 1),
(4, 243, 14, 1, 1),
(4, 246, 1, 1, 1),
(4, 263, 5, 1, 1),
(4, 312, 5, 1, 1),
(5, 11, 12, 1, 1),
(5, 20, 15, 0, 1),
(5, 52, 5, 1, 1),
(5, 80, 2, 0, 1),
(5, 83, 15, 1, 1),
(5, 89, 4, 1, 1),
(5, 90, 3, 1, 1),
(5, 106, 2, 1, 1),
(5, 135, 1, 0, 1),
(5, 137, 8, 0, 1),
(5, 152, 9, 1, 1),
(5, 159, 14, 1, 1),
(5, 172, 10, 1, 1),
(5, 181, 1, 1, 1),
(5, 182, 8, 1, 1),
(5, 186, 9, 1, 1),
(5, 207, 1, 1, 1),
(5, 209, 1, 0, 1),
(5, 223, 11, 1, 1),
(5, 224, 13, 1, 1),
(5, 229, 13, 0, 1),
(5, 234, 6, 1, 1),
(5, 237, 1, 1, 1),
(5, 252, 7, 1, 1),
(5, 312, 5, 1, 1),
(6, 20, 15, 0, 1),
(6, 61, 3, 1, 1),
(6, 63, 10, 1, 1),
(6, 64, 13, 1, 1),
(6, 75, 2, 1, 1),
(6, 80, 2, 0, 1),
(6, 100, 4, 1, 1),
(6, 101, 7, 1, 1),
(6, 116, 5, 1, 1),
(6, 127, 12, 1, 1),
(6, 135, 1, 0, 1),
(6, 137, 8, 0, 1),
(6, 154, 8, 1, 1),
(6, 164, 14, 1, 1),
(6, 181, 1, 1, 1),
(6, 187, 9, 1, 1),
(6, 190, 15, 1, 1),
(6, 207, 1, 1, 1),
(6, 209, 1, 0, 1),
(6, 229, 13, 0, 1),
(6, 236, 11, 1, 1),
(6, 237, 1, 1, 1),
(6, 248, 6, 1, 1),
(6, 303, 9, 1, 1),
(6, 312, 5, 1, 1),
(7, 19, 3, 1, 1),
(7, 20, 15, 0, 1),
(7, 80, 2, 0, 1),
(7, 112, 2, 1, 1),
(7, 135, 1, 0, 1),
(7, 137, 8, 0, 1),
(7, 139, 6, 1, 1),
(7, 149, 13, 1, 1),
(7, 164, 14, 1, 1),
(7, 166, 11, 1, 1),
(7, 167, 8, 1, 1),
(7, 168, 9, 1, 1),
(7, 181, 1, 1, 1),
(7, 205, 15, 1, 1),
(7, 207, 1, 1, 1),
(7, 209, 1, 0, 1),
(7, 210, 7, 1, 1),
(7, 211, 5, 1, 1),
(7, 214, 4, 1, 1),
(7, 223, 9, 1, 1),
(7, 224, 10, 1, 1),
(7, 229, 13, 0, 1),
(7, 237, 1, 1, 1),
(7, 272, 12, 1, 1),
(7, 312, 5, 1, 1),
(8, 19, 6, 1, 1),
(8, 20, 15, 0, 1),
(8, 22, 1, 1, 1),
(8, 45, 14, 1, 1),
(8, 50, 1, 1, 1),
(8, 62, 12, 1, 1),
(8, 63, 11, 1, 1),
(8, 80, 2, 0, 1),
(8, 85, 13, 1, 1),
(8, 99, 5, 1, 1),
(8, 135, 1, 0, 1),
(8, 137, 8, 0, 1),
(8, 145, 10, 1, 1),
(8, 186, 8, 1, 1),
(8, 190, 15, 1, 1),
(8, 201, 1, 1, 1),
(8, 206, 2, 1, 1),
(8, 217, 3, 1, 1),
(8, 222, 7, 1, 1),
(8, 229, 13, 0, 1),
(8, 237, 4, 1, 1),
(8, 241, 9, 1, 1),
(8, 242, 1, 1, 1),
(8, 248, 9, 0, 1),
(8, 312, 5, 1, 1),
(9, 3, 15, 1, 1),
(9, 5, 1, 1, 1),
(9, 20, 15, 0, 1),
(9, 27, 5, 1, 1),
(9, 28, 1, 1, 1),
(9, 39, 12, 1, 1),
(9, 59, 8, 1, 1),
(9, 80, 2, 0, 1),
(9, 105, 1, 1, 1),
(9, 120, 2, 1, 1),
(9, 135, 1, 0, 1),
(9, 137, 8, 0, 1),
(9, 141, 9, 1, 1),
(9, 150, 1, 1, 1),
(9, 157, 7, 1, 1),
(9, 178, 13, 1, 1),
(9, 189, 9, 0, 1),
(9, 198, 3, 1, 1),
(9, 219, 6, 1, 1),
(9, 229, 13, 0, 1),
(9, 237, 4, 1, 1),
(9, 239, 10, 1, 1),
(9, 245, 14, 1, 1),
(9, 273, 11, 1, 1),
(9, 312, 5, 1, 1),
(10, 20, 15, 0, 1),
(10, 46, 13, 1, 1),
(10, 62, 12, 1, 1),
(10, 70, 6, 1, 1),
(10, 80, 2, 0, 1),
(10, 98, 15, 1, 1),
(10, 123, 2, 1, 1),
(10, 129, 9, 1, 1),
(10, 135, 1, 0, 1),
(10, 137, 8, 0, 1),
(10, 148, 1, 1, 1),
(10, 150, 1, 1, 1),
(10, 162, 14, 1, 1),
(10, 169, 1, 1, 1),
(10, 171, 9, 0, 1),
(10, 176, 11, 1, 1),
(10, 183, 7, 1, 1),
(10, 184, 3, 1, 1),
(10, 189, 8, 1, 1),
(10, 192, 5, 1, 1),
(10, 229, 13, 0, 1),
(10, 231, 1, 1, 1),
(10, 237, 4, 1, 1),
(10, 265, 10, 1, 1),
(10, 312, 5, 1, 1),
(11, 18, 11, 1, 1),
(11, 20, 15, 0, 1),
(11, 45, 12, 1, 1),
(11, 50, 1, 0, 1),
(11, 71, 5, 1, 1),
(11, 80, 2, 0, 1),
(11, 101, 9, 1, 1),
(11, 114, 14, 1, 1),
(11, 118, 9, 1, 1),
(11, 135, 1, 0, 1),
(11, 137, 8, 0, 1),
(11, 146, 1, 1, 1),
(11, 170, 1, 1, 1),
(11, 187, 10, 1, 1),
(11, 190, 13, 1, 1),
(11, 201, 1, 1, 1),
(11, 202, 6, 1, 1),
(11, 222, 7, 1, 1),
(11, 226, 3, 1, 1),
(11, 229, 13, 0, 1),
(11, 237, 4, 1, 1),
(11, 244, 2, 1, 1),
(11, 248, 8, 1, 1),
(11, 300, 15, 1, 1),
(11, 312, 5, 1, 1),
(12, 20, 15, 0, 1),
(12, 24, 9, 0, 1),
(12, 25, 9, 1, 1),
(12, 31, 8, 1, 1),
(12, 33, 11, 1, 1),
(12, 54, 15, 1, 1),
(12, 64, 13, 1, 1),
(12, 80, 2, 0, 1),
(12, 91, 1, 1, 1),
(12, 93, 3, 1, 1),
(12, 96, 5, 1, 1),
(12, 107, 1, 1, 1),
(12, 132, 7, 1, 1),
(12, 134, 2, 1, 1),
(12, 135, 1, 0, 1),
(12, 137, 8, 0, 1),
(12, 153, 1, 1, 1),
(12, 183, 6, 1, 1),
(12, 204, 10, 1, 1),
(12, 206, 1, 1, 1),
(12, 228, 14, 1, 1),
(12, 229, 13, 0, 1),
(12, 237, 4, 1, 1),
(12, 249, 12, 1, 1),
(12, 312, 5, 1, 1),
(13, 12, 2, 1, 1),
(13, 20, 15, 0, 1),
(13, 21, 14, 1, 1),
(13, 22, 1, 1, 1),
(13, 51, 7, 1, 1),
(13, 79, 5, 1, 1),
(13, 80, 2, 0, 1),
(13, 84, 8, 1, 1),
(13, 135, 1, 0, 1),
(13, 137, 8, 0, 1),
(13, 138, 6, 1, 1),
(13, 150, 1, 1, 1),
(13, 162, 15, 1, 1),
(13, 174, 13, 1, 1),
(13, 189, 9, 1, 1),
(13, 200, 11, 1, 1),
(13, 213, 10, 1, 1),
(13, 229, 13, 0, 1),
(13, 237, 4, 1, 1),
(13, 250, 1, 1, 1),
(13, 251, 12, 1, 1),
(13, 256, 9, 0, 1),
(13, 270, 1, 1, 1),
(13, 271, 3, 1, 1),
(13, 312, 5, 1, 1),
(14, 20, 15, 0, 1),
(14, 66, 3, 1, 1),
(14, 78, 9, 1, 1),
(14, 80, 2, 0, 1),
(14, 87, 15, 1, 1),
(14, 88, 14, 1, 1),
(14, 104, 10, 1, 1),
(14, 110, 8, 1, 1),
(14, 111, 1, 1, 1),
(14, 121, 1, 1, 1),
(14, 130, 12, 1, 1),
(14, 131, 9, 1, 1),
(14, 134, 2, 1, 1),
(14, 135, 1, 0, 1),
(14, 137, 8, 0, 1),
(14, 141, 7, 1, 1),
(14, 150, 1, 0, 1),
(14, 203, 11, 1, 1),
(14, 215, 13, 1, 1),
(14, 216, 6, 1, 1),
(14, 218, 1, 1, 1),
(14, 229, 13, 0, 1),
(14, 233, 5, 1, 1),
(14, 237, 4, 1, 1),
(14, 312, 5, 1, 1),
(15, 19, 2, 1, 1),
(15, 20, 15, 0, 1),
(15, 36, 3, 1, 1),
(15, 43, 11, 1, 1),
(15, 80, 2, 0, 1),
(15, 86, 15, 1, 1),
(15, 125, 7, 1, 1),
(15, 134, 5, 1, 1),
(15, 135, 1, 0, 1),
(15, 137, 8, 0, 1),
(15, 149, 10, 1, 1),
(15, 164, 14, 1, 1),
(15, 179, 9, 1, 1),
(15, 181, 1, 1, 1),
(15, 183, 8, 1, 1),
(15, 207, 1, 1, 1),
(15, 209, 1, 0, 1),
(15, 218, 6, 1, 1),
(15, 229, 13, 0, 1),
(15, 237, 1, 1, 1),
(15, 248, 9, 1, 1),
(15, 257, 13, 1, 1),
(15, 272, 12, 1, 1),
(15, 309, 4, 1, 1),
(15, 312, 5, 1, 1),
(16, 11, 13, 1, 1),
(16, 19, 2, 1, 1),
(16, 20, 15, 0, 1),
(16, 38, 9, 1, 1),
(16, 80, 2, 0, 1),
(16, 93, 5, 1, 1),
(16, 106, 4, 1, 1),
(16, 112, 10, 1, 1),
(16, 135, 1, 0, 1),
(16, 137, 8, 0, 1),
(16, 139, 7, 1, 1),
(16, 164, 15, 1, 1),
(16, 172, 11, 1, 1),
(16, 186, 8, 1, 1),
(16, 195, 6, 1, 1),
(16, 207, 1, 1, 1),
(16, 209, 1, 0, 1),
(16, 214, 3, 1, 1),
(16, 223, 9, 1, 1),
(16, 224, 12, 1, 1),
(16, 229, 13, 0, 1),
(16, 237, 1, 1, 1),
(16, 248, 14, 1, 1),
(16, 275, 1, 1, 1),
(16, 312, 5, 1, 1),
(17, 19, 1, 1, 1),
(17, 20, 15, 0, 1),
(17, 22, 1, 1, 1),
(17, 25, 9, 1, 1),
(17, 29, 11, 1, 1),
(17, 54, 13, 1, 1),
(17, 64, 12, 1, 1),
(17, 80, 2, 0, 1),
(17, 135, 1, 0, 1),
(17, 137, 8, 0, 1),
(17, 138, 6, 1, 1),
(17, 141, 5, 1, 1),
(17, 142, 9, 1, 1),
(17, 150, 1, 0, 1),
(17, 166, 14, 1, 1),
(17, 192, 7, 1, 1),
(17, 213, 10, 1, 1),
(17, 218, 1, 1, 1),
(17, 229, 13, 0, 1),
(17, 233, 8, 1, 1),
(17, 237, 4, 1, 1),
(17, 242, 2, 1, 1),
(17, 276, 15, 1, 1),
(17, 277, 3, 1, 1),
(17, 312, 5, 1, 1),
(18, 20, 15, 0, 1),
(18, 39, 13, 1, 1),
(18, 50, 1, 1, 1),
(18, 62, 12, 1, 1),
(18, 80, 2, 0, 1),
(18, 96, 6, 1, 1),
(18, 119, 5, 1, 1),
(18, 120, 8, 1, 1),
(18, 135, 1, 0, 1),
(18, 137, 8, 0, 1),
(18, 138, 11, 1, 1),
(18, 150, 1, 1, 1),
(18, 169, 1, 0, 1),
(18, 171, 9, 1, 1),
(18, 176, 14, 1, 1),
(18, 189, 10, 1, 1),
(18, 192, 7, 1, 1),
(18, 229, 13, 0, 1),
(18, 237, 4, 1, 1),
(18, 256, 15, 1, 1),
(18, 259, 9, 1, 1),
(18, 279, 3, 1, 1),
(18, 285, 1, 1, 1),
(18, 286, 2, 1, 1),
(18, 312, 5, 1, 1),
(19, 20, 15, 0, 1),
(19, 135, 1, 0, 1),
(19, 137, 8, 0, 1),
(19, 229, 13, 0, 1),
(19, 254, 1, 0, 1),
(19, 312, 5, 1, 1),
(20, 20, 15, 0, 1),
(20, 25, 10, 1, 1),
(20, 46, 14, 1, 1),
(20, 61, 6, 1, 1),
(20, 63, 11, 1, 1),
(20, 68, 8, 1, 1),
(20, 80, 2, 0, 1),
(20, 91, 2, 1, 1),
(20, 96, 7, 1, 1),
(20, 119, 9, 1, 1),
(20, 127, 12, 1, 1),
(20, 135, 1, 0, 1),
(20, 136, 5, 1, 1),
(20, 137, 8, 0, 1),
(20, 153, 1, 1, 1),
(20, 190, 15, 1, 1),
(20, 202, 9, 1, 1),
(20, 206, 1, 0, 1),
(20, 229, 13, 0, 1),
(20, 237, 4, 1, 1),
(20, 249, 13, 1, 1),
(20, 269, 3, 1, 1),
(20, 283, 1, 1, 1),
(20, 288, 1, 1, 1),
(20, 312, 5, 1, 1),
(21, 2, 1, 0, 1),
(21, 12, 2, 1, 1),
(21, 20, 15, 0, 1),
(21, 21, 15, 1, 1),
(21, 22, 1, 1, 1),
(21, 79, 8, 1, 1),
(21, 80, 2, 0, 1),
(21, 84, 9, 1, 1),
(21, 129, 10, 1, 1),
(21, 135, 1, 0, 1),
(21, 137, 8, 0, 1),
(21, 138, 6, 1, 1),
(21, 150, 1, 1, 1),
(21, 174, 14, 1, 1),
(21, 189, 9, 1, 1),
(21, 213, 13, 1, 1),
(21, 216, 7, 1, 1),
(21, 229, 13, 0, 1),
(21, 237, 4, 1, 1),
(21, 256, 12, 1, 1),
(21, 265, 11, 1, 1),
(21, 270, 3, 1, 1),
(21, 280, 1, 1, 1),
(21, 282, 5, 1, 1),
(21, 312, 5, 1, 1),
(22, 4, 1, 1, 1),
(22, 20, 15, 0, 1),
(22, 22, 1, 1, 1),
(22, 38, 6, 1, 1),
(22, 45, 12, 1, 1),
(22, 57, 1, 0, 1),
(22, 61, 7, 1, 1),
(22, 62, 13, 1, 1),
(22, 80, 2, 0, 1),
(22, 85, 14, 1, 1),
(22, 95, 8, 1, 1),
(22, 99, 5, 1, 1),
(22, 114, 15, 1, 1),
(22, 135, 1, 0, 1),
(22, 137, 8, 0, 1),
(22, 139, 9, 1, 1),
(22, 186, 11, 1, 1),
(22, 195, 9, 1, 1),
(22, 229, 13, 0, 1),
(22, 237, 4, 1, 1),
(22, 241, 10, 1, 1),
(22, 278, 1, 1, 1),
(22, 283, 2, 1, 1),
(22, 287, 3, 1, 1),
(22, 312, 5, 1, 1),
(23, 4, 5, 1, 1),
(23, 20, 15, 0, 1),
(23, 44, 1, 1, 1),
(23, 45, 11, 1, 1),
(23, 50, 1, 1, 1),
(23, 57, 2, 1, 1),
(23, 60, 12, 1, 1),
(23, 67, 13, 1, 1),
(23, 77, 7, 1, 1),
(23, 80, 2, 0, 1),
(23, 84, 9, 1, 1),
(23, 135, 1, 0, 1),
(23, 137, 8, 0, 1),
(23, 144, 6, 1, 1),
(23, 156, 1, 0, 1),
(23, 173, 8, 1, 1),
(23, 186, 9, 1, 1),
(23, 213, 14, 1, 1),
(23, 229, 13, 0, 1),
(23, 237, 4, 1, 1),
(23, 241, 10, 1, 1),
(23, 242, 1, 1, 1),
(23, 253, 15, 1, 1),
(23, 271, 3, 1, 1),
(23, 312, 5, 1, 1),
(24, 20, 15, 0, 1),
(24, 80, 2, 0, 1),
(24, 135, 1, 0, 1),
(24, 137, 8, 0, 1),
(24, 141, 10, 1, 1),
(24, 146, 1, 0, 1),
(24, 150, 1, 1, 1),
(24, 186, 13, 1, 1),
(24, 229, 13, 0, 1),
(24, 237, 4, 1, 1),
(24, 255, 14, 1, 1),
(24, 256, 15, 1, 1),
(24, 291, 9, 1, 1),
(24, 293, 2, 1, 1),
(24, 294, 1, 1, 1),
(24, 295, 6, 1, 1),
(24, 299, 9, 1, 1),
(24, 300, 12, 1, 1),
(24, 301, 7, 1, 1),
(24, 302, 3, 1, 1),
(24, 303, 8, 1, 1),
(24, 304, 11, 1, 1),
(24, 306, 1, 1, 1),
(24, 307, 5, 1, 1),
(24, 312, 5, 1, 1),
(25, 12, 3, 1, 1),
(25, 20, 15, 0, 1),
(25, 22, 1, 1, 1),
(25, 28, 1, 0, 1),
(25, 59, 8, 1, 1),
(25, 80, 2, 0, 1),
(25, 117, 5, 1, 1),
(25, 135, 1, 0, 1),
(25, 137, 8, 0, 1),
(25, 138, 6, 1, 1),
(25, 141, 9, 1, 1),
(25, 150, 1, 1, 1),
(25, 162, 15, 1, 1),
(25, 189, 9, 1, 1),
(25, 198, 2, 1, 1),
(25, 219, 7, 1, 1),
(25, 220, 13, 1, 1),
(25, 229, 13, 0, 1),
(25, 237, 4, 1, 1),
(25, 250, 1, 1, 1),
(25, 255, 14, 1, 1),
(25, 256, 11, 1, 1),
(25, 260, 12, 1, 1),
(25, 290, 10, 1, 1),
(25, 312, 5, 1, 1),
(26, 20, 15, 0, 1),
(26, 21, 14, 1, 1),
(26, 59, 8, 1, 1),
(26, 80, 2, 0, 1),
(26, 83, 12, 1, 1),
(26, 90, 1, 0, 1),
(26, 135, 1, 0, 1),
(26, 137, 8, 0, 1),
(26, 138, 6, 1, 1),
(26, 139, 2, 1, 1),
(26, 149, 9, 1, 1),
(26, 172, 10, 1, 1),
(26, 186, 13, 1, 1),
(26, 189, 7, 1, 1),
(26, 213, 9, 1, 1),
(26, 228, 15, 1, 1),
(26, 229, 13, 0, 1),
(26, 237, 4, 1, 1),
(26, 250, 1, 1, 1),
(26, 252, 1, 1, 1),
(26, 256, 11, 1, 1),
(26, 290, 1, 1, 1),
(26, 310, 3, 1, 1),
(26, 311, 5, 1, 1),
(26, 312, 5, 1, 1),
(27, 20, 15, 0, 1),
(27, 24, 9, 1, 1),
(27, 36, 2, 1, 1),
(27, 63, 10, 1, 1),
(27, 64, 14, 1, 1),
(27, 68, 6, 1, 1),
(27, 80, 2, 0, 1),
(27, 96, 5, 1, 1),
(27, 99, 3, 1, 1),
(27, 127, 12, 1, 1),
(27, 134, 1, 1, 1),
(27, 135, 1, 0, 1),
(27, 136, 8, 1, 1),
(27, 137, 8, 0, 1),
(27, 145, 11, 1, 1),
(27, 154, 9, 0, 1),
(27, 180, 1, 1, 1),
(27, 187, 13, 1, 1),
(27, 206, 1, 1, 1),
(27, 228, 15, 1, 1),
(27, 229, 13, 0, 1),
(27, 237, 4, 1, 1),
(27, 248, 7, 1, 1),
(27, 309, 1, 1, 1),
(27, 312, 5, 1, 1);

-- --------------------------------------------------------

--
-- Table structure for table `ed_core_talents_v3`
--

CREATE TABLE `ed_core_talents_v3` (
  `id` int(10) UNSIGNED NOT NULL,
  `discipline_id` tinyint(3) UNSIGNED NOT NULL,
  `talent_id` smallint(5) UNSIGNED NOT NULL,
  `circle` tinyint(2) UNSIGNED NOT NULL
) ENGINE=InnoDB DEFAULT CHARSET=utf8mb4 COLLATE=utf8mb4_unicode_ci;

--
-- Dumping data for table `ed_core_talents_v3`
--

INSERT INTO `ed_core_talents_v3` (`id`, `discipline_id`, `talent_id`, `circle`) VALUES
(1, 1, 4, 1),
(2, 1, 15, 1),
(3, 1, 28, 1),
(4, 1, 85, 1),
(5, 1, 95, 1),
(6, 1, 44, 2),
(7, 1, 54, 3),
(8, 1, 147, 1),
(9, 1, 140, 5),
(10, 1, 178, 6),
(11, 1, 112, 7),
(12, 1, 87, 8),
(13, 2, 85, 1),
(14, 2, 97, 1),
(15, 2, 101, 1),
(16, 2, 162, 1),
(17, 2, 167, 1),
(18, 2, 39, 2),
(19, 2, 11, 3),
(20, 2, 148, 1),
(21, 2, 135, 5),
(22, 2, 16, 6),
(23, 2, 82, 7),
(24, 2, 117, 8),
(25, 3, 6, 1),
(26, 3, 27, 1),
(27, 3, 33, 1),
(28, 3, 85, 1),
(29, 3, 169, 1),
(30, 3, 45, 2),
(31, 3, 10, 3),
(32, 3, 149, 1),
(33, 3, 77, 5),
(34, 3, 9, 6),
(35, 3, 8, 7),
(36, 3, 70, 8),
(37, 18, 28, 1),
(38, 18, 85, 1),
(39, 18, 95, 1),
(40, 18, 203, 1),
(41, 18, 210, 1),
(42, 18, 188, 2),
(43, 18, 205, 3),
(44, 18, 224, 1),
(45, 18, 140, 5),
(46, 18, 90, 6),
(47, 18, 118, 7),
(48, 18, 41, 8),
(49, 4, 6, 1),
(50, 4, 26, 1),
(51, 4, 85, 1),
(52, 4, 95, 1),
(53, 4, 166, 1),
(54, 4, 53, 2),
(55, 4, 137, 3),
(56, 4, 150, 1),
(57, 4, 171, 5),
(58, 4, 13, 6),
(59, 4, 172, 7),
(60, 4, 46, 8),
(61, 5, 5, 1),
(62, 5, 85, 1),
(63, 5, 110, 1),
(64, 5, 126, 1),
(65, 5, 125, 1),
(66, 5, 151, 1),
(67, 5, 65, 2),
(68, 5, 51, 3),
(69, 5, 50, 4),
(70, 5, 136, 5),
(71, 5, 30, 6),
(72, 5, 49, 7),
(73, 5, 145, 8),
(74, 17, 14, 1),
(75, 17, 187, 1),
(76, 17, 85, 1),
(77, 17, 95, 1),
(78, 17, 133, 1),
(79, 17, 1, 2),
(80, 17, 182, 3),
(81, 17, 225, 1),
(82, 17, 90, 5),
(83, 17, 181, 6),
(84, 17, 88, 7),
(85, 17, 116, 8),
(86, 6, 85, 1),
(87, 6, 110, 1),
(88, 6, 124, 1),
(89, 6, 126, 1),
(90, 6, 125, 1),
(91, 6, 152, 1),
(92, 6, 43, 2),
(93, 6, 35, 3),
(94, 6, 60, 4),
(95, 6, 168, 5),
(96, 6, 55, 6),
(97, 6, 62, 7),
(98, 6, 108, 8),
(99, 19, 85, 1),
(101, 19, 226, 1),
(102, 24, 197, 1),
(103, 24, 85, 1),
(104, 24, 92, 1),
(105, 24, 95, 1),
(106, 24, 304, 1),
(107, 24, 196, 2),
(108, 24, 207, 3),
(109, 24, 227, 1),
(110, 24, 195, 5),
(111, 24, 201, 6),
(112, 24, 280, 7),
(113, 24, 108, 8),
(114, 7, 14, 1),
(115, 7, 85, 1),
(116, 7, 110, 1),
(117, 7, 126, 1),
(118, 7, 125, 1),
(119, 7, 153, 1),
(120, 7, 71, 2),
(121, 7, 130, 3),
(122, 7, 128, 4),
(123, 7, 136, 5),
(124, 7, 89, 6),
(125, 7, 127, 7),
(126, 7, 103, 8),
(127, 25, 15, 1),
(128, 25, 18, 1),
(129, 25, 85, 1),
(130, 25, 95, 1),
(131, 25, 169, 1),
(132, 25, 121, 2),
(133, 25, 139, 3),
(134, 25, 229, 1),
(135, 25, 64, 5),
(136, 25, 88, 6),
(137, 25, 134, 7),
(138, 25, 116, 8),
(139, 26, 185, 1),
(140, 26, 189, 1),
(141, 26, 85, 1),
(142, 26, 169, 1),
(143, 26, 178, 1),
(144, 26, 89, 2),
(145, 26, 130, 3),
(146, 26, 215, 1),
(147, 26, 192, 5),
(148, 26, 88, 6),
(149, 26, 34, 7),
(150, 26, 98, 8),
(151, 8, 28, 1),
(152, 8, 85, 1),
(153, 8, 115, 1),
(154, 8, 164, 1),
(155, 8, 173, 1),
(156, 8, 124, 2),
(157, 8, 102, 3),
(158, 8, 154, 1),
(159, 8, 59, 5),
(160, 8, 14, 6),
(161, 8, 54, 7),
(162, 8, 114, 8),
(163, 16, 190, 1),
(164, 16, 85, 1),
(165, 16, 126, 1),
(166, 16, 208, 1),
(167, 16, 216, 1),
(168, 16, 173, 1),
(169, 16, 14, 2),
(170, 16, 130, 3),
(171, 16, 128, 4),
(172, 16, 136, 5),
(173, 16, 20, 6),
(174, 16, 87, 7),
(175, 16, 114, 8),
(176, 9, 4, 1),
(177, 9, 18, 1),
(178, 9, 64, 1),
(179, 9, 85, 1),
(180, 9, 95, 1),
(181, 9, 75, 2),
(182, 9, 121, 3),
(183, 9, 155, 1),
(184, 9, 17, 5),
(185, 9, 134, 6),
(186, 9, 98, 7),
(187, 9, 47, 8),
(188, 10, 85, 1),
(189, 10, 94, 1),
(190, 10, 95, 1),
(191, 10, 104, 1),
(192, 10, 142, 1),
(193, 10, 78, 2),
(194, 10, 113, 3),
(195, 10, 156, 1),
(196, 10, 118, 5),
(197, 10, 41, 6),
(198, 10, 112, 7),
(199, 10, 116, 8),
(200, 11, 85, 1),
(201, 11, 92, 1),
(202, 11, 106, 1),
(203, 11, 122, 1),
(204, 11, 165, 1),
(205, 11, 36, 2),
(206, 11, 42, 3),
(207, 11, 157, 1),
(208, 11, 120, 5),
(209, 11, 123, 6),
(210, 11, 62, 7),
(211, 11, 168, 8),
(212, 27, 84, 1),
(213, 27, 85, 1),
(214, 27, 109, 1),
(215, 27, 111, 1),
(216, 27, 124, 1),
(217, 27, 21, 1),
(218, 27, 22, 1),
(219, 27, 219, 1),
(220, 27, 179, 5),
(221, 27, 91, 6),
(222, 27, 114, 7),
(223, 27, 168, 8),
(224, 12, 66, 1),
(225, 12, 81, 1),
(226, 12, 84, 1),
(227, 12, 85, 1),
(228, 12, 96, 1),
(229, 12, 43, 2),
(230, 12, 54, 3),
(231, 12, 158, 1),
(232, 12, 83, 5),
(233, 12, 112, 6),
(234, 12, 87, 7),
(235, 12, 90, 8),
(236, 13, 15, 1),
(237, 13, 85, 1),
(238, 13, 95, 1),
(239, 13, 169, 1),
(240, 13, 177, 1),
(241, 13, 11, 2),
(242, 13, 178, 3),
(243, 13, 159, 1),
(244, 13, 144, 5),
(245, 13, 88, 6),
(246, 13, 34, 7),
(247, 13, 116, 8),
(248, 14, 58, 1),
(249, 14, 69, 1),
(250, 14, 76, 1),
(251, 14, 85, 1),
(252, 14, 133, 1),
(253, 14, 84, 2),
(254, 14, 1, 3),
(255, 14, 160, 1),
(256, 14, 144, 5),
(257, 14, 90, 6),
(258, 14, 131, 7),
(259, 14, 68, 8),
(260, 20, 32, 1),
(261, 20, 57, 1),
(262, 20, 85, 1),
(263, 20, 142, 1),
(264, 20, 212, 1),
(265, 20, 38, 2),
(266, 20, 184, 3),
(267, 20, 220, 1),
(268, 20, 112, 5),
(269, 20, 74, 6),
(270, 20, 87, 7),
(271, 20, 80, 8),
(272, 21, 3, 1),
(273, 21, 15, 1),
(274, 21, 191, 1),
(275, 21, 85, 1),
(276, 21, 95, 1),
(277, 21, 11, 2),
(278, 21, 186, 3),
(279, 21, 221, 1),
(280, 21, 131, 5),
(281, 21, 88, 6),
(282, 21, 98, 7),
(283, 21, 116, 8),
(284, 22, 15, 1),
(285, 22, 59, 1),
(286, 22, 85, 1),
(287, 22, 164, 1),
(288, 22, 173, 1),
(289, 22, 115, 2),
(290, 22, 300, 3),
(291, 22, 222, 1),
(292, 22, 184, 5),
(293, 22, 260, 6),
(294, 22, 120, 7),
(295, 22, 114, 8),
(296, 15, 14, 1),
(297, 15, 85, 1),
(298, 15, 110, 1),
(299, 15, 126, 1),
(300, 15, 125, 1),
(301, 15, 161, 1),
(302, 15, 109, 2),
(303, 15, 21, 3),
(304, 15, 111, 4),
(305, 15, 133, 5),
(306, 15, 22, 6),
(307, 15, 112, 7),
(308, 15, 79, 8),
(309, 23, 15, 1),
(310, 23, 85, 1),
(311, 23, 97, 1),
(312, 23, 122, 1),
(313, 23, 164, 1),
(314, 23, 177, 2),
(315, 23, 178, 3),
(316, 23, 223, 1),
(317, 23, 11, 5),
(318, 23, 114, 6),
(319, 23, 135, 7),
(320, 23, 90, 8),
(321, 1, 175, 4),
(322, 2, 93, 4),
(323, 3, 23, 4),
(324, 4, 20, 4),
(325, 8, 132, 4),
(326, 9, 175, 4),
(327, 10, 11, 4),
(328, 11, 138, 4),
(329, 12, 86, 4),
(330, 13, 163, 4),
(331, 14, 178, 4),
(332, 17, 78, 4),
(333, 18, 139, 4),
(334, 20, 54, 4),
(335, 21, 44, 4),
(336, 22, 89, 4),
(337, 23, 33, 4),
(338, 24, 31, 4),
(339, 25, 94, 4),
(340, 26, 139, 4);

-- --------------------------------------------------------

--
-- Table structure for table `ed_disciplines`
--

CREATE TABLE `ed_disciplines` (
  `id` tinyint(3) UNSIGNED NOT NULL,
  `name` varchar(20) COLLATE utf8mb4_unicode_ci NOT NULL
) ENGINE=InnoDB DEFAULT CHARSET=utf8mb4 COLLATE=utf8mb4_unicode_ci;

--
-- Dumping data for table `ed_disciplines`
--

INSERT INTO `ed_disciplines` (`id`, `name`) VALUES
(1, 'Air Sailor'),
(2, 'Archer'),
(3, 'Beastmaster'),
(18, 'Boatman'),
(4, 'Cavalryman'),
(5, 'Elementalist'),
(17, 'Horror Stalker'),
(6, 'Illusionist'),
(19, 'Journeyman'),
(24, 'Liberator'),
(7, 'Nethermancer'),
(25, 'Outcast Warrior'),
(26, 'Purifier'),
(8, 'Scout'),
(16, 'Shaman'),
(9, 'Sky Raider'),
(10, 'Swordmaster'),
(11, 'Thief'),
(27, 'Traveled Scholar'),
(12, 'Troubadour'),
(13, 'Warrior'),
(14, 'Weaponsmith'),
(20, 'Wind-Dancer'),
(21, 'Windmaster'),
(22, 'Windscout'),
(15, 'Wizard'),
(23, 'Woodsman');

-- --------------------------------------------------------

--
-- Table structure for table `ed_discipline_abilities_v3`
--

CREATE TABLE `ed_discipline_abilities_v3` (
  `id` int(10) UNSIGNED NOT NULL,
  `discipline_id` tinyint(3) UNSIGNED NOT NULL,
  `ability_id` int(10) UNSIGNED NOT NULL,
  `circle` tinyint(3) UNSIGNED NOT NULL
) ENGINE=InnoDB DEFAULT CHARSET=utf8mb4 COLLATE=utf8mb4_unicode_ci;

--
-- Dumping data for table `ed_discipline_abilities_v3`
--

INSERT INTO `ed_discipline_abilities_v3` (`id`, `discipline_id`, `ability_id`, `circle`) VALUES
(1, 1, 9, 2),
(2, 1, 1, 4),
(3, 1, 21, 5),
(6, 1, 6, 6),
(7, 1, 22, 7),
(8, 1, 9, 8),
(9, 1, 23, 9),
(10, 1, 12, 9),
(11, 1, 9, 10),
(12, 1, 4, 10),
(13, 1, 11, 11),
(14, 1, 10, 11),
(15, 1, 20, 11),
(16, 1, 9, 12),
(17, 1, 13, 12),
(18, 1, 19, 13),
(19, 1, 11, 13),
(20, 1, 18, 13),
(21, 1, 9, 14),
(22, 1, 20, 14),
(23, 1, 11, 15),
(24, 1, 10, 15),
(25, 1, 13, 15),
(26, 2, 9, 2),
(27, 2, 1, 4),
(28, 2, 24, 5),
(29, 2, 4, 6),
(30, 2, 7, 7),
(31, 2, 25, 7),
(32, 2, 9, 8),
(33, 2, 26, 9),
(34, 2, 12, 9),
(35, 2, 9, 10),
(36, 2, 13, 10),
(37, 2, 10, 11),
(38, 2, 11, 11),
(39, 2, 20, 11),
(40, 2, 9, 12),
(41, 2, 13, 12),
(42, 2, 27, 13),
(43, 2, 10, 13),
(44, 2, 18, 13),
(45, 2, 9, 14),
(46, 2, 13, 14),
(47, 2, 10, 15),
(48, 2, 11, 15),
(49, 2, 20, 15),
(50, 3, 9, 2),
(51, 3, 6, 4),
(52, 3, 28, 5),
(53, 3, 5, 6),
(54, 3, 29, 7),
(55, 3, 9, 8),
(56, 3, 30, 9),
(57, 3, 12, 9),
(58, 3, 9, 10),
(59, 3, 20, 10),
(60, 3, 11, 11),
(61, 3, 10, 11),
(62, 3, 3, 11),
(63, 3, 9, 12),
(64, 3, 13, 12),
(65, 3, 31, 13),
(66, 3, 11, 13),
(67, 3, 18, 13),
(68, 3, 9, 14),
(69, 3, 20, 14),
(70, 3, 11, 15),
(71, 3, 10, 15),
(72, 4, 9, 2),
(73, 4, 6, 4),
(74, 4, 32, 5),
(75, 4, 1, 6),
(76, 4, 33, 7),
(77, 4, 9, 8),
(78, 4, 34, 9),
(79, 4, 12, 9),
(80, 4, 9, 10),
(81, 4, 13, 10),
(82, 4, 11, 11),
(83, 4, 10, 11),
(84, 4, 9, 12),
(85, 4, 5, 12),
(86, 4, 35, 13),
(87, 4, 11, 13),
(88, 4, 18, 13),
(89, 4, 9, 14),
(90, 4, 14, 14),
(91, 4, 11, 15),
(92, 4, 10, 15),
(93, 5, 10, 2),
(94, 5, 4, 4),
(95, 5, 36, 5),
(96, 5, 5, 6),
(97, 5, 37, 7),
(98, 5, 10, 8),
(99, 5, 38, 9),
(100, 5, 12, 9),
(101, 5, 39, 10),
(102, 5, 10, 10),
(103, 5, 9, 11),
(104, 5, 11, 11),
(105, 5, 10, 12),
(106, 5, 13, 12),
(107, 5, 40, 13),
(108, 5, 11, 13),
(109, 5, 18, 13),
(110, 5, 10, 14),
(111, 5, 41, 14),
(112, 5, 11, 15),
(113, 5, 9, 15),
(114, 5, 13, 15),
(115, 6, 10, 2),
(116, 6, 4, 4),
(117, 6, 42, 5),
(118, 6, 5, 6),
(119, 6, 37, 7),
(120, 6, 10, 8),
(121, 6, 43, 9),
(122, 6, 12, 9),
(123, 6, 10, 10),
(124, 6, 6, 10),
(125, 6, 9, 11),
(126, 6, 11, 11),
(127, 6, 13, 11),
(128, 6, 10, 12),
(129, 6, 20, 12),
(130, 6, 44, 13),
(131, 6, 11, 13),
(132, 6, 18, 13),
(133, 6, 10, 14),
(134, 6, 14, 14),
(135, 6, 9, 15),
(136, 6, 11, 15),
(137, 7, 10, 2),
(138, 7, 5, 4),
(139, 7, 45, 5),
(140, 7, 4, 6),
(141, 7, 37, 7),
(142, 7, 10, 8),
(143, 7, 46, 9),
(144, 7, 12, 9),
(145, 7, 10, 10),
(146, 7, 39, 10),
(147, 7, 9, 11),
(148, 7, 11, 11),
(149, 7, 10, 12),
(150, 7, 20, 12),
(151, 7, 47, 13),
(152, 7, 11, 13),
(153, 7, 18, 13),
(154, 7, 10, 14),
(155, 7, 20, 14),
(156, 7, 9, 15),
(157, 7, 11, 15),
(158, 7, 14, 15),
(159, 8, 9, 2),
(160, 8, 4, 4),
(161, 8, 48, 5),
(162, 8, 1, 6),
(163, 8, 49, 7),
(164, 8, 9, 8),
(165, 8, 50, 9),
(166, 8, 12, 9),
(167, 8, 9, 10),
(168, 8, 20, 10),
(169, 8, 10, 11),
(170, 8, 11, 11),
(171, 8, 6, 11),
(172, 8, 9, 12),
(173, 8, 13, 12),
(174, 8, 51, 13),
(175, 8, 10, 13),
(176, 8, 18, 13),
(177, 8, 9, 14),
(178, 8, 20, 14),
(179, 8, 10, 15),
(180, 8, 11, 15),
(181, 8, 13, 15),
(182, 9, 9, 2),
(183, 9, 3, 4),
(184, 9, 52, 5),
(185, 9, 1, 6),
(186, 9, 8, 7),
(187, 9, 9, 8),
(188, 9, 53, 9),
(189, 9, 12, 9),
(190, 9, 9, 10),
(191, 9, 2, 10),
(192, 9, 11, 11),
(193, 9, 10, 11),
(194, 9, 9, 12),
(195, 9, 13, 12),
(196, 9, 54, 13),
(197, 9, 11, 13),
(198, 9, 18, 13),
(199, 9, 9, 14),
(200, 9, 13, 14),
(201, 9, 11, 15),
(202, 9, 10, 15),
(203, 10, 11, 2),
(204, 10, 1, 4),
(205, 10, 55, 5),
(206, 10, 6, 6),
(207, 10, 8, 7),
(208, 10, 11, 8),
(209, 10, 56, 9),
(210, 10, 12, 9),
(211, 10, 11, 10),
(212, 10, 20, 10),
(213, 10, 9, 11),
(214, 10, 10, 11),
(215, 10, 11, 12),
(216, 10, 13, 12),
(217, 10, 57, 13),
(218, 10, 9, 13),
(219, 10, 18, 13),
(220, 10, 11, 14),
(221, 10, 4, 14),
(222, 10, 9, 15),
(223, 10, 10, 15),
(224, 10, 13, 15),
(225, 11, 9, 2),
(226, 11, 1, 4),
(227, 11, 58, 5),
(228, 11, 4, 6),
(229, 11, 59, 7),
(230, 11, 9, 8),
(231, 11, 60, 9),
(232, 11, 12, 9),
(233, 11, 9, 10),
(234, 11, 13, 10),
(235, 11, 10, 11),
(236, 11, 11, 11),
(237, 11, 9, 12),
(238, 11, 20, 12),
(239, 11, 61, 13),
(240, 11, 10, 13),
(241, 11, 18, 13),
(242, 11, 9, 14),
(243, 11, 14, 14),
(244, 11, 10, 15),
(245, 11, 11, 15),
(246, 11, 20, 15),
(247, 12, 11, 2),
(248, 12, 6, 4),
(249, 12, 62, 5),
(250, 12, 4, 6),
(251, 12, 63, 7),
(252, 12, 11, 8),
(253, 12, 64, 9),
(254, 12, 12, 9),
(255, 12, 11, 10),
(256, 12, 1, 10),
(257, 12, 9, 11),
(258, 12, 10, 11),
(259, 12, 13, 11),
(260, 12, 11, 12),
(261, 12, 20, 12),
(262, 12, 65, 13),
(263, 12, 10, 13),
(264, 12, 18, 13),
(265, 12, 11, 14),
(266, 12, 20, 14),
(267, 12, 9, 15),
(268, 12, 10, 15),
(269, 12, 13, 15),
(270, 13, 9, 2),
(271, 13, 2, 4),
(272, 13, 66, 5),
(273, 13, 1, 6),
(274, 13, 8, 7),
(275, 13, 67, 7),
(276, 13, 9, 8),
(277, 13, 68, 9),
(278, 13, 12, 9),
(279, 13, 9, 10),
(280, 13, 5, 10),
(281, 13, 11, 11),
(282, 13, 10, 11),
(283, 13, 9, 12),
(284, 13, 69, 13),
(285, 13, 10, 13),
(286, 13, 18, 13),
(287, 13, 9, 14),
(288, 13, 13, 14),
(289, 13, 11, 15),
(290, 13, 10, 15),
(291, 14, 10, 2),
(292, 14, 5, 4),
(293, 14, 70, 5),
(294, 14, 4, 6),
(295, 14, 8, 7),
(296, 14, 10, 8),
(297, 14, 71, 9),
(298, 14, 12, 9),
(299, 14, 10, 10),
(300, 14, 2, 10),
(301, 14, 11, 11),
(302, 14, 9, 11),
(303, 14, 13, 11),
(304, 14, 10, 12),
(305, 14, 20, 12),
(306, 14, 72, 13),
(307, 14, 11, 13),
(308, 14, 18, 13),
(309, 14, 10, 14),
(310, 14, 3, 14),
(311, 14, 9, 15),
(312, 14, 11, 15),
(313, 14, 20, 15),
(314, 15, 10, 2),
(315, 15, 4, 4),
(316, 15, 73, 5),
(317, 15, 5, 6),
(318, 15, 37, 7),
(319, 15, 10, 8),
(320, 15, 74, 9),
(321, 15, 12, 9),
(322, 15, 10, 10),
(323, 15, 6, 10),
(324, 15, 9, 11),
(325, 15, 11, 11),
(326, 15, 10, 12),
(327, 15, 20, 12),
(328, 15, 75, 13),
(329, 15, 11, 13),
(330, 15, 18, 13),
(331, 15, 10, 14),
(332, 15, 14, 14),
(333, 15, 9, 15),
(334, 15, 11, 15),
(335, 15, 20, 15),
(336, 18, 9, 2),
(337, 18, 1, 4),
(338, 18, 76, 5),
(339, 18, 6, 6),
(340, 18, 77, 7),
(341, 18, 9, 8),
(342, 18, 78, 9),
(343, 18, 12, 9),
(344, 18, 9, 10),
(345, 18, 5, 10),
(346, 18, 10, 11),
(347, 18, 11, 11),
(348, 18, 13, 11),
(349, 18, 9, 12),
(350, 18, 20, 12),
(351, 18, 79, 13),
(352, 18, 11, 13),
(353, 18, 18, 13),
(354, 18, 9, 14),
(355, 18, 14, 14),
(356, 18, 11, 15),
(357, 18, 10, 15),
(358, 24, 9, 2),
(359, 24, 6, 4),
(360, 24, 80, 5),
(361, 24, 5, 6),
(362, 24, 81, 7),
(363, 24, 9, 8),
(364, 24, 82, 9),
(365, 24, 12, 9),
(366, 24, 9, 10),
(367, 24, 13, 10),
(368, 24, 11, 11),
(369, 24, 10, 11),
(370, 24, 9, 12),
(371, 24, 20, 12),
(372, 24, 83, 13),
(373, 24, 11, 13),
(374, 24, 18, 13),
(375, 24, 9, 14),
(376, 24, 13, 14),
(377, 24, 11, 15),
(378, 24, 10, 15),
(379, 25, 9, 2),
(380, 25, 2, 4),
(381, 25, 84, 5),
(382, 25, 5, 6),
(383, 25, 8, 7),
(384, 25, 67, 7),
(385, 25, 9, 8),
(386, 25, 85, 9),
(387, 25, 12, 9),
(388, 25, 9, 10),
(389, 25, 3, 10),
(390, 25, 11, 11),
(391, 25, 10, 11),
(392, 25, 9, 12),
(393, 25, 86, 13),
(394, 25, 10, 13),
(395, 25, 18, 13),
(396, 25, 9, 14),
(397, 25, 13, 14),
(398, 25, 11, 15),
(399, 25, 10, 15),
(400, 26, 9, 2),
(401, 26, 2, 4),
(402, 26, 87, 5),
(403, 26, 3, 6),
(404, 26, 67, 7),
(405, 26, 9, 8),
(406, 26, 88, 9),
(407, 26, 12, 9),
(408, 26, 9, 10),
(409, 26, 13, 10),
(410, 26, 11, 11),
(411, 26, 10, 11),
(412, 26, 5, 11),
(413, 26, 9, 12),
(414, 26, 13, 12),
(415, 26, 89, 13),
(416, 26, 10, 13),
(417, 26, 18, 13),
(418, 26, 9, 14),
(419, 26, 13, 14),
(420, 26, 11, 15),
(421, 26, 10, 15),
(422, 16, 10, 2),
(423, 16, 5, 4),
(424, 16, 90, 5),
(425, 16, 4, 6),
(426, 16, 37, 7),
(427, 16, 10, 8),
(428, 16, 91, 9),
(429, 16, 12, 9),
(430, 16, 10, 10),
(431, 16, 39, 10),
(432, 16, 9, 11),
(433, 16, 11, 11),
(434, 16, 6, 11),
(435, 16, 10, 12),
(436, 16, 20, 12),
(437, 16, 92, 13),
(438, 16, 11, 13),
(439, 16, 18, 13),
(440, 16, 10, 14),
(441, 16, 20, 14),
(442, 16, 9, 15),
(443, 16, 11, 15),
(444, 16, 13, 15),
(445, 27, 11, 2),
(446, 27, 4, 4),
(447, 27, 93, 5),
(448, 27, 6, 6),
(449, 27, 94, 7),
(450, 27, 11, 8),
(451, 27, 95, 9),
(452, 27, 12, 9),
(453, 27, 11, 10),
(454, 27, 20, 10),
(455, 27, 9, 11),
(456, 27, 10, 11),
(457, 27, 5, 11),
(458, 27, 11, 12),
(459, 12, 13, 12),
(460, 27, 96, 13),
(461, 27, 10, 13),
(462, 27, 18, 13),
(463, 27, 11, 14),
(464, 27, 20, 14),
(465, 27, 9, 15),
(466, 27, 10, 15),
(467, 27, 13, 15),
(468, 20, 11, 2),
(469, 20, 6, 4),
(470, 20, 97, 5),
(471, 20, 4, 6),
(472, 20, 98, 7),
(473, 20, 11, 8),
(474, 20, 99, 9),
(475, 20, 12, 9),
(476, 20, 11, 10),
(477, 20, 1, 10),
(478, 20, 9, 11),
(479, 20, 10, 11),
(480, 20, 20, 11),
(481, 20, 11, 12),
(482, 20, 13, 12),
(483, 20, 100, 13),
(484, 20, 9, 13),
(485, 20, 18, 13),
(486, 20, 11, 14),
(487, 20, 20, 14),
(488, 20, 9, 15),
(489, 20, 10, 15),
(490, 20, 13, 15),
(491, 19, 114, 2),
(492, 19, 113, 4),
(493, 19, 117, 5),
(494, 19, 113, 6),
(495, 19, 118, 7),
(496, 19, 114, 8),
(497, 19, 119, 9),
(498, 19, 12, 9),
(499, 19, 114, 10),
(500, 19, 113, 10),
(501, 19, 114, 11),
(502, 19, 114, 12),
(503, 19, 115, 12),
(504, 19, 119, 12),
(505, 19, 120, 13),
(506, 19, 114, 13),
(507, 19, 18, 13),
(508, 19, 115, 14),
(509, 19, 114, 14),
(510, 19, 114, 15),
(511, 19, 115, 15),
(512, 19, 119, 15);

-- --------------------------------------------------------

--
-- Table structure for table `ed_discipline_spells_v3`
--

CREATE TABLE `ed_discipline_spells_v3` (
  `discipline_id` tinyint(3) UNSIGNED NOT NULL,
  `spell_id` int(10) UNSIGNED NOT NULL
) ENGINE=InnoDB DEFAULT CHARSET=utf8mb4 COLLATE=utf8mb4_unicode_ci;

--
-- Dumping data for table `ed_discipline_spells_v3`
--

INSERT INTO `ed_discipline_spells_v3` (`discipline_id`, `spell_id`) VALUES
(5, 1),
(5, 2),
(5, 3),
(5, 27),
(5, 29),
(5, 31),
(5, 34),
(5, 36),
(5, 43),
(5, 47),
(5, 58),
(5, 69),
(5, 80),
(5, 81),
(5, 88),
(5, 92),
(5, 99),
(5, 108),
(5, 115),
(5, 116),
(5, 117),
(5, 118),
(5, 119),
(5, 120),
(5, 121),
(5, 122),
(5, 123),
(5, 124),
(5, 125),
(5, 126),
(5, 128),
(5, 129),
(5, 130),
(5, 131),
(5, 132),
(5, 140),
(5, 145),
(5, 146),
(5, 147),
(5, 148),
(5, 149),
(5, 150),
(5, 152),
(5, 153),
(5, 154),
(5, 164),
(5, 168),
(5, 170),
(5, 172),
(5, 174),
(5, 177),
(5, 181),
(5, 182),
(5, 183),
(5, 185),
(5, 196),
(5, 202),
(5, 214),
(5, 215),
(5, 217),
(5, 218),
(5, 219),
(5, 221),
(5, 223),
(5, 232),
(5, 233),
(5, 237),
(5, 250),
(5, 256),
(5, 259),
(5, 262),
(5, 263),
(5, 266),
(5, 268),
(5, 269),
(5, 270),
(5, 279),
(5, 282),
(5, 283),
(5, 284),
(5, 289),
(5, 290),
(5, 293),
(5, 308),
(5, 310),
(5, 311),
(5, 312),
(5, 315),
(5, 316),
(5, 319),
(5, 320),
(5, 321),
(5, 322),
(5, 335),
(5, 343),
(5, 344),
(5, 345),
(5, 346),
(5, 348),
(5, 350),
(5, 353),
(5, 359),
(5, 360),
(5, 361),
(5, 363),
(5, 365),
(5, 372),
(5, 387),
(5, 388),
(5, 390),
(5, 392),
(6, 4),
(6, 6),
(6, 10),
(6, 17),
(6, 19),
(6, 23),
(6, 25),
(6, 32),
(6, 33),
(6, 37),
(6, 38),
(6, 41),
(6, 42),
(6, 48),
(6, 55),
(6, 60),
(6, 63),
(6, 65),
(6, 66),
(6, 68),
(6, 74),
(6, 79),
(6, 84),
(6, 85),
(6, 93),
(6, 96),
(6, 97),
(6, 100),
(6, 103),
(6, 109),
(6, 110),
(6, 111),
(6, 127),
(6, 133),
(6, 134),
(6, 138),
(6, 139),
(6, 142),
(6, 143),
(6, 155),
(6, 156),
(6, 159),
(6, 160),
(6, 165),
(6, 173),
(6, 180),
(6, 189),
(6, 190),
(6, 191),
(6, 192),
(6, 193),
(6, 194),
(6, 197),
(6, 209),
(6, 213),
(6, 228),
(6, 229),
(6, 230),
(6, 235),
(6, 236),
(6, 241),
(6, 246),
(6, 247),
(6, 248),
(6, 252),
(6, 257),
(6, 260),
(6, 261),
(6, 264),
(6, 275),
(6, 278),
(6, 287),
(6, 291),
(6, 298),
(6, 300),
(6, 304),
(6, 314),
(6, 324),
(6, 337),
(6, 338),
(6, 341),
(6, 347),
(6, 351),
(6, 354),
(6, 355),
(6, 362),
(6, 367),
(6, 368),
(6, 370),
(6, 373),
(6, 374),
(6, 375),
(6, 381),
(6, 384),
(6, 389),
(6, 399),
(7, 7),
(7, 8),
(7, 9),
(7, 11),
(7, 12),
(7, 14),
(7, 15),
(7, 16),
(7, 21),
(7, 22),
(7, 28),
(7, 39),
(7, 40),
(7, 46),
(7, 49),
(7, 50),
(7, 51),
(7, 52),
(7, 53),
(7, 54),
(7, 62),
(7, 64),
(7, 70),
(7, 72),
(7, 76),
(7, 77),
(7, 83),
(7, 86),
(7, 87),
(7, 89),
(7, 90),
(7, 94),
(7, 95),
(7, 102),
(7, 112),
(7, 114),
(7, 135),
(7, 136),
(7, 137),
(7, 144),
(7, 157),
(7, 158),
(7, 161),
(7, 162),
(7, 163),
(7, 166),
(7, 169),
(7, 171),
(7, 179),
(7, 195),
(7, 198),
(7, 208),
(7, 212),
(7, 227),
(7, 238),
(7, 244),
(7, 245),
(7, 253),
(7, 254),
(7, 255),
(7, 265),
(7, 267),
(7, 271),
(7, 276),
(7, 281),
(7, 285),
(7, 286),
(7, 288),
(7, 296),
(7, 301),
(7, 302),
(7, 303),
(7, 305),
(7, 306),
(7, 309),
(7, 325),
(7, 329),
(7, 330),
(7, 331),
(7, 332),
(7, 333),
(7, 334),
(7, 336),
(7, 339),
(7, 340),
(7, 342),
(7, 352),
(7, 356),
(7, 357),
(7, 364),
(7, 371),
(7, 376),
(7, 378),
(7, 379),
(7, 382),
(7, 383),
(7, 391),
(7, 393),
(7, 394),
(7, 395),
(15, 5),
(15, 13),
(15, 18),
(15, 20),
(15, 24),
(15, 26),
(15, 30),
(15, 35),
(15, 44),
(15, 45),
(15, 56),
(15, 57),
(15, 59),
(15, 61),
(15, 67),
(15, 71),
(15, 73),
(15, 75),
(15, 78),
(15, 82),
(15, 91),
(15, 98),
(15, 101),
(15, 104),
(15, 105),
(15, 106),
(15, 107),
(15, 113),
(15, 141),
(15, 151),
(15, 167),
(15, 175),
(15, 176),
(15, 178),
(15, 184),
(15, 186),
(15, 187),
(15, 188),
(15, 199),
(15, 200),
(15, 201),
(15, 203),
(15, 204),
(15, 205),
(15, 206),
(15, 207),
(15, 210),
(15, 211),
(15, 216),
(15, 220),
(15, 222),
(15, 224),
(15, 225),
(15, 226),
(15, 231),
(15, 234),
(15, 239),
(15, 240),
(15, 242),
(15, 243),
(15, 249),
(15, 251),
(15, 258),
(15, 272),
(15, 273),
(15, 274),
(15, 277),
(15, 280),
(15, 292),
(15, 294),
(15, 295),
(15, 297),
(15, 299),
(15, 307),
(15, 313),
(15, 317),
(15, 318),
(15, 323),
(15, 326),
(15, 327),
(15, 328),
(15, 349),
(15, 358),
(15, 366),
(15, 369),
(15, 377),
(15, 380),
(15, 385),
(15, 386),
(15, 396),
(15, 397),
(15, 398),
(16, 1),
(16, 2),
(16, 10),
(16, 18),
(16, 29),
(16, 31),
(16, 43),
(16, 44),
(16, 48),
(16, 50),
(16, 53),
(16, 56),
(16, 58),
(16, 60),
(16, 61),
(16, 65),
(16, 69),
(16, 74),
(16, 80),
(16, 88),
(16, 89),
(16, 109),
(16, 110),
(16, 113),
(16, 115),
(16, 116),
(16, 117),
(16, 121),
(16, 140),
(16, 144),
(16, 158),
(16, 159),
(16, 162),
(16, 166),
(16, 168),
(16, 172),
(16, 175),
(16, 180),
(16, 181),
(16, 182),
(16, 185),
(16, 198),
(16, 202),
(16, 207),
(16, 208),
(16, 214),
(16, 216),
(16, 221),
(16, 235),
(16, 237),
(16, 250),
(16, 251),
(16, 252),
(16, 256),
(16, 258),
(16, 262),
(16, 263),
(16, 268),
(16, 269),
(16, 270),
(16, 272),
(16, 275),
(16, 276),
(16, 277),
(16, 282),
(16, 284),
(16, 290),
(16, 295),
(16, 317),
(16, 320),
(16, 324),
(16, 336),
(16, 340),
(16, 341),
(16, 353),
(16, 358),
(16, 359),
(16, 363),
(16, 365),
(16, 372),
(16, 377),
(16, 381),
(16, 386),
(16, 387),
(16, 389),
(16, 390),
(16, 392),
(16, 394),
(16, 395),
(16, 398),
(16, 400);

-- --------------------------------------------------------

--
-- Table structure for table `ed_durability`
--

CREATE TABLE `ed_durability` (
  `discipline_id` tinyint(3) UNSIGNED NOT NULL,
  `unconsciousness` tinyint(1) UNSIGNED NOT NULL DEFAULT 5,
  `death` tinyint(1) UNSIGNED NOT NULL DEFAULT 6
) ENGINE=InnoDB DEFAULT CHARSET=utf8mb4 COLLATE=utf8mb4_unicode_ci;

--
-- Dumping data for table `ed_durability`
--

INSERT INTO `ed_durability` (`discipline_id`, `unconsciousness`, `death`) VALUES
(1, 5, 6),
(2, 5, 6),
(3, 6, 7),
(4, 6, 7),
(5, 3, 4),
(6, 3, 4),
(7, 3, 4),
(8, 5, 6),
(9, 6, 8),
(10, 6, 7),
(11, 4, 5),
(12, 5, 6),
(13, 7, 9),
(14, 5, 6),
(15, 3, 4),
(16, 3, 4),
(17, 6, 8),
(18, 5, 6),
(19, 5, 6),
(20, 5, 6),
(21, 7, 9),
(22, 5, 6),
(23, 6, 7),
(24, 6, 7),
(25, 7, 9),
(26, 6, 7),
(27, 5, 6);

-- --------------------------------------------------------

--
-- Table structure for table `ed_races`
--

CREATE TABLE `ed_races` (
  `id` tinyint(2) UNSIGNED NOT NULL,
  `name` varchar(20) COLLATE utf8mb4_unicode_ci NOT NULL
) ENGINE=InnoDB DEFAULT CHARSET=utf8mb4 COLLATE=utf8mb4_unicode_ci;

--
-- Dumping data for table `ed_races`
--

INSERT INTO `ed_races` (`id`, `name`) VALUES
(1, 'Blood Elf'),
(2, 'Dwarf'),
(3, 'Elf'),
(4, 'Human'),
(5, 'Obsidiman'),
(6, 'Ork'),
(8, 'T\'Skrang'),
(7, 'Troll'),
(9, 'Windling');

-- --------------------------------------------------------

--
-- Table structure for table `ed_racial_restrictions`
--

CREATE TABLE `ed_racial_restrictions` (
  `race_id` tinyint(2) UNSIGNED NOT NULL,
  `discipline_id` tinyint(3) UNSIGNED NOT NULL
) ENGINE=InnoDB DEFAULT CHARSET=utf8mb4 COLLATE=utf8mb4_unicode_ci;

--
-- Dumping data for table `ed_racial_restrictions`
--

INSERT INTO `ed_racial_restrictions` (`race_id`, `discipline_id`) VALUES
(1, 1),
(1, 9),
(1, 18),
(1, 19),
(1, 20),
(1, 21),
(1, 22),
(1, 24),
(1, 25),
(1, 26),
(1, 27),
(2, 18),
(2, 19),
(2, 20),
(2, 21),
(2, 22),
(2, 23),
(2, 24),
(2, 25),
(2, 26),
(3, 9),
(3, 18),
(3, 19),
(3, 20),
(3, 21),
(3, 22),
(3, 24),
(3, 25),
(3, 26),
(3, 27),
(4, 18),
(4, 20),
(4, 21),
(4, 22),
(4, 23),
(4, 24),
(4, 25),
(4, 26),
(4, 27),
(5, 1),
(5, 2),
(5, 3),
(5, 4),
(5, 8),
(5, 9),
(5, 10),
(5, 11),
(5, 18),
(5, 19),
(5, 20),
(5, 21),
(5, 22),
(5, 23),
(5, 24),
(5, 25),
(5, 27),
(6, 18),
(6, 19),
(6, 20),
(6, 21),
(6, 22),
(6, 23),
(6, 25),
(6, 26),
(6, 27),
(7, 8),
(7, 11),
(7, 18),
(7, 19),
(7, 20),
(7, 21),
(7, 22),
(7, 23),
(7, 24),
(7, 26),
(7, 27),
(8, 3),
(8, 19),
(8, 20),
(8, 21),
(8, 22),
(8, 23),
(8, 24),
(8, 25),
(8, 26),
(8, 27),
(9, 7),
(9, 9),
(9, 18),
(9, 19),
(9, 23),
(9, 24),
(9, 25),
(9, 26),
(9, 27);

-- --------------------------------------------------------

--
-- Table structure for table `ed_skills`
--

CREATE TABLE `ed_skills` (
  `id` tinyint(3) UNSIGNED NOT NULL,
  `name` varchar(40) COLLATE utf8mb4_unicode_ci NOT NULL,
  `action` tinyint(1) UNSIGNED NOT NULL DEFAULT 0,
  `strain` tinyint(2) UNSIGNED NOT NULL DEFAULT 0,
  `attribute` tinyint(1) UNSIGNED NOT NULL,
  `type` tinyint(1) UNSIGNED NOT NULL DEFAULT 1,
  `specialization` tinyint(3) UNSIGNED DEFAULT NULL,
  `description` text COLLATE utf8mb4_unicode_ci DEFAULT NULL
) ENGINE=InnoDB DEFAULT CHARSET=utf8mb4 COLLATE=utf8mb4_unicode_ci;

--
-- Dumping data for table `ed_skills`
--

INSERT INTO `ed_skills` (`id`, `name`, `action`, `strain`, `attribute`, `type`, `specialization`, `description`) VALUES
(1, 'Embroidery', 1, 0, 6, 3, NULL, NULL),
(2, 'Calligraphy', 1, 0, 6, 3, NULL, NULL),
(3, 'Runic Carving', 1, 0, 6, 3, NULL, NULL),
(4, 'Wood Carving', 1, 0, 6, 3, NULL, NULL),
(5, 'Sculpture', 1, 0, 6, 3, NULL, NULL),
(6, 'Musician', 1, 0, 6, 3, NULL, NULL),
(7, 'Juggling', 1, 0, 6, 3, NULL, NULL),
(8, 'Storytelling', 1, 0, 6, 3, NULL, NULL),
(9, 'Acting', 1, 0, 6, 3, NULL, NULL),
(10, 'Poetry', 1, 0, 6, 3, NULL, NULL),
(11, 'Cooking', 1, 0, 6, 3, NULL, NULL),
(12, 'Body Painting', 1, 0, 6, 3, NULL, NULL),
(13, 'Painting', 1, 0, 6, 3, NULL, NULL),
(14, 'Dancing', 1, 0, 6, 3, NULL, NULL),
(15, 'Basket Weaving', 1, 0, 6, 3, NULL, NULL),
(16, 'Tattooing', 1, 0, 6, 3, NULL, NULL),
(17, 'Wardrobe and Style', 1, 0, 6, 3, NULL, NULL),
(18, 'Singing', 1, 0, 6, 3, NULL, NULL),
(19, 'Scarification', 1, 0, 6, 3, NULL, NULL),
(20, 'Craftsman', 1, 0, 6, 3, NULL, NULL),
(21, 'Alchemy and Potions', 0, 0, 4, 2, NULL, NULL),
(22, 'Ancient Weapons', 0, 0, 4, 2, NULL, NULL),
(23, 'Barsaive History', 0, 0, 4, 2, NULL, NULL),
(24, 'Botany', 0, 0, 4, 2, NULL, NULL),
(25, 'Court Dances', 0, 0, 4, 2, NULL, NULL),
(26, 'Creature Lore', 0, 0, 4, 2, NULL, NULL),
(27, 'Dwarf Military Organization', 0, 0, 4, 2, NULL, NULL),
(28, 'Games of Chance', 0, 0, 4, 2, NULL, NULL),
(29, 'History of the Scourge', 0, 0, 4, 2, NULL, NULL),
(30, 'The Horrors', 0, 0, 4, 2, NULL, NULL),
(31, 'Legends and Heroes', 0, 0, 4, 2, NULL, NULL),
(32, 'Theran History', 0, 0, 4, 2, NULL, NULL),
(33, 'Theran Politics', 0, 0, 4, 2, NULL, NULL),
(34, 'Wild Animals', 0, 0, 4, 2, NULL, NULL),
(35, 'Map Making', 0, 0, 6, 3, NULL, NULL),
(36, 'Anatomy', 0, 0, 4, 2, NULL, NULL),
(37, 'Baking', 0, 0, 4, 2, NULL, NULL),
(38, 'Magic Lore', 0, 0, 4, 2, NULL, NULL),
(39, 'Military History', 0, 0, 4, 2, NULL, NULL),
(40, 'Military Procedures', 0, 0, 4, 2, NULL, NULL),
(41, 'Racial Lore: Blood Elf', 0, 0, 4, 2, NULL, NULL),
(42, 'Racial Lore: Dwarf', 0, 0, 4, 2, NULL, NULL),
(43, 'Racial Lore: Elf', 0, 0, 4, 2, NULL, NULL),
(44, 'Racial Lore: Human', 0, 0, 4, 2, NULL, NULL),
(45, 'Racial Lore: Obsidiman', 0, 0, 4, 2, NULL, NULL),
(46, 'Racial Lore: Ork', 0, 0, 4, 2, NULL, NULL),
(47, 'Racial Lore: Troll', 0, 0, 4, 2, NULL, NULL),
(48, 'Racial Lore: T\'Skrang', 0, 0, 4, 2, NULL, NULL),
(49, 'Racial Lore: Windling', 0, 0, 4, 2, NULL, NULL),
(50, 'Subterranean Throal', 0, 0, 4, 2, NULL, NULL),
(51, 'Throal History', 0, 0, 4, 2, NULL, NULL),
(52, 'Weapon Lore', 0, 0, 4, 2, NULL, NULL),
(53, 'Acrobatics', 0, 1, 1, 1, NULL, NULL),
(54, 'Air Sailing: Drakkar', 1, 0, 5, 1, 54, NULL),
(55, 'Air Sailing: Galley and Galleon', 1, 0, 5, 1, 54, NULL),
(56, 'Air Sailing: Vedette', 1, 0, 5, 1, 54, NULL),
(57, 'Air Sailing: Kila and Behemoth', 1, 0, 5, 1, 54, NULL),
(58, 'Animal Bond', 1, 0, 6, 1, NULL, NULL),
(59, 'Animal Handling', 1, 0, 5, 1, NULL, NULL),
(60, 'Animal Training', 1, 0, 6, 1, NULL, NULL),
(61, 'Anticipate Blow', 0, 1, 4, 1, NULL, NULL),
(62, 'Avoid Blow', 0, 1, 1, 1, NULL, NULL),
(63, 'Battle Shout', 0, 1, 6, 1, NULL, NULL),
(64, 'Bribery', 1, 0, 6, 1, NULL, NULL),
(65, 'Charge', 0, 0, 2, 1, NULL, NULL),
(66, 'Climbing', 1, 0, 1, 1, NULL, NULL),
(67, 'Conceal Object', 1, 1, 1, 1, NULL, NULL),
(68, 'Conversation', 1, 0, 6, 1, NULL, NULL),
(69, 'Detect Trap', 1, 1, 4, 1, NULL, NULL),
(70, 'Detect Weapon', 1, 1, 4, 1, NULL, NULL),
(71, 'Diplomacy', 1, 0, 6, 1, NULL, NULL),
(72, 'Disarm: Axes', 1, 1, 1, 1, 72, NULL),
(73, 'Disarm: Clubs', 1, 1, 1, 1, 72, NULL),
(74, 'Disarm: Flails', 1, 1, 1, 1, 72, NULL),
(75, 'Disarm: Knives and Daggers', 1, 1, 1, 1, 72, NULL),
(76, 'Disarm: Maces and Hammers', 1, 1, 1, 1, 72, NULL),
(77, 'Disarm: Pole Arms', 1, 1, 1, 1, 72, NULL),
(78, 'Disarm: Spears', 1, 1, 1, 1, 72, NULL),
(79, 'Disarm: Staffs', 1, 1, 1, 1, 72, NULL),
(80, 'Disarm: Swords', 1, 1, 1, 1, 72, NULL),
(81, 'Disarm: Whips', 1, 1, 1, 1, 72, NULL),
(82, 'Disarm Trap', 1, 1, 1, 1, NULL, NULL),
(83, 'Disguise', 1, 0, 4, 1, NULL, NULL),
(84, 'Engaging Banter', 1, 1, 6, 1, NULL, NULL),
(85, 'Etiquette', 1, 0, 6, 1, NULL, NULL),
(86, 'Evidence Analysis', 1, 1, 4, 1, NULL, NULL),
(87, 'Fast Hand', 1, 1, 1, 1, NULL, NULL),
(88, 'Fence', 1, 0, 6, 1, NULL, NULL),
(89, 'First Impression', 1, 0, 6, 1, NULL, NULL),
(90, 'Fishing', 1, 0, 4, 1, NULL, NULL),
(91, 'Flirting', 1, 0, 6, 1, NULL, NULL),
(92, 'Forgery', 1, 0, 1, 1, NULL, NULL),
(93, 'Great Leap', 0, 1, 2, 1, NULL, NULL),
(94, 'Hiding', 1, 0, 1, 1, NULL, NULL),
(95, 'Haggle', 1, 0, 6, 1, NULL, NULL),
(96, 'Hunting', 1, 0, 1, 1, NULL, NULL),
(97, 'Impressive Shot: Bows', 1, 1, 1, 1, 97, NULL),
(98, 'Impressive Shot: Crossbows', 1, 1, 1, 1, 97, NULL),
(99, 'Impressive Shot: Slings', 1, 1, 1, 1, 97, NULL),
(100, 'Impressive Shot: Blowguns', 1, 1, 1, 1, 97, NULL),
(101, 'Impressive Shot: Darts and Spears', 1, 1, 1, 1, 97, NULL),
(102, 'Impressive Shot: Hatchets and Axes', 1, 1, 1, 1, 97, NULL),
(103, 'Impressive Shot: Knives and Daggers', 1, 1, 1, 1, 97, NULL),
(104, 'Lip Reading', 1, 2, 4, 1, NULL, NULL),
(105, 'Lock Picking', 1, 0, 1, 1, NULL, NULL),
(106, 'Maneuver', 1, 0, 1, 1, NULL, NULL),
(107, 'Melee Weapons: Axes', 1, 0, 1, 1, 107, NULL),
(108, 'Melee Weapons: Clubs', 1, 0, 1, 1, 107, NULL),
(109, 'Melee Weapons: Flails', 1, 0, 1, 1, 107, NULL),
(110, 'Melee Weapons: Knives and Daggers', 1, 0, 1, 1, 107, NULL),
(111, 'Melee Weapons: Maces and Hammers', 1, 0, 1, 1, 107, NULL),
(112, 'Melee Weapons: Pole Arms', 1, 0, 1, 1, 107, NULL),
(113, 'Melee Weapons: Spears', 1, 0, 1, 1, 107, NULL),
(114, 'Melee Weapons: Staffs', 1, 0, 1, 1, 107, NULL),
(115, 'Melee Weapons: Swords', 1, 0, 1, 1, 107, NULL),
(116, 'Melee Weapons: Whips', 1, 0, 1, 1, 107, NULL),
(117, 'Missile Weapons: Blowguns', 1, 0, 1, 1, 117, NULL),
(118, 'Missile Weapons: Bows', 1, 0, 1, 1, 117, NULL),
(119, 'Missile Weapons: Crossbows', 1, 0, 1, 1, 117, NULL),
(120, 'Missile Weapons: Slings', 1, 0, 1, 1, 117, NULL),
(121, 'Momentum Attack', 0, 1, 1, 1, NULL, NULL),
(122, 'Mimic Voice', 1, 0, 4, 1, NULL, NULL),
(123, 'Navigation', 1, 0, 4, 1, NULL, NULL),
(124, 'Parry: Axes', 0, 1, 1, 1, 124, NULL),
(125, 'Parry: Clubs', 0, 1, 1, 1, 124, NULL),
(126, 'Parry: Flails', 0, 1, 1, 1, 124, NULL),
(127, 'Parry: Knives and Daggers', 0, 1, 1, 1, 124, NULL),
(128, 'Parry: Maces and Hammers', 0, 1, 1, 1, 124, NULL),
(129, 'Parry: Pole Arms', 0, 1, 1, 1, 124, NULL),
(130, 'Parry: Spears', 0, 1, 1, 1, 124, NULL),
(131, 'Parry: Staffs', 0, 1, 1, 1, 124, NULL),
(132, 'Parry: Swords', 0, 1, 1, 1, 124, NULL),
(133, 'Physician', 1, 0, 4, 1, NULL, NULL),
(134, 'Pick Pockets', 1, 0, 1, 1, NULL, NULL),
(135, 'Read and Write Language', 1, 0, 4, 1, NULL, NULL),
(136, 'Pilot Boat', 1, 0, 4, 1, NULL, NULL),
(137, 'Research', 1, 0, 4, 1, NULL, NULL),
(138, 'Resist Taunt', 0, 1, 5, 1, NULL, NULL),
(139, 'Read and Write Magic', 1, 0, 4, 1, NULL, NULL),
(140, 'Sailing', 1, 0, 1, 1, NULL, NULL),
(141, 'Awareness', 0, 0, 4, 1, NULL, NULL),
(142, 'Second Weapon: Axes', 0, 1, 1, 1, 142, NULL),
(143, 'Second Weapon: Clubs', 0, 1, 1, 1, 142, NULL),
(144, 'Second Weapon: Flails', 0, 1, 1, 1, 142, NULL),
(145, 'Second Weapon: Knives and Daggers', 0, 1, 1, 1, 142, NULL),
(146, 'Second Weapon: Maces and Hammers', 0, 1, 1, 1, 142, NULL),
(147, 'Second Weapon: Pole Arms', 0, 1, 1, 1, 142, NULL),
(148, 'Second Weapon: Spears', 0, 1, 1, 1, 142, NULL),
(149, 'Second Weapon: Staffs', 0, 1, 1, 1, 142, NULL),
(150, 'Second Weapon: Swords', 0, 1, 1, 1, 142, NULL),
(151, 'Second Weapon: Whips', 0, 1, 1, 1, 142, NULL),
(152, 'Second Shot: Blowguns', 0, 1, 1, 1, 152, NULL),
(153, 'Second Shot: Bows', 0, 1, 1, 1, 152, NULL),
(154, 'Second Shot: Crossbows', 0, 1, 1, 1, 152, NULL),
(155, 'Second Shot: Slings', 0, 1, 1, 1, 152, NULL),
(156, 'Seduction', 1, 0, 6, 1, NULL, NULL),
(157, 'Shield Charge', 0, 1, 2, 1, NULL, NULL),
(158, 'Silent Walk', 0, 1, 1, 1, NULL, NULL),
(159, 'Speak Language', 1, 0, 4, 4, NULL, NULL),
(160, 'Sprint', 0, 2, 1, 1, NULL, NULL),
(161, 'Streetwise', 1, 0, 4, 1, NULL, NULL),
(162, 'Surprise Strike: Axes', 1, 1, 1, 1, 162, NULL),
(163, 'Surprise Strike: Clubs', 1, 1, 1, 1, 162, NULL),
(164, 'Surprise Strike: Flails', 1, 1, 1, 1, 162, NULL),
(165, 'Surprise Strike: Knives and Daggers', 1, 1, 1, 1, 162, NULL),
(166, 'Surprise Strike: Maces and Hammers', 1, 1, 1, 1, 162, NULL),
(167, 'Surprise Strike: Pole Arms', 1, 1, 1, 1, 162, NULL),
(168, 'Surprise Strike: Spears', 1, 1, 1, 1, 162, NULL),
(169, 'Surprise Strike: Staffs', 1, 1, 1, 1, 162, NULL),
(170, 'Surprise Strike: Swords', 1, 1, 1, 1, 162, NULL),
(171, 'Surprise Strike: Whips', 1, 1, 1, 1, 162, NULL),
(172, 'Swift Kick', 0, 2, 1, 1, NULL, NULL),
(173, 'Swimming', 1, 0, 2, 1, NULL, NULL),
(174, 'Tactics', 1, 0, 4, 1, NULL, NULL),
(175, 'Taunt', 1, 1, 6, 1, NULL, NULL),
(176, 'Throwing Weapons: Bolas and Nets', 1, 0, 1, 1, 176, NULL),
(177, 'Throwing Weapons: Darts and Spears', 1, 0, 1, 1, 176, NULL),
(178, 'Throwing Weapons: Hatchets and Axes', 1, 0, 1, 1, 176, NULL),
(179, 'Throwing Weapons: Knives and Daggers', 1, 0, 1, 1, 176, NULL),
(180, 'Tracking', 1, 1, 4, 1, NULL, NULL),
(181, 'Trap Initiative', 0, 1, 1, 1, NULL, NULL),
(182, 'Trick Riding', 0, 1, 1, 1, NULL, NULL),
(183, 'Unarmed Combat: Grappling', 1, 0, 1, 1, 183, NULL),
(184, 'Unarmed Combat: Striking', 1, 0, 1, 1, 183, NULL),
(185, 'Unarmed Combat: Kicking', 1, 0, 1, 1, 183, NULL),
(186, 'Wilderness Survival', 1, 0, 4, 1, NULL, NULL),
(187, 'Caravans', 0, 0, 4, 2, NULL, NULL),
(188, 'Passions', 0, 0, 4, 2, NULL, NULL);

-- --------------------------------------------------------

--
-- Table structure for table `ed_skills_v3`
--

CREATE TABLE `ed_skills_v3` (
  `id` tinyint(3) UNSIGNED NOT NULL,
  `name` varchar(40) COLLATE utf8mb4_unicode_ci NOT NULL,
  `action` tinyint(1) UNSIGNED NOT NULL DEFAULT 0,
  `strain` tinyint(2) UNSIGNED NOT NULL DEFAULT 0,
  `attribute` tinyint(1) UNSIGNED NOT NULL,
  `type` tinyint(1) UNSIGNED NOT NULL DEFAULT 1,
  `description` text COLLATE utf8mb4_unicode_ci DEFAULT NULL
) ENGINE=InnoDB DEFAULT CHARSET=utf8mb4 COLLATE=utf8mb4_unicode_ci;

--
-- Dumping data for table `ed_skills_v3`
--

INSERT INTO `ed_skills_v3` (`id`, `name`, `action`, `strain`, `attribute`, `type`, `description`) VALUES
(1, 'Acrobatic Strike', 0, 1, 1, 1, 'The adept performs flips, somersaults, or similar acrobatic maneuvers, making him harder to hit. He must be able to move and have sufficient space to perform maneuvers in. The adept makes an Acrobatic Strike Test against the highest Physical Defense of any opponents in close combat range (1 hex) and must then attack one of the opponents in close combat. If both the Acrobatic Strike Test and the Attack Test are successful, the adept adds his Acrobatic Strike Rank to his Physical Defense against the opponents for the remainder of the round. If the adept is Knocked Down or otherwise finds his movement restricted, he loses this bonus.'),
(2, 'Acting', 1, 0, 6, 3, 'The character acts out other personalities to convince an audience that he is someone else. Actors can portray emotions they do not feel, persuading listeners and watchers that the emotions are genuine. Though the Acting skill does not allow a character to physically alter his appearance (the character must use the Disguise skill to do that), the character can mimic voice and speech patterns, copy gestures and movements, and convey energy, attitudes, and mannerisms appropriate to his role. The character makes an Acting Test against the target\'s Social Defense. If successful, the target believes the character to be the type of person he is portraying. If the character pretends to be a specific person whom the target knows, the character needs at least an Excellent Result to convince the target of his authenticity. When using the Acting skill during a theatrical performance, the character makes an Acting Test and compares the result against the Social Defense of each member of the audience; for large audiences, the gamemaster may choose to use the average Social Defense of the audience. The Result Level determines how much each audience member enjoys the performance.'),
(3, 'Air Sailing', 1, 0, 5, 1, 'The adept knows how to work the rigging, tiller, and oars of airships. An adept who wishes to join an airship crew must know Air Sailing at Rank 1 or higher. Positions of command require greater ability: the higher an adept\'s Air Sailing Rank, the bigger the ship he can command or the higher the position he can fill within a ship\'s crew. The adept makes an Air Sailing (5) Test to help propel an airship. If successful, he effectively takes the place of one crew member for each Result Level achieved. For an airship to stay airborne, at least 25 percent of the crew must make successful Air Sailing (5) Tests each hour. For example, an airship with a rowing crew of twenty needs at least five rowers to succeed at Air Sailing Tests to stay afloat. This might be an equivalent number, such as two rowers, one of whom achieved an Extraordinary Result on his Air Sailing Test (thereby replacing four rowers). If at least 50 percent of the crew make successful tests, the airship can maneuver at its current altitude, dive, or climb slowly in a straight line. If 75 percent of the crew are successful, the airship can speed up, maneuver while climbing, or perform aerobatics. A ship\'s officers can use Air Sailing to enhance the ship\'s performance and steer it through hazardous situations.'),
(4, 'Alchemy', 1, 0, 4, 1, 'Use requires an Alchemist\'s Kit or access to an Alchemist\'s Shop. The Alchemy skill includes an understanding of the magical principles and formulas used to create magical concoctions, the knowledge needed to gather ingredients, and the ability to test and analyze different potions a character might discover in the course of adventuring. Magicians may also use the Alchemy skill to make blood charms (see the Gamemaster\'s Companion).'),
(5, 'Animal Bond', 1, 0, 6, 1, 'The adept develops a bond of trust with an animal, making an Animal Bond Test against the animal\'s Social Defense. If successful, the animal takes a Neutral \"live and let live\" attitude toward him. The adept may make additional tests to further improve the animal\'s Attitude, but must spend at least one week with the animal between tests, treating it well during that time. Each subsequent improvement requires an additional Result Level on the Animal Bond Test. Once the animal\'s Attitude increases to Loyal, it willingly takes risks for the adept and expects appropriate rewards for doing so. (This is more easily accomplished for an animal than for a Namegiver friend. For example, all a dog really wants is lots of affection and enough food.) A Loyal animal will accompany the adept on adventures if he so desires, and is referred to as an animal companion. However, an animal will not maintain a better Attitude towards an adept than the adept shows to it. As a result, mistreatment, neglect, or abandonment can offset the talent\'s effects, worsening the animal\'s Attitude towards the character. This talent can only be used on non-sentient, natural creatures. It cannot be used to improve the Attitudes of Horrors, Horror-constructs, or sentient beings of any kind.'),
(6, 'Animal Handling', 1, 0, 5, 1, 'The character works with domesticated animals—he might be a rider commanding horses, a driver urging mules to move, or a handler getting dogs to attack. Making an animal perform any action beyond its normal activities requires the character to make an Animal Handling Test against the highest Social Defense among the target group, +1 for each additional animal. If successful, the animal (animals) performs the action requested of it. The Animal Handling skill requires the character to have at least a Neutral Attitude with all of the animals being commanded. Animals with a Neutral Attitude will not put themselves in dangerous situations; at the gamemaster\'s discretion, animals with a better Attitude towards the character might.'),
(7, 'Animal Training', 1, 0, 6, 1, 'The adept trains an animal to obey simple commands such as \"scout ahead,\" \"smell that,\" and \"go home,\" as well as the more usual \"stop,\" \"heel,\" \"fetch,\" and \"kill.\" An animal can be taught a maximum number of commands equal to the adept\'s Animal Training Rank. Each command requires a separate successful use of Animal Training and the animal must hold a Friendly attitude towards the trainer. The adept spends a week with the animal, focusing on teaching it the new command, and reviewing any commands it already knows, then makes an Animal Training Test against the creature\'s Social Defense. If successful, the animal understands and obeys the command. Trained animals only respond to commands given by characters they are Friendly with, including their trainer. The animal remembers all of the commands it has learned to date for a number of months equal to the adept\'s Animal Training Rank. If an adept tries to maintain too large a collection of trained animals, he will find their training slipping unless he constantly works with them. If the adept neglects an animal\'s training, it will forget all of its training within a month of the talent ending.'),
(8, 'Arcane Mutterings', 1, 1, 6, 1, 'The adept confuses others by muttering dire, largely incomprehensible, warnings and making an Arcane Mutterings Test against the highest Social Defense among the target group, +1 for each additional character. If successful, the target characters become confused and are considered Harried for a number of rounds equal to the adept\'s Arcane Mutterings Rank. Due to the disconcerting nature of the talent, this penalty also applies to the target\'s Social Defense. During this time, the adept must continually \"mutter away\" or the effect ends; this requires his concentration. On a Good Result, those affected also feel uneasy and will take no hostile actions against the adept or his obvious companions—so long as no one takes any hostile action against them. Arcane Mutterings is ineffective against targets engaged in combat.'),
(9, 'Artist', 1, 0, 6, 3, 'Use requires Artisan Tools. Artists produce physical works of fine art that evoke an emotion in those who see it. To use the Artist skill, a character makes an Artist Test and records the test result. Later, an observer makes a Perception Test to determine how much meaning he gleans from the item of art. Increase the observer\'s Perception Step by the artist\'s Artist Rank; better artists earn higher appreciation. Contrary to popular belief, an observer cannot get more out of a work of art than the artist put into it. Treat any Perception Test result higher than the original Artist Test result as equal, then compare the Perception Test result against the observing character\'s Social Defense. The Result Level determines how well the character remembers the work of art. Higher Result Levels create a more memorable experience for the observer. Examples of the fine arts include painting, poetry (written), sculpture, and writing. A character may acquire the Artist skill multiple times to learn different types of art.'),
(10, 'Avoid Blow', 0, 1, 1, 1, 'The adept avoids injury by dodging blows directed against him. When attacked in close or ranged combat, the adept makes an Avoid Blow Test against his opponent\'s Attack Test result. Dodging a ranged attack requires a Good Result. If successful, the adept avoids the blow — they see the attack coming and dodge out of the way at the last moment. The adept can dodge a maximum number of attacks equal to his Avoid Blow Rank each round, but only one attempt per Attack Test. An adept cannot use Avoid Blow if he is Blindsided or Surprised by his attacker.'),
(11, 'Battle Bellow', 0, 2, 6, 1, 'The adept issues a great bellow, either bolstering the resolve of comrades or intimidating enemies, within a distance equal to his Battle Bellow Rank ×3 hexes. The adept decides whether he is targeting friends or foes, then makes a Battle Bellow Test against the highest Social Defense among the target group, +1 for each additional character. If successfully targeting friends, affected characters add +1 to their Social Defense per Result Level achieved. If successfully targeting foes, affected characters suffer a -1 penalty to their Action Tests per Result Level achieved. The effect lasts for a number of rounds equal to the adept\'s Battle Bellow Rank. Targets who are immune to fear are also immune to this talent\'s effects.'),
(12, 'Battle Shout', 0, 1, 6, 1, 'The adept issues a loud shout, intimidating a single foe within a distance equal to his Battle Shout Rank in hexes (twice this in yards). The adept makes a Battle Shout Test against his opponent\'s Social Defense. If successful, the target incurs a penalty to his Action Tests equal to the adept\'s Battle Shout Rank, until the end of the following round. Reduce the penalty by -1 for each additional successful Battle Shout Test made against the same target during the encounter. Targets which are immune to fear are also immune to this talent\'s effect.'),
(13, 'Blade Juggle', 1, 1, 1, 1, 'The adept creates a whirling, flashing barrier of knives, daggers, or other bladed weapons between himself and his opponents. He makes a Blade Juggle Test against a Difficulty Number equal to the combined Sizes of the blades being juggled + the highest Damage Step among the blades, noting the Test Result. If successful, the adept takes 1 Strain and begins juggling; he takes 1 Strain and uses a Simple Action for each round of juggling juggling after the first. The adept cannot juggle blades with a Size higher than his one-handed Size limit. While juggling, the adept adds the combined Sizes of the blades he is currently juggling to his Physical Defense. If an opponent unsuccessfully attacks the adept, he strikes a juggled blade of the adept\'s choice. If the attack was in ranged combat, the blade falls to the ground. If the attack was in close combat, the blade flies back at the attacker. The result of the adept\'s Blade Juggle Test is used as a thrown Attack Test against the attacker. Damage is determined normally if the attack is successful. The adept may also use juggled blades to make thrown attacks by resolving his attack as normal, or using a Standard Action to make a Blade Juggle Test as his Attack Test. If the juggled weapon chosen for the attack is not a throwing weapon, the Range is 3 hexes. For each weapon struck or thrown out of the juggling process, the adept\'s Physical Defense bonus is lowered accordingly.'),
(14, 'Bribery', 1, 0, 6, 1, 'Though most societies publicly disapprove of bribes, those same societies harbor many members more than willing to take them. Bribery is the skill of discreetly buying favors. Characters who have this skill can use any number of successful methods to disguise the exchange. The character makes a Bribery Test against the target\'s Social Defense, +1 for each additional character. If successful, the target will do the favor asked. Small favors require a small amount of cash, for example, 5 silver pieces or the equivalent of a few hours\' wages for each target. For large favors, the asking character must produce a bribe equal to a day\'s earnings for the target. A character willing to offer larger-than-necessary bribes may receive a bonus to his Bribery Test, at the gamemaster\'s discretion.'),
(15, 'Charge', 0, 0, 2, 1, 'The mounted adept increases the effectiveness of a successful Charging Attack, using his Charge Step in place of his Strength Step for the Damage Test. The normal rules for Charging Attacks otherwise apply (see Mounted Combat, p. 233). The adept may make a Charge Test in place of a Strength Test to avoid losing his weapon or being dismounted by lance or spear attacks (see Mounted Combat, p. 233). The adept\'s mount does not benefit from this skill.'),
(16, 'Climbing', 1, 0, 1, 1, 'The adept clambers up or down vertical surfaces and objects by making a Climbing Test against the Climbing Difficulty of the surface being scaled, as determined by the gamemaster (Gamemaster\'s Guide, p. 108). On a Pathetic Result he loses his grip and falls, possibly suffering Falling damage. Climbing uses a Standard Action in every round spent climbing. Climbing characters move up or down a number of yards equal to their Climbing Rank each round (to a maximum equal to his Movement Rate in yards, not hexes).'),
(17, 'Conceal Object', 1, 1, 1, 1, 'The character hides a weapon or other object somewhere on his body, using sleight of hand. The weapon Size has a greater effect on his ability to hide it—the character subtracts the weapon\'s Size from the Detection Difficulty. This skill is often used to conceal weapons, so its effects are measured by weapon Size (p. 248), but other objects can be hidden just as easily, with the gamemaster assigning an appropriate Size to them. No object can be greater in Size than the adept\'s one-handed Size limit (p. 248). He can conceal objects up to a combined Size equal to his Conceal Object Rank. The adept makes a Conceal Object Test, the result being the Detection Difficulty for attempts made to find the item. Items of Size 1 (Size 2 for trolls and obsidiman, or items equivalent to Size 1 for windlings) are hidden from all kinds of searches; larger items are only hidden from visual inspections. The gamemaster may increase or decrease the Detection Difficulty depending on the adept\'s choice of clothing. As long as an item is concealed, the adept gains the benefit of Surprise when producing it for a fitting purpose, such as drawing a weapon to attack. Adepts may use this talent to regain Surprise when using the Surprise Strike talent. The target of a concealed weapon attack is entitled to a Perception Test to avoid being Surprised (p. 228).'),
(18, 'Conversation', 1, 0, 6, 1, 'The adept holds his own in social conversations, using quips, clever timing, and other verbal tricks to make a favorable impression. The adept makes a Conversation Test against the highest Social Defense among the target group, +1 for each additional character. If successful, the Attitude of the target characters rises favorably toward the adept by one degree (for example, from Neutral to Friendly) for the duration of the conversation and for a number of minutes afterwards equal to the adept\'s Conversation Rank. The target\'s Attitude cannot be improved further while the skill is in effect. The adept can converse with a maximum number of characters equal to his Conversation Rank at a time.'),
(19, 'Craft Armor', 1, 0, 4, 3, 'Use of this skill requires Forge Tools or access to a forge. The character creates new armor and shields. He must carry out his work at a properly equipped forge. Forge tools (see Adventuring Equipment p. 266) can only be effectively employed in a forge. Outside of a forge, they can be used to make minor armor repairs, but cannot be used to create. Creating armor in a poorly equipped forge might double or triple the time requirement, while a well-equipped forge may halve the time. The forge\'s quality and its effect on armor creation time is determined by the gamemaster.\nForging new armor takes considerable time and effort. To make new armor takes a number of weeks equal to the armor\'s Physical + Mystic Armor (half this time for shields). At the end of this period, the character makes a Craft Armor Test against a Difficulty Number equal to the armor\'s Physical + Mystic Armor + 5. The character may spend additional time working on the armor in order to reduce the target Difficulty Number. For each additional week the character spends working on the armor or shield, subtract –1 from the Difficulty Number. The maximum benefit gained from this is –3 to the Difficulty Number, for three additional weeks of effort.\nIf the character fails his Craft Armor Test, he has been unable to create the item successfully. He may try again from anew; only time has been wasted. A Pathetic Result on the Craft Armor Test, however, ruins the armor or shield completely—both the materials and effort invested are wasted. The prices for armor and shields are given in the Goods and Services chapter, p. 254. The material cost of creating a set of armor or a shield is generally half of the price shown on the Armor or Shield Table. Damaged armor and shields can be repaired using this skill, against a Difficulty Number equal to half that required to create the item. A separate Craft Armor Test is required for each point of Physical or Mystic Armor repaired (see Repairing Damaged Armor, p. 256). Weaponsmiths can create armor and shields using half-magic (see Disciplines, p. 55).'),
(20, 'Craftsman', 1, 0, 1, 3, 'Use requires Craftsman Tools. Characters use Craftsman skills to make or repair items. The time required to make the item varies from a few hours for a simple item, to weeks or even months for large or intricate items. The character makes a Craftsman Test against the Difficulty Number of making or repairing the item. Simple, everyday items have a Difficulty Number of 2; ordinary items have a Difficulty Number of 5; unusual or exotic items have a Difficulty Number of 8 or more. If the item is unusually complex, the Result Level required may also increase at the gamemaster\'s discretion. The character can only make or repair an item if he has access to the proper tools and materials for the task. A successful test means the character has successfully made or repaired the item. A Pathetic Result means the attempt failed miserably, destroying the item beyond salvation. If the test is unsuccessful but the Result Level is better than Poor, the character can try again; the only thing the character has lost in the first attempt is time.\nCommon crafts include Baker, Blacksmith, Cooper (barrel maker), Mason, Tailor and Woodworker.'),
(21, 'Craft Weapon', 1, 0, 4, 3, 'Use of this skill requires Forge Tools or access to a forge. The character creates new weapons, including ammunition for missile weapons like arrows and crossbow bolts. He must carry out his work at a properly equipped forge. Forge tools (see Adventuring Equipment, p. 266) can only be effectively employed in a forge. Outside of a forge, they can be used to make minor weapon repairs, but can\'t be used to create weapons. Creating weapons in a poorly equipped forge might double or triple the time requirement, while a well-equipped forge may halve the time. The forge\'s quality and its effect on weapon creation time is determined by the gamemaster.\nForging new weapons takes time and effort. Making a weapon takes a number of days equal to the weapon Size plus Damage Step. At the end of this period, the character makes a Craft Weapon Test against a Difficulty Number equal to the weapon\'s Damage Step + 5. The character may spend additional time working on the weapon in order to reduce the target Difficulty Number. For each additional day the character spends working on the weapon, subtract –1 from the Difficulty Number. The maximum benefit gained from this is –3 to the Difficulty Number, for three additional days of effort.\nIf the character fails his Craft Weapon Test, he has been unable to create the item successfully. He may try again from anew; only time has been wasted. A Pathetic Result on the Craft Weapon Test, however, ruins the weapon completely—both the materials and effort invested are wasted. Bolts, arrows and other missiles are considered to be equivalent to the Size and Damage Step of the missile weapon. This reflects the character having to forge the arrowhead, make the shaft, and then fletch the shaft with leather or feathers, requisite to the size of the weapon used to loose the missile. A successful Craft Weapon Test produces a number of missiles equivalent to that shown for purchase in the Missile Weapons Table, p. 252.\nThe prices for weapons are given in the Goods and Services chapter, p. 248. The material cost of creating a weapon is generally half of the price shown on the appropriate Weapon Table. Damaged weapons can be repaired using this skill, against a Difficulty Number equal to that required to create the weapon. A separate Craft Weapon Test is required for each Damage Step repaired (see Repairing Damaged Weapons, p. 253). Weaponsmiths can create weapons using half-magic (see Disciplines, p. 55). Archers can create bows or crossbows and arrows or bolts using half-magic (see Disciplines, p. 43).'),
(22, 'Dead Fall', 0, 1, 5, 1, 'The character feigns the appearance of death by controlling his body and acting in a suitably realistic fashion. The result is similar enough to an illusion to require a Sensing or Disbelief Test to detect. Because shutting down the character\'s vital body functions for an extended period of time is hazardous, the character is not able to renew the effect without a pause to recover. He can only hope that those observing him move quickly along before they notice he is not really dead! As he collapses to the ground, the adept makes a Dead Fall Test to determine the Disbelief Difficulty (see Illusions, p. 139). Those observing the adept \"dying\" may make a Perception Test as a Sensing Test against the Disbelief Difficulty. If this test fails, they believe he is really dead. The effect lasts for a number of rounds equal to the adept\'s Dead Fall Rank.'),
(23, 'Detect Trap', 1, 1, 4, 1, 'The adept detects traps by making a Detect Trap Test and comparing the result against the Detection Difficulty of any traps within short range of Visibility (see the Gamemaster\'s Guide, p. 119). The average Detection Difficulty for most mechanical traps is 5, though well-concealed traps may have a Detection Difficulty as high as 9. The Detection Difficulty for magical traps is equal to the trap\'s Spell Defense. On an Average Result, the adept notices something that gives away the trap\'s presence. On a Good Result, he pinpoints the trap\'s trigger and generally figures out how to avoid setting it off. An Excellent Result tells him what type of effect (crushing, smashing, poison, and so on) the trap employs. On an Extraordinary Result the adept adds his Detect Trap Rank to any attempts he makes to disarm the trap (see Disarm Trap, p. 65).'),
(24, 'Detect Weapon', 1, 1, 4, 1, 'The adept detects hidden weapons by making a Detect Weapon Test and comparing the result against the Detection Difficulty of any concealed weapons within short range of Visibility (see the Gamemaster\'s Guide, p. 119). If successful, he spots the weapon and learns its type, but is unaware of any magical properties it may possess. Once the adept notices a concealed weapon, he becomes aware of its presence and is alert to possible treachery. As a result, he cannot be Surprised by an attack made with that weapon (see Conceal Object, p. 64) unless the weapon\'s owner takes different measures to gain Surprise against him.'),
(25, 'Diplomacy', 1, 0, 6, 1, 'The adept mitigates disputes and influences the development of mutual interests by making a Diplomacy Test against the target\'s Social Defense. If successful, the negotiator\'s Attitude towards his opponents improves by one degree for a number of hours equal to the adept\'s Diplomacy Rank. While this might not necessarily settle a dispute or prompt the target to sign a contract, the use of Diplomacy usually helps to get the parties working together to approach the matter from a mutual perspective.'),
(26, 'Disarm', 1, 1, 1, 1, 'The adept uses a combination of clever feints and flashing weapon-play to knock an opponent\'s weapon from his hand by making a Disarm Test against the target\'s Physical Defense. An opponent wielding a two-handed weapon can only be disarmed on a Good Result. If successful, the opponent\'s weapon is sent spinning from the wielder\'s hand in a direction of the adept\'s choice for a number of feet equal to the Damage Test result. The target takes no damage from being disarmed. Disarm cannot be used against shields or weapons that are part of the defender\'s body, such as claws. Disarm counts as an Attack Test, and can be defended against accordingly.'),
(27, 'Disarm Trap', 1, 1, 1, 1, 'The adept uses deduction, divination magic, and a deft touch to render traps inoperative by making a Disarm Trap Test against the trap\'s Disarm Difficulty, as determined by the gamemaster (see the Gamemaster\'s Guide, p. 110). If successful, the trap\'s trigger mechanism is disabled, preventing it from activating. On a Pathetic Result, the trigger is \"tripped\" and the trap immediately goes off. The adept may attempt to disarm the same trap a number of times equal to his Disarm Trap Rank. Should he fail all of his attempts, he cannot try again until he increases his Disarm Trap Rank.'),
(28, 'Disguise', 1, 0, 4, 1, 'Use requires a Disguise Kit. The character uses costumes and make-up to disguise himself or another as a Namegiver of his choice, within certain limits. The disguised being can weigh no more than 150 percent, and not less than 75 percent, of the target character\'s body weight. The character may not vary the height, width, or length of any part of his body, limbs or torso, by more than 25 percent for the purposes of the disguise. The character requires access to a full make-up kit, clothing, jewelry, and other accoutrements for the disguise to be effective; it takes a minimum of 30 minutes to prepare the disguise. The character makes a Disguise Test, the result becoming the Detection Difficulty for any attempts made to see through the disguise. Each use of Disguise lasts for a number of hours equal to the character\'s Disguise Rank, or until the disguised character chooses to discard the costume. Note that the Disguise skill only alters appearance. If a disguised character is attempting to impersonate someone else, the character will likely need other abilities, such as the Acting skill or Mimic Voice talent or skill, to convince others of his false identity. The Disguise skill can be used to Disguise other characters.'),
(29, 'Distract', 1, 1, 6, 1, 'The adept diverts an opponent\'s attention by making a Distract Test against the target\'s Social Defense. If successful, the target is distracted, focusing his attention on the adept until the end of the next round. The adept\'s allies may attack the target as if he was Blindsided until the end of the next round.'),
(30, 'Down Strike', 0, 1, 2, 1, 'The adept takes advantage of higher ground to deliver more devastating close combat attacks. He must be in a stable position at least one yard above his opponent (either mounted or standing on higher ground), or must jump down onto his opponent. If his attack is successful, the adept substitutes his Down Strike Step for his Strength Step on the Damage Test.'),
(31, 'Emotion Song', 1, 1, 6, 1, 'The adept sings songs that arouse an audience to a basic emotion, such as fear, love, hate, happiness, anger, or joy, directed at the subject of the song. For example, if the song is about love for a king, the audience feels the emotion expressed (love in this case) about the king named in the song. Each performance requires at least ten minutes to complete, after which the adept makes an Emotion Song Test against the highest Social Defense among the audience. If successful, each Result Level achieved affects 25 percent of the audience. The maximum number of people that can be affected by a performance is equal to the adept\'s Emotion Song Rank × 10; if the audience is too big to be affected completely, the adept targets a localized part of it. Each consecutive use of this talent creates a cumulative effect, with each successive result adding to the one before. Once the adept has affected the current audience, he can continue his performance, engaging a bigger audience with his song. The adept can perform for no more than Emotion Song Rank hours, after which he cannot use the talent again for one day. On a Poor Result for any Emotion Song Test, the adept must immediately stop performing—the crowd has grown weary of his performance, and he may not use this talent again for a day. The effects of his performance to that point, if any, are still felt by the audience, however. On a Pathetic Result for any Emotion Song Test, the effect of the song changes, turning the emotion felt by affected members of the audience into the opposite emotion intended by the adept. The song\'s effect lasts for a number of days equal to the adept\'s Emotion Song Rank, during which time those affected are more susceptible to suggestions related to the subject and emotion expressed by the song. Those making such suggestions gain a +1 Interaction Test bonus; those making suggestions counter to the emotion suffer a -1 Interaction Test penalty.'),
(32, 'Engaging Banter', 1, 1, 6, 1, 'The adept uses charm and a touch of magical suggestion to distract a character, who must be able to understand him for the banter to work. The adept makes an Engaging Banter Test against the target\'s Social Defense. If successful, both parties engage in witty, idle chat for a number of minutes equal to the adept\'s Engaging Banter Rank, during which time the target is distracted and considered Harried. Additionally, the target suffers a -1 penalty to all Perception Tests made to notice anything but the adept for every result Level achieved beyond what is necessary (this stacks with the Harried penalty). Bantering requires the adept\'s concentration; if broken, or if the target is attacked, the talent ends. Increase the Result Level required by one level for each additional Engaging Banter Test made against the target in the same encounter.'),
(33, 'Entertainer', 1, 0, 6, 3, 'Use may require a Musical Instrument. Entertainers are performing artists. To use the Entertainer skill, a character makes an Entertainer Test against the highest Social Defense of any observer of his work. The Result Level determines how much the observers enjoy the performance. An Average Result indicates that 25 percent of the audience enjoy and remember the performance; a Good Result affects 50 percent of the audience; an Excellent Result affects 75 percent of the audience; an Extraordinary Result means the entire audience appreciates the entertainer\'s performance. If he wishes, a character may acquire the Entertainer skill multiple times to learn new types of performing arts. Examples include musician (one instrument), poet (spoken), singer, and storyteller.'),
(34, 'Etiquette', 1, 0, 6, 1, 'Etiquette is the art of proper behavior in social situations. It is used as described for the Etiquette Talent (p. 68), except that the skill\'s effect lasts for a number of hours equal to the character\'s Conversation Rank or until the situation ends, whichever comes first.'),
(35, 'Fast Hand', 1, 1, 1, 1, 'The character moves one or two small items from one place to another without being noticed. The adept moves one or two small items—no bigger than 6 inches along any one dimension—from one place to another without being noticed. The adept makes a Fast Hand Test, the result being the Detection Difficulty for attempts made to notice the move. Anyone observing the adept may make a Perception Test against the Detection Difficulty to notice the action immediately after the switch has occurred. This skill does not allow the adept to empty a purse or pocket of its contents (see Picking Pockets, p. 77), although it could be used to switch two purses around.'),
(36, 'First Impression', 1, 0, 6, 1, 'The adept favorably impresses a gamemaster character he has met for the first time by making a First Impression Test against the target\'s Social Defense. If successful, the target\'s Attitude improves toward the adept by one degree (a Neutral character becomes Friendly; an Unfriendly character becomes Neutral; and so on). On an Excellent Result, it improves by two degrees. The new Attitude may be changed for better or worse through future interactions, but reverts back to the original level at a rate of one degree per day. Any hostile act the adept commits against the target immediately erases the impression. The adept may only attempt to use this talent once against a given character.'),
(37, 'Fishing', 0, 0, 4, 1, 'Use of this skill requires a Fishing Kit. The character knows how to catch fish in lakes, rivers, or seas, using a variety of methods, including fishing nets and rods. The Difficulty Number for Fishing Tests ranges from 3 to 10, as determined by the gamemaster. Each use of this skill takes four hours and the character may make two such tests per day. The Result Level achieved determines the amount of fish caught. An Average Result catches sufficient fish to feed one person for one day; a Good Result for two days (or daily food for two people); an Excellent Result for three days (or daily food for three people); an Extraordinary Result catches enough fish to feed one person for four days (or daily food for four people).'),
(38, 'Flirting', 1, 0, 6, 1, 'A form of interaction with members of a character\'s preferred sex, the Flirting skill combines elements of flattery, intense attention, and clever word-play to affect another person. Flirtatious behavior accents conversations with hints of romance. The character makes a Flirting Test against the target\'s Social Defense. An Average Result intrigues the target; he or she spends time with your character, trying to learn more about him or her. A Good Result completely occupies the target character\'s attention; he spends almost all available time with your character, more or less ignoring anyone else who might be around. An Excellent Result leaves a lasting impression on the target. He or she exhibits all the symptoms mentioned so far and will follow up on the relationship, seeking to continue and deepen it at a later time. An Extraordinary Result smites the target with love. He or she has it bad; for one week the other character cannot get enough of yours. He or she thinks your character is the greatest. The effect fades when the week ends, but another successful Flirting Test could start it all over again.'),
(39, 'Forgery', 1, 0, 1, 1, 'Use requires a Writing Kit and Artisan Tools. Forgers create false papers, legal documents, and correspondence. A character with the Forgery skill might even forge artwork if he also has the appropriate Artist skill. For example, a character with the Forgery and Artist (Painter) skills could fake the work of a famous master. Creating a forgery takes two to five times as long as creating the original. For example, a letter jotted hastily in a few minutes might take nearly an hour to forge. The character makes a Forgery Test, the result becoming the Detection Difficulty for attempts to detect the forgery.'),
(40, 'Graceful Exit', 1, 0, 6, 1, 'The adept escapes from combat by distracting his opponents and making a Graceful Exit Test against the highest Social Defense among the target group, +1 for each additional character. If successful, he makes good his escape, immediately moving as far away from the combat as possible. He may not take any actions other than movement or the talent\'s effect ends. Those characters bedazzled by the adept\'s sudden departure may take no direct action against him for a number of rounds equal to his Graceful Exit Rank. This talent protects only the adept—his colleagues must fend for themselves. If the adept returns to the combat after having made a Graceful Exit, the characters who were originally affected become enraged. If possible, they will try to attack the adept in preference to others, and are immune to all Interaction Tests made against their Social Defense to influence them otherwise. Their anger and outrage gives them a +1 bonus to any Action Tests they make against the adept.'),
(41, 'Great Leap', 0, 1, 1, 1, 'The adept jumps large distances by making a Great Leap Test, the result being how many hexes the adept may jump, with the distance covered divided between horizontal and vertical, but not exceeding his Movement Rate in either direction. If he uses the Running combat option (p. 225), the adept may leap up to double his Movement Rate in either direction. Great Leap can also be used to avoid environmental hazards, such as rock traps and falling rigging, but not as a normal Avoid Blow Test in combat. If the adept is aware of the threat, he may make a Great Leap Test against a Difficulty Number determined by the gamemaster to avoid being struck. If successful, he leaps clear at the last instant. Air Sailors and Sky Raiders often use this talent to board airships in combat or to leap clear of burning rigging and debris.'),
(42, 'Haggle', 1, 0, 6, 1, 'The adept drives a \"hard bargain\" when selling or buying goods by making a Haggle Test against the customer\'s or merchant\'s Social Defense. If successful, the price rises or falls by 5 percent of the goods\' cost in favor of the adept. Merchants or customers can make Haggle Tests to readjust the price in their favor. The adept may make a number of tests per transaction equal to his Haggle Rank. However, as soon as he fails a Haggle Test, his bargaining stops. Haggle can also be used to get a better price for stolen or illegal goods—shady merchants usually buy stolen or illegal goods for a base 10 percent of their value (see the Goods and Services chapter, p. 247). What constitutes a transaction may vary from a single ring to an entire chest of jewelry. The adept can only use the Haggle talent on one transaction per day against a merchant.'),
(43, 'Heartening Laugh', 1, 1, 6, 1, 'The adept bolsters morale by directing a booming, mocking laugh at his opponents and making a Heartening Laugh Test against the highest Social Defense among all opponents within earshot. If successful, any characters Friendly to the adept and who hear the laugh add his Heartening Laugh Rank to any Willpower Tests made to resist the effects of fear or Intimidation caused by the adept\'s opponents for a number of rounds equal to his Heartening Laugh Rank.'),
(44, 'Hunting', 1, 0, 1, 1, 'The character knows how to hunt for game animals in wilderness areas. The Difficulty Number for Hunting Tests ranges from 5 to 12, based on the terrain, as determined by the gamemaster. Difficulty Numbers for hunting in various areas of Barsaive are shown on the Hunting Table. Some barren areas may not support wildlife at all; a character cannot successfully hunt for food in such an area. Each use of the Hunting skill takes four hours. A character may make two Hunting Tests each day. The Hunting Test result determines the amount of food captured. Each Result Level, starting with Average, provides enough food to feed 1 person for 1 day. For example, an Excellent Result provides enough food for 1 person for 3 days or for 3 persons for 1 day. At the gamemaster\'s discretion, adept characters who follow certain Disciplines may gain a +1 to +3 bonus to Hunting Tests for creative use of their talents and half-magic abilities. For example, Beastmasters can gain a bonus if they use their Borrow Sense, Creature Analysis, or Tracking talents. Scouts can gain a bonus for using their Tracking talent or their Enhance Senses ability.'),
(45, 'Hypnotize', 1, 1, 6, 1, 'The character mesmerizes another character, making him susceptible to persuasion. The character must speak in a language known to the target—even though he may use accessories, such as flashy charms or baubles, the character must be understood to have any chance of success. The target must be within 10 yards of the adept and in a state where he is not distracted—a target involved in combat cannot be hypnotized, for instance. The adept makes a Hypnotize Test against the target\'s Social Defense. If successful, the target\'s Attitude improves toward the adept by one degree, to a maximum of Friendly. While hypnotized, the target remains placid, unless attacked. Over a number of minutes equal to his Hypnotize Rank, the adept can make post-hypnotic suggestions to the target. The adept makes as many Interaction Tests as required against the target\'s Social Defense, with successful Test Results persuading the target to perform actions suggested to him. The target will carry out any actions to which he agrees while under the talent\'s effects, as long as they can be completed within a number of hours equal to the adept\'s Hypnotize Rank after the hypnosis session ends. A character can only be affected by a single Hypnotize effect at a time.'),
(46, 'Impress', 1, 1, 6, 1, 'The character impresses onlookers with a performance of his choice. The adept impresses a character with a performance of his choice. The performance can be of any kind, as long as the target character observes it. After his performance, the adept makes an Impress Test against the target\'s Social Defense. If successful, the target becomes impressed and the adept adds his Impress Rank to any Interaction Tests he makes against that character for a number of minutes also equal to his Impress Rank. It requires a Sustained Action, as it includes the test of a skill usable as an Artisan skill being made for the performance. The Impress Test Result cannot exceed the result of the skill used for the performance, use the lower of the two Test Results as the Impress Test result.'),
(47, 'Alchemy and Potions', 1, 0, 4, 2, 'The character is knowledgeable about a certain topic. The precise definition of a Knowledge skill is determined by the player, keeping in mind that all Knowledge skills are subject to the gamemaster\'s approval. A Knowledge skill may cover broad areas of knowledge, meaning that the character knows a little bit about a lot of things, or he may have more focused knowledge, giving him more detailed knowledge within a smaller area of expertise. While the area of expertise is determined by the player, the gamemaster determines how applicable the knowledge is to the question at hand.\nThe Typical Knowledge Skill Table lists some different Knowledge skills that might be appropriate or useful for characters. See Knowledge Skills, p. 89, for more information on how they work.'),
(48, 'Ancient Weapons', 1, 0, 4, 2, 'The character is knowledgeable about a certain topic. The precise definition of a Knowledge skill is determined by the player, keeping in mind that all Knowledge skills are subject to the gamemaster\'s approval. A Knowledge skill may cover broad areas of knowledge, meaning that the character knows a little bit about a lot of things, or he may have more focused knowledge, giving him more detailed knowledge within a smaller area of expertise. While the area of expertise is determined by the player, the gamemaster determines how applicable the knowledge is to the question at hand.\nThe Typical Knowledge Skill Table lists some different Knowledge skills that might be appropriate or useful for characters. See Knowledge Skills, p. 89, for more information on how they work.'),
(49, 'Baking', 1, 0, 4, 2, 'The character is knowledgeable about a certain topic. The precise definition of a Knowledge skill is determined by the player, keeping in mind that all Knowledge skills are subject to the gamemaster\'s approval. A Knowledge skill may cover broad areas of knowledge, meaning that the character knows a little bit about a lot of things, or he may have more focused knowledge, giving him more detailed knowledge within a smaller area of expertise. While the area of expertise is determined by the player, the gamemaster determines how applicable the knowledge is to the question at hand.\nThe Typical Knowledge Skill Table lists some different Knowledge skills that might be appropriate or useful for characters. See Knowledge Skills, p. 89, for more information on how they work.'),
(50, 'Barsaive History', 1, 0, 4, 2, 'The character is knowledgeable about a certain topic. The precise definition of a Knowledge skill is determined by the player, keeping in mind that all Knowledge skills are subject to the gamemaster\'s approval. A Knowledge skill may cover broad areas of knowledge, meaning that the character knows a little bit about a lot of things, or he may have more focused knowledge, giving him more detailed knowledge within a smaller area of expertise. While the area of expertise is determined by the player, the gamemaster determines how applicable the knowledge is to the question at hand.\nThe Typical Knowledge Skill Table lists some different Knowledge skills that might be appropriate or useful for characters. See Knowledge Skills, p. 89, for more information on how they work.'),
(51, 'Botany', 1, 0, 4, 2, 'The character is knowledgeable about a certain topic. The precise definition of a Knowledge skill is determined by the player, keeping in mind that all Knowledge skills are subject to the gamemaster\'s approval. A Knowledge skill may cover broad areas of knowledge, meaning that the character knows a little bit about a lot of things, or he may have more focused knowledge, giving him more detailed knowledge within a smaller area of expertise. While the area of expertise is determined by the player, the gamemaster determines how applicable the knowledge is to the question at hand.\nThe Typical Knowledge Skill Table lists some different Knowledge skills that might be appropriate or useful for characters. See Knowledge Skills, p. 89, for more information on how they work.'),
(52, 'Court Dancing', 1, 0, 4, 2, 'The character is knowledgeable about a certain topic. The precise definition of a Knowledge skill is determined by the player, keeping in mind that all Knowledge skills are subject to the gamemaster\'s approval. A Knowledge skill may cover broad areas of knowledge, meaning that the character knows a little bit about a lot of things, or he may have more focused knowledge, giving him more detailed knowledge within a smaller area of expertise. While the area of expertise is determined by the player, the gamemaster determines how applicable the knowledge is to the question at hand.\nThe Typical Knowledge Skill Table lists some different Knowledge skills that might be appropriate or useful for characters. See Knowledge Skills, p. 89, for more information on how they work.'),
(53, 'Creature Lore', 1, 0, 4, 2, 'The character is knowledgeable about a certain topic. The precise definition of a Knowledge skill is determined by the player, keeping in mind that all Knowledge skills are subject to the gamemaster\'s approval. A Knowledge skill may cover broad areas of knowledge, meaning that the character knows a little bit about a lot of things, or he may have more focused knowledge, giving him more detailed knowledge within a smaller area of expertise. While the area of expertise is determined by the player, the gamemaster determines how applicable the knowledge is to the question at hand.\nThe Typical Knowledge Skill Table lists some different Knowledge skills that might be appropriate or useful for characters. See Knowledge Skills, p. 89, for more information on how they work.'),
(54, 'Discipline Lore', 1, 0, 4, 2, 'The character is knowledgeable about a certain topic. The precise definition of a Knowledge skill is determined by the player, keeping in mind that all Knowledge skills are subject to the gamemaster\'s approval. A Knowledge skill may cover broad areas of knowledge, meaning that the character knows a little bit about a lot of things, or he may have more focused knowledge, giving him more detailed knowledge within a smaller area of expertise. While the area of expertise is determined by the player, the gamemaster determines how applicable the knowledge is to the question at hand.\nThe Typical Knowledge Skill Table lists some different Knowledge skills that might be appropriate or useful for characters. See Knowledge Skills, p. 89, for more information on how they work.'),
(55, 'Farming', 1, 0, 4, 2, 'The character is knowledgeable about a certain topic. The precise definition of a Knowledge skill is determined by the player, keeping in mind that all Knowledge skills are subject to the gamemaster\'s approval. A Knowledge skill may cover broad areas of knowledge, meaning that the character knows a little bit about a lot of things, or he may have more focused knowledge, giving him more detailed knowledge within a smaller area of expertise. While the area of expertise is determined by the player, the gamemaster determines how applicable the knowledge is to the question at hand.\nThe Typical Knowledge Skill Table lists some different Knowledge skills that might be appropriate or useful for characters. See Knowledge Skills, p. 89, for more information on how they work.'),
(56, 'Horror Lore', 1, 0, 4, 2, 'The character is knowledgeable about a certain topic. The precise definition of a Knowledge skill is determined by the player, keeping in mind that all Knowledge skills are subject to the gamemaster\'s approval. A Knowledge skill may cover broad areas of knowledge, meaning that the character knows a little bit about a lot of things, or he may have more focused knowledge, giving him more detailed knowledge within a smaller area of expertise. While the area of expertise is determined by the player, the gamemaster determines how applicable the knowledge is to the question at hand.\nThe Typical Knowledge Skill Table lists some different Knowledge skills that might be appropriate or useful for characters. See Knowledge Skills, p. 89, for more information on how they work.'),
(57, 'Legends and Heroes', 1, 0, 4, 2, 'The character is knowledgeable about a certain topic. The precise definition of a Knowledge skill is determined by the player, keeping in mind that all Knowledge skills are subject to the gamemaster\'s approval. A Knowledge skill may cover broad areas of knowledge, meaning that the character knows a little bit about a lot of things, or he may have more focused knowledge, giving him more detailed knowledge within a smaller area of expertise. While the area of expertise is determined by the player, the gamemaster determines how applicable the knowledge is to the question at hand.\nThe Typical Knowledge Skill Table lists some different Knowledge skills that might be appropriate or useful for characters. See Knowledge Skills, p. 89, for more information on how they work.'),
(58, 'Military Organizations', 1, 0, 4, 2, 'The character is knowledgeable about a certain topic. The precise definition of a Knowledge skill is determined by the player, keeping in mind that all Knowledge skills are subject to the gamemaster\'s approval. A Knowledge skill may cover broad areas of knowledge, meaning that the character knows a little bit about a lot of things, or he may have more focused knowledge, giving him more detailed knowledge within a smaller area of expertise. While the area of expertise is determined by the player, the gamemaster determines how applicable the knowledge is to the question at hand.\nThe Typical Knowledge Skill Table lists some different Knowledge skills that might be appropriate or useful for characters. See Knowledge Skills, p. 89, for more information on how they work.'),
(59, 'Province History', 1, 0, 4, 2, 'The character is knowledgeable about a certain topic. The precise definition of a Knowledge skill is determined by the player, keeping in mind that all Knowledge skills are subject to the gamemaster\'s approval. A Knowledge skill may cover broad areas of knowledge, meaning that the character knows a little bit about a lot of things, or he may have more focused knowledge, giving him more detailed knowledge within a smaller area of expertise. While the area of expertise is determined by the player, the gamemaster determines how applicable the knowledge is to the question at hand.\nThe Typical Knowledge Skill Table lists some different Knowledge skills that might be appropriate or useful for characters. See Knowledge Skills, p. 89, for more information on how they work.'),
(60, 'Racial Lore', 1, 0, 4, 2, 'The character is knowledgeable about a certain topic. The precise definition of a Knowledge skill is determined by the player, keeping in mind that all Knowledge skills are subject to the gamemaster\'s approval. A Knowledge skill may cover broad areas of knowledge, meaning that the character knows a little bit about a lot of things, or he may have more focused knowledge, giving him more detailed knowledge within a smaller area of expertise. While the area of expertise is determined by the player, the gamemaster determines how applicable the knowledge is to the question at hand.\nThe Typical Knowledge Skill Table lists some different Knowledge skills that might be appropriate or useful for characters. See Knowledge Skills, p. 89, for more information on how they work.'),
(61, 'Scourge History', 1, 0, 4, 2, 'The character is knowledgeable about a certain topic. The precise definition of a Knowledge skill is determined by the player, keeping in mind that all Knowledge skills are subject to the gamemaster\'s approval. A Knowledge skill may cover broad areas of knowledge, meaning that the character knows a little bit about a lot of things, or he may have more focused knowledge, giving him more detailed knowledge within a smaller area of expertise. While the area of expertise is determined by the player, the gamemaster determines how applicable the knowledge is to the question at hand.\nThe Typical Knowledge Skill Table lists some different Knowledge skills that might be appropriate or useful for characters. See Knowledge Skills, p. 89, for more information on how they work.'),
(62, 'Trade Routes', 1, 0, 4, 2, 'The character is knowledgeable about a certain topic. The precise definition of a Knowledge skill is determined by the player, keeping in mind that all Knowledge skills are subject to the gamemaster\'s approval. A Knowledge skill may cover broad areas of knowledge, meaning that the character knows a little bit about a lot of things, or he may have more focused knowledge, giving him more detailed knowledge within a smaller area of expertise. While the area of expertise is determined by the player, the gamemaster determines how applicable the knowledge is to the question at hand.\nThe Typical Knowledge Skill Table lists some different Knowledge skills that might be appropriate or useful for characters. See Knowledge Skills, p. 89, for more information on how they work.'),
(63, 'Wild Animals', 1, 0, 4, 2, 'The character is knowledgeable about a certain topic. The precise definition of a Knowledge skill is determined by the player, keeping in mind that all Knowledge skills are subject to the gamemaster\'s approval. A Knowledge skill may cover broad areas of knowledge, meaning that the character knows a little bit about a lot of things, or he may have more focused knowledge, giving him more detailed knowledge within a smaller area of expertise. While the area of expertise is determined by the player, the gamemaster determines how applicable the knowledge is to the question at hand.\nThe Typical Knowledge Skill Table lists some different Knowledge skills that might be appropriate or useful for characters. See Knowledge Skills, p. 89, for more information on how they work.'),
(64, 'Lip Reading', 1, 2, 6, 1, 'The adept eavesdrops on a conversation by watching the target character\'s lips move and making a Lip Reading Test against the target\'s Social Defense. If successful, he is able to read what the speaker is saying for a number of minutes equal to the Test Result, as long as he can see the target\'s lips. The adept must be able to understand the language being spoken to make sense of the conversation. If he doesn\'t, the adept can phonetically sound out what the target is saying, allowing someone nearby who can understand the language to translate for him.'),
(65, 'Lock Picking', 1, 0, 1, 1, 'Use requires Thieves\' Picks and Tools. The character opens mundane locks by using a set of lock picks (see Adventuring Equipment, p. 266) by making a Lock Picking Test against a Difficulty Number determined by the gamemaster for mundane locks, or against the lock\'s Spell Defense for magical locks. If successful, the lock opens. The adept may attempt to open the same lock a number of times equal to his Lock Picking Rank. Should he fail all of his attempts, or on any Pathetic Result, he cannot open that lock until he increases his Lock Picking Rank. At the gamemaster\'s discretion, some magical locks may be opened, but require one Result Level higher for the test to be successful. On a Pathetic Result, the character not only fails to open the lock, he irretrievably jams or breaks his picks in the lock.'),
(66, 'Maneuver', 1, 0, 1, 1, 'The adept sacrifices his Standard Action to avoid an opponent\'s attacks and move into a more advantageous position against that opponent by making a Maneuver Test, the result replacing his natural Physical Defense against that opponent until the adept\'s turn in the following round. If the adept successfully avoids all attacks directed against him by that opponent until that turn, he may add his Maneuver Rank to the first close combat Attack Test he makes against his now out-maneuvered opponent on that turn. If this attack is successful, the adept adds his Maneuver Rank to the Damage Test.'),
(67, 'Mapmaking', 1, 0, 4, 3, 'Use requires a Writing Kit and Artisan Tools. To get where they want to go and avoid unsafe spots, characters traveling over land need a map. Barsaive province covers a vast distance, and current maps show many uncharted areas. The Scourge altered Barsaive\'s geography by obliterating many towns and cities, forcing others to relocate and destroying landmarks and geographic features. In the time since the Scourge, no one has undertaken an expedition solely to map Barsaive, and so no reliable maps of post-Scourge Barsaive exist. Most available maps only indicate the major landmarks still in existence, such as the larger mountain ranges, the ruins of Parlainth, the Theran Empire outposts at Vivane and Sky Point, the Serpent River, Death\'s Sea, the larger cities of Iopos, Travar, Jerris, and Kratas, and the Kingdom of Throal. Some more expensive maps also show the main trade routes across the province, but most of these are commissioned by traders and are not for sale.\nMost mapmakers in Barsaive draw their maps to be used with a device called Shantaya\'s sextant. Shantaya was an elven Troubadour who traveled across the province and mapped it in the years before the Scourge. As a way to standardize her work, she developed a device to chart distance and bearings using the maps she drew. By aligning the sextant with certain landmarks on the map, a traveler can determine the bearing and distance (in days walking or riding) to various places in Barsaive. The most prominent landmarks on the Shantaya maps are Throal, Kratas, Sky Point, Wyrm Wood (now Blood Wood), Death\'s Sea, and the Dragon Mountains.\nMapmaking is a Craftsman skill that characters can learn as they might any other. Characters can create maps in two ways—by copying an existing map or drawing an original map. To draw an original map, a character must have traveled over the area he is mapping. To draw an original map, the character makes a Mapmaking (7) Test. This must be accompanied by successful Navigation Tests (p. 76) to keep track of position, except if the map is for a very small individual area. To copy an existing map, the character makes a Mapmaking (5) Test. The Result Level of the test determines the quality of the map produced. An Average Result yields a functional map with a few basic details and landmarks; a Good or Excellent Result yields a map that characters can use with Shantaya\'s sextant; an Extraordinary Result yields a highly accurate map that gives a +1 bonus to any Navigation Test made using it.'),
(68, 'Melee Weapons', 1, 0, 1, 1, 'The adept makes a melee attack in close combat against an opponent with a hand-held weapon, like a sword, axe, or dagger, by making a Melee Weapons Test against the target\'s Physical Defense. If successful, the attack hits the target and the adept makes a Damage Test for the weapon used. See Melee Attacks, p. 229, for more information.'),
(69, 'Mimic Voice', 0, 0, 4, 1, 'The adept mimics a voice he hears by making a Mimic Voice Test against the speaker\'s Social Defense. If successful, he learns and can mimic that voice for a number of hours equal to his Mimic Voice Rank. When attempting to fool others, the adept makes a Mimic Voice Test, the result being the Detection Difficulty for any Tests made to detect the mimicry. If the adept does not understand the language of the person whose voice he is trying to mimic, the talent produces the equivalent of baby babble to those hearing it—the sounds are right, but the words don\'t mean anything.'),
(70, 'Missile Weapons', 1, 0, 1, 1, 'The adept makes a missile attack in ranged combat against an opponent by using a bow, crossbow, or another weapon that fires projectiles, and making a Missile Weapons Test against the target\'s Physical Defense. If successful, the attack hits the target and the adept makes a Damage Test for the weapon used. See Missile Attacks, p. 231, for more information.'),
(71, 'Momentum Attack', 0, 1, 1, 1, 'The adept makes an additional close combat attack while his opponent recovers from the first blow. If the adept achieves a Good Result on his initial close combat Attack Test against an opponent, he may make a Momentum Attack against that opponent. After resolving the damage from his first attack, the adept makes a Momentum Attack Test against his opponent\'s Physical Defense. If successful, he makes a Damage Test, as normal. Damage bonuses applied to the initial attack do not carry over. For example, if the adept uses Crushing Blow with his first attack, he does not add that damage bonus to his Momentum Attack, though he may use Crushing Blow again. This talent can only be used once per round.'),
(72, 'Mount Attack', 0, 1, 6, 1, 'The Mount Attack skill allows an adept to increase the accuracy of his mount\'s attacks. The adept must be riding the mount for it to benefit from this talent. The adept adds his Mount Attack Rank to the mount\'s Attack Test.'),
(73, 'Navigation', 1, 0, 4, 1, 'Use of this skill requires Navigation Charts. Navigators know how to read maps, chart courses, and even guide an airship safely through the skies; circumventing storms and turbulence, flying creatures, and other hazards. The Navigation skill is used as described for the Navigation Talent (see p. 76), but each use takes one hour, and a character cannot make a Test during a severe rainstorm or blizzard.'),
(74, 'Parry', 0, 1, 1, 1, 'The adept defends himself against blows directed at him in close combat by making a Parry Test against his opponent\'s Attack Test result. If successful, he deflects the blow and takes no damage. The adept can use this talent a number of times per round equal to his Parry Rank, but only once per attack. The adept cannot Parry attacks he cannot see, such as when he is Blindsided. Parry uses a weapon, shield, or other sturdy item to deflect an attack. The adept adds his weapon\'s Size, his shield\'s Deflection Bonus, a bonus determined by the rules for a special item, or a bonus determined by the gamemaster, as a bonus to the Parry Test. An adept with no such equipment (no weapon, shield, etc.) attempting to Parry a melee weapon attack must achieve a Good Result to avoid injury.'),
(75, 'Performance', 0, 2, 6, 1, 'The adept impresses onlookers by actively performing a skill or talent of his choice and making a Performance Test against the highest Social Defense among the members of the target audience. If successful, the adept gains a +1 bonus for each Result Level achieved to his Interaction Tests against those affected, for a number of hours equal to his Performance Rank.'),
(76, 'Physician', 1, 0, 4, 1, 'Use requires a Physician\'s Kit. The character diagnoses and prescribes treatments for injuries and diseases by examining the injury for half an hour, then making a Physician Test against the condition\'s Difficulty Number. If successful, he learns what the exact problem is and how to treat it. The character\'s Physician Rank is added to the next Recovery Test his patient makes or the next resistance test against disease or poison, if applicable. The Physician Treatment Table shows suggested Difficulty Numbers for diagnosing common ailments, in order of seriousness. The gamemaster determines the Difficulty Number for other ailments. A physician can attempt to treat the same ailment a number of times per day equal to the patient\'s Number of Recovery Tests.\nTreating raw damage is treating an Injury, the effect of successful treatment is a Recovery Test bonus, as noted above. The Physician skill can also be used to treat Wounds, however. Wounds are treated individually, the physician has to take time to stitch or bandage each Wound professionally. Successful treatment of a Wound does not heal it, but removes its penalty to Recovery Tests (see Effects of Injury, p. 220), thereby allowing to heal it faster. Treating Wounds in that way also eliminates most risks of infection.'),
(77, 'Picking Pockets', 1, 0, 1, 1, 'The character combines a deft touch with sleight of hand to remove an item from someone else\'s pocket or pouch. The adept makes a Picking Pockets Test, the result being the talent\'s Detection Difficulty for attempts made to notice the theft. Anyone able to observe the adept\'s action, including the target character, may make a Perception Test against the Detection Difficulty to notice the action immediately after the act has occurred.'),
(78, 'Pilot Boat', 1, 0, 4, 1, 'The Pilot Boat skill is used to operate the fire-engine powered riverboats of the t\'skrang commonly seen on the serpent river (see the Gamemaster\'s Companion for more information). It is used as described for the Air Sailing skill, with the following exceptions: it is used to operate fire-engine driven boats only; 25 percent of the crew making successful tests mean the ship can hold position and does not drift, 50 percent mean the ship can maneuver against the current in straight lines, 75 percent mean the ship can navigate freely and make complex maneuvers.'),
(79, 'Read/Write Language', 1, 0, 4, 1, 'The character learns to read and write different languages. See Language Skills, p. 91, for details on how the skill differs from the talent. It is otherwise used as described for the Read/ Write Language talent, p. 77, but does not cause Strain.'),
(80, 'Read/Write Magic', 1, 0, 4, 1, 'The character can read and wr ite magical writing, such as that found on scrolls, or magical glyphs. This skill does not allow the learning of spells, otherwise, it is used as described for the Read/Write Magic talent, p. 78.'),
(81, 'Read River', 1, 0, 4, 1, 'The character guides a riverboat through the often treacherous waters of a river, which can be filled with sandbars, deceptive currents, and hidden reefs. (To determine how accurately the character notices hazards or anticipates features along the river, see the Gamemaster\'s Companion.) This can also be used to track another riverboat along the river, identify approaching ships, and anticipate features of the river such as towns, t\'skrang villages, or good places to fish. To track another riverboat or notice an approaching ship, the character makes a Read River Test against the target riverboat captain\'s Pilot Boat or Sailing Step, modified at the gamemaster\'s discretion.'),
(82, 'Research', 1, 0, 4, 1, 'The adept finds information through study and investigation, including library research and following up on rumors and legends, by making a Research Test against a Difficulty Number determined by the type of information sought. The gamemaster may use the guidelines for creating Difficulty Numbers in the Gamemaster\'s Guide, p. 89, or he may use the numbers suggested in the Research Table. The Result Level determines how much information is obtained. A Good Result or better often turns up more detailed information than the adept initially sought. An adept may also research an item\'s legend to gain general knowledge of the abilities attributed to it during its history. Information gained this way is rarely fully accurate, for legends often exaggerate events in favor of the heroes involved.'),
(83, 'Resist Taunt', 0, 1, 5, 1, 'The adept resists the effects of social attacks directed against his Social Defense by making a Resist Taunt Test against the attack\'s Test Result. If successful, he steels himself and reconsiders his response at the last instant, negating the effect. Resist Taunt is effective against social attacks such as Persuasion, Taunt, Intimidation, and other similar talents or Interaction Tests (see the Gamemaster\'s Guide, p. 93). The adept can use this talent a number of times each round equal to his Resist Taunt Rank, but only once per social attack.'),
(84, 'Rhetoric', 1, 0, 4, 1, 'The character discerns the true intentions of a Namegiver who they have been conversing with for at least ten minutes. When told that a player character is using this skill, the gamemaster makes a secret Rhetoric Test against the target\'s Social Defense on the player\'s behalf. If successful, the gamemaster reveals the target\'s true feelings about the matter being discussed to the player. \"The character doesn\'t know what to feel,\" or \"The character hasn\'t made any plans yet,\" are both valid answers, though if the character is leaning one way or another on an issue, the gamemaster should specify which. If the test fails, the gamemaster should give the player an inaccurate reading.\nThe gamemaster may rule that player characters cannot use Rhetoric against each other. If gamemaster characters use Rhetoric on player characters, the gamemaster character may learn the gist of out-of-character comments made by the players about their own character\'s intentions. A character with Rhetoric may substitute his Rhetoric Step for his Social Defense when targeted by another character using Rhetoric or the skills of Acting, Disguise, Flirting, or Seduction.'),
(85, 'Riposte', 0, 2, 1, 1, 'The character blocks an opponent\'s melee attack, possibly turning it back on his erstwhile attacker. This skill can be used only once each round. The adept uses his melee weapon to block an opponent\'s melee attack, possibly turning it back on his erstwhile attacker, by making a Riposte Test against his opponent\'s Attack Test result. If successful, the adept parries or blocks the attack and may immediately counterattack, comparing his Test Result against his opponent\'s Physical Defense. On a Good Result, the riposting attack hits and the adept makes a Damage Test, as normal. Riposte Tests can result in Armor- Defeating Hits, but only if one level higher than normal (usually on an Extraordinary Result). Only attacks that he is aware of can be riposted by the adept. If he is Blindsided or Surprised, he cannot riposte the blow. Riposte Tests can only be made against melee Attack Tests directed against the adept, including an opponent\'s Riposte Test, if he also knows the talent or skill. An adept may not use both Riposte and another talent that negates being hit, such as Avoid Blow, against the same attack.'),
(86, 'Sailing', 1, 0, 1, 1, 'The character sails (or helps sail) watercraft, whether musclepowered (by rowing, rather than sailing) or wind-powered, but not fire-powered vessels, like the legendary t\'skrang riverboats (see Pilot Boat, p. 100), or propelled by magic, like airships (see Air Sailing, p. 60). The Sailing skill works as described for the Air Sailing skill, with the following exceptions: it is used to operate waterborne craft propelled by wind or muscle power; 25 percent of the crew making successful tests prevents the ship from drifting, 50 percent allow to sail with the wind, 75 percent allow to sail against the wind and perform maneuvers.'),
(87, 'Search', 1, 1, 4, 1, 'When intentionally trying to spot someone or something—including hidden vaults, secret doors, or disguised characters who are actively avoiding attention—the adept makes a Search Test instead of a Perception Test. If successful, he notices the target of his search if it is within short range of Visibility (see the Gamemaster\'s Guide, p. 119). On an Excellent Result, he notices the target within medium range of Visibility. This talent does not enable the adept to find traps or wards.'),
(88, 'Second Attack', 0, 2, 1, 1, 'The adept makes an additional close combat attack, using the same weapon he wielded for his first Attack Test that round. He makes a Second Attack Test against his opponent\'s Physical Defense. If successful, the adept makes a Damage Test as normal.'),
(89, 'Second Shot', 0, 2, 1, 1, 'The adept makes an additional ranged combat attack, using the same weapon (except in the case of thrown weapons) he wielded for his first Attack Test that round. He makes a Second Shot Test against his opponent\'s Physical Defense. If successful, the adept makes a Damage Test as normal.');
INSERT INTO `ed_skills_v3` (`id`, `name`, `action`, `strain`, `attribute`, `type`, `description`) VALUES
(90, 'Second Weapon', 0, 1, 1, 1, 'The character attacks with two different melee weapons in the same round. The off-hand weapon must be smaller than the character\'s one-handed Size Limit. The adept wields a one-handed melee weapon in his off-hand to attack an opponent, in the same round as he attacks with his primary one-handed melee weapon, by making a Second Weapon Test as his melee Attack Test. If successful, he makes a Damage Test for the weapon, as normal. T\'skrang characters may use a tail weapon as a second weapon.'),
(91, 'Seduction', 1, 0, 6, 1, 'Characters use the Seduction skill to convince members of their preferred sex to become romantically involved with them. In addition to making a successful Seduction Test, seduction requires convincing roleplaying. A seduction has four stages: First Impression, Intriguing Conversation, Move To Intimacy, and the Suggestion.\nFirst Impression can be a glance, a striking outfit, a dramatic entrance, an opening line—all the pieces that fit together to make a good impression. To make a successful First Impression, a character needs an Average Result.\nIntriguing Conversation requires wit, flattery, a willingness to reveal hints about oneself, and the ability to pick up and respond to cues from the target. The object of Intriguing Conversation is to make the target feel special, like the most important and attractive person in the room, at the same time presenting your character as an attractive partner. To be successful, Intriguing Conversation requires a Good Result.\nWith a Move to Intimacy, your character begins to get more personal with the target character, gradually altering tone of voice, body language and the subjects of conversation to reveal even more about himself, learn more about the target, and develop a deeper rapport. A successful Move to Intimacy requires a Good Result. The Suggestion occurs when your character suggests to the target character just how your character would like this encounter to end. A successful Suggestion requires an Excellent Result. Your character gets only one chance to make the Suggestion.\nEach stage usually requires 10 minutes of interaction before the test is made, the gamemaster may modify this for the target\'s Attitude or the player\'s roleplaying. After that time, the character makes a Seduction Test against the target\'s Social Defense. If achieving the required Result Level, the seduction moves to the next stage; a Pathetic Result means the seduction falls back to the previous stage, a Result Level in-between means the stage has to be repeated (requiring more time). Each stage can be repeated a number of times equal to the character\'s Seduction Rank per day. For each Result Level above that required for moving to the next stage, the character gains a +1 bonus to all Seduction Tests made during the next stage of the process. A successful seduction creates other effects beyond satisfying the immediate suggestion. The seduced character\'s Attitude toward your character improves by two degrees for the next 24 hours, and permanently improves by one degree as long as your character does not behave badly toward or betray the seduced character.'),
(92, 'Shield Charge', 0, 1, 2, 1, 'The adept bashes an opponent by making an attack in melee combat using his shield as a weapon. If successful, he makes a Shield Charge Test instead of a Damage Test to determine damage. The attack\'s impetus increases the Difficulty Number of any Knockdown Tests his opponent makes—the adept adds his Shield Charge Rank to the Knockdown Difficulty (p. 233). Because of the positioning required, the adept loses his shield protection against all opponents, other than the one he is currently facing, for the remainder of the round.'),
(93, 'Silent Walk', 1, 0, 1, 1, 'The character muffles the sound of his passage by moving carefully and cautiously. He actively focuses on avoiding making any noise, requiring him to take a Standard Action when moving. The adept makes a Silent Walk Test, the result being the Detection Difficulty of any Perception Tests made to hear him moving. This skill does not make the adept more difficult to see — a character who is aware of the adept\'s presence and watching him will observe his movements normally. Using Silent Walk halves the adept\'s Movement Rate and the effect of any abilities used to increase movement speed.'),
(94, 'Slough Blame', 1, 2, 6, 1, 'The adept temporarily diverts suspicion and blame from one character to another by concocting a plausible explanation, then making a Slough Blame Test against the higher of the accuser\'s or scapegoat\'s Social Defense, +1 for each additional character involved. If successful, the blame is passed on, per the adept\'s explanation for a number of minutes equal to his Slough Blame Rank—hopefully sufficient time for the adept to make himself scarce.'),
(95, 'Speak Language', 1, 0, 4, 4, 'The character learns to communicate with others in different languages. See Language Skills, p. 91, for details on how the skill differs from the talent. It is otherwise used as described for the Speak Language talent, p. 80, but does not cause Strain.'),
(96, 'Sprint', 0, 3, 1, 1, 'Sprint allows a character short bursts of fast movement by adding his Sprint Rank to his Movement Rate that round. Sprint cannot be used during the same round as other movementenhancing talents, such as Great Leap, or Gliding Stride. The bonus to Movement Rate conveyed by Sprint is not doubled when using the Running combat option (p. 225).'),
(97, 'Streetwise', 1, 0, 6, 1, 'Acharacter with the Streetwise skill knows the ins and outs of urban environments, particularly the seedier side of cities. Streetwise is used like the Etiquette skill for scenarios where the character tries to fit into criminal or street subculture, but modifiers to the Difficulty Number are not applied as frequently. Additionally, Streetwise allows a character to gain the trust of other characters living apart from society who would otherwise not speak to him (and thus not allow an Etiquette Test). The character makes a Streetwise Test against the highest Social Defense among a target group, +1 per additional character. If successful, the targets are convinced that the character is a local street element and not sent by the authorities or otherwise out to disrupt their trade. They will now interact with the character, but are not necessarily friendly.\nStreetwise can also act as a Knowledge skill when trying to find information typically available to local underground characters, such as the location of black markets. The character does not have any knowledge, but can emulate a Knowledge skill by asking around, dropping a few silvers into the right palms. This follows the rules for Making Knowledge Tests (p. 89).'),
(98, 'Sure Mount', 0, 0, 2, 1, 'The mounted adept avoids being dismounted by making a Sure Mount Test in place of any Knockdown Test he is required to make (see Mounted Combat, p. 233).'),
(99, 'Surprise Strike', 0, 1, 2, 1, 'The adept takes advantage of surprise to inflict a telling blow. If his Attack Test against a Surprised (p.409) opponent is successful, the adept substitutes his Surprise Strike Step for his Strength Step for the Damage Test. Usually, opponents can only be Surprised at the start of an encounter, but some talents, skills, and other abilities allow the adept to regain a situation of Surprise.'),
(100, 'Swift Kick', 0, 1, 1, 1, 'If the adept has free use of a leg (or tail, if a t\'skrang) and a higher Initiative Test result, he may kick an opponent by making a Swift Kick Test against the target\'s Physical Defense, as an additional attack in close combat. If successful, the adept makes an unarmed Damage Test as in unarmed combat.'),
(101, 'Swimming', 1, 0, 2, 1, 'All t\'skrang, and many other Namegiver races who live near water, learn to swim as a method of movement, but also as part of their basic survival skills. Characters use the Swimming skill to move through the water by mak ing a Swimming Test against a Difficulty Number determined by the condition of the water around them, as given in the Water Condition Table. Swimming uses a Standard Action in every round spent swimming, but a Swimming Test is only made when the water condition changes or at the gamemaster\'s discretion. While swimming, a character\'s Movement Rate is reduced (see Races and Swimming below). When swimming with or against a strong current, the gamemaster may grant a bonus or a penalty to the Movement Rate. Characters who fail their Swimming Test make no appreciable progress. On a Pathetic Result, the character starts drowning (see Drowning in the Gamemaster\'s Guide, p. 109).'),
(102, 'Tactics', 1, 0, 4, 1, 'The character directs combat to the advantage of his soldiers. It is used as described for the Tactics Talent, but the commanded characters must be Loyal to the commander, and he can only command a number of troops equal to his Tactics Rank × 10.'),
(103, 'Taunt', 1, 1, 6, 1, 'The adept distracts a character (who must be able to understand him) by insulting and humiliating him, making a Taunt Test against the target\'s Social Defense. If successful, the target incurs a -1 Action Test penalty and subtracts -1 from his Social Defense for each Result Level achieved, starting with an Average Result, for a number of rounds equal to the adept\'s Taunt Rank.'),
(104, 'Throwing Weapons', 1, 0, 1, 1, 'The adept makes a thrown attack in ranged combat against an opponent by hurling a rock, dagger, spear, or other object, and making a Throwing Weapons Test against the target\'s Physical Defense. If successful, the attack hits the target and the adept makes a Damage Test for the weapon used. See Thrown Attacks, p. 232, for more information.'),
(105, 'Tracking', 1, 1, 4, 1, 'The character follows the trails left by people and animals across great distances, using his natural senses — in particular, sight and smell — to find traces of their passage. A trail can be followed for an hour before requiring another Tracking Test. After first locating some visible tracks, either by searching for them or spotting them with a Perception Test, the adept makes a Tracking Test against the tracks\' Detection Difficulty. The base Detection Difficulty of a trail is equal to the lowest Dexterity Step among the target group. If the trail is over a day old, add +2 to the Detection Difficulty; if the trail is a week or more old, add +3 to the Detection Difficulty for every week that has passed. If the tracks have been obscured by weather, such as rain or snow, the adept requires a Good Result on his Tracking Test to be able to follow them. If successful, a faint, luminous image of the tracks is imprinted on the adept\'s pupils. The adept sees this same image on the ground, allowing him to unerringly follow the tracks, even if they have been obliterated by weather or other causes, for a number of hours equal to his Tracking Rank before requiring another Tracking Test. The adept may also use this talent to obscure his own tracks, as long as he travels no faster than his Movement Rate. If disguising a group\'s tracks, travel is limited to a maximum speed equal to half the adept\'s Movement Rate. He must keep to the rear of the group and spend time masking signs of their passage. The adept makes a Tracking Test once for each day of travel, the result of which becomes the Detection Difficulty for attempts to follow him.'),
(106, 'Trap Initiative', 0, 1, 1, 1, 'The adept reacts more quickly to avoid mechanical and magical traps. Should he trigger a trap while seeking or attempting to disarm it, or if a trap that would affect him is triggered, the adept makes a Trap Initiative Test against the trap\'s Initiative Test result. If successful, he acts before the trap goes off, possibly avoiding harm. The adept may move up to half his Movement Rate to get out of the way. If the test fails, the trap\'s effect is resolved normally. See Detect Trap, p. 65, and Disarm Trap, p. 65, for more information on locating and disabling traps.'),
(107, 'Trick Riding', 0, 1, 1, 1, 'The mounted adept performs acrobatics on his mount, making Trick Riding Tests in place of Avoid Blow Tests to dodge close or ranged combat attacks directed against himself or his mount. He may also goad his mount into jumping fences, chasms, flames, or other obstacles by making a Trick Riding Test against a Difficulty Number determined by the gamemaster. Jumping a short one-yard-high fence has a Difficulty Number of 4; jumping over a three-yard-wide chasm has a Difficulty Number of 12. If the adept or his mount is required to make a Dexterity-only Test for any acrobatic maneuver, the adept may make a Trick Riding Test instead. Some maneuvers in Mounted Combat (see p. 233) require a Trick Riding Test if the mount is not sufficiently combattrained or the rider is unfamiliar with his mount.'),
(108, 'Unarmed Combat', 1, 0, 1, 1, 'The adept makes an unarmed attack in close combat using his hands, feet, or another body part against, or making a Grappling attack to restrain, an opponent. The adept makes an Unarmed Combat Test against the target\'s Physical Defense. If successful, the attack hits the target. Unless noted otherwise, the adept uses his Strength Step only for the Damage Test. See Unarmed Attacks, p. 230, for more information.'),
(109, 'Wheeling Attack', 1, 2, 1, 1, 'The mounted adept makes more effective Charging Attacks (see Mounted Combat, p. 233). He is not required to have his mount move more than its Movement Rate before the attack, but is instead required to have his mount move at double its Movement Rate (by Running, see p. 225) during the round. Wheeling Attack requires the adept to use the Splitting Movement combat option (p. 226), but he suffers no Harried modifier or Strain (which is covered by the talent). The adept makes a Wheeling Attack Test as his Attack Test in close combat.'),
(110, 'Wheeling Defense', 0, 1, 1, 1, 'The mounted adept urges his mount into a whirling circle, confusing his attackers by presenting a constantly moving target. The Physical Defense of adept and mount are increased by his Wheeling Defense Rank until the end of the next round. When using Wheeling Defense, the mount\'s Movement Rate becomes 2, unless another effect causes it to be lower. If the mount moves farther, the talent\'s effects end.'),
(111, 'Wilderness Survival', 1, 0, 4, 1, 'The adept knows how to survive in the wild. He is able to locate or build shelter, start a fire, find water, or forage for edible vegetation, such as berries, roots, fruits, mushrooms, and other plants. The adept makes a Wilderness Survival Test against a Difficulty Number determined by the gamemaster, based on those shown in the Survival Table, and taking circumstances such as season, weather, and environment into account. Each use of this talent takes two hours and the adept may make four such tests per day, meaning he will sometimes need to make difficult survival decisions — food or water? shelter or food?'),
(112, 'Wound Balance', 0, 0, 2, 1, 'The adept firmly stands his ground, substituting his Wound Balance Step for his Strength Step when making any Knockdown Tests while supporting and balancing his own weight (as opposed to being mounted or carried by another character).'),
(113, 'Basket Weaving', 1, 0, 6, 3, 'Use of this skill requires Artisan Tools. Each Artisan skill represents an art or craft practiced by the character. Practicing an Artisan skill, however, does not necessarily make a character an artist or entertainer. For example, a character with the Artisan skill of Canvas Painting may paint pictures every other day, but they may well lack the impact of a true artist\'s work.\r\nThe Difficulty Number for using most Artisan skills is usually 5 or 7, making it relatively easy for novice characters to make a successful Artisan Skill Test. This ease reflects the fact that most everyone in Earthdawn regularly practices an Artisan skill. The Typical Artisan Skill Table lists common Artisan skills (some of which are also General skills, described separately). As with Knowledge skills, players may invent any Artisan skill they please for their character, subject to gamemaster approval.'),
(114, 'Body Painting', 1, 0, 6, 3, 'Use of this skill requires Artisan Tools. Each Artisan skill represents an art or craft practiced by the character. Practicing an Artisan skill, however, does not necessarily make a character an artist or entertainer. For example, a character with the Artisan skill of Canvas Painting may paint pictures every other day, but they may well lack the impact of a true artist\'s work.\r\nThe Difficulty Number for using most Artisan skills is usually 5 or 7, making it relatively easy for novice characters to make a successful Artisan Skill Test. This ease reflects the fact that most everyone in Earthdawn regularly practices an Artisan skill. The Typical Artisan Skill Table lists common Artisan skills (some of which are also General skills, described separately). As with Knowledge skills, players may invent any Artisan skill they please for their character, subject to gamemaster approval.'),
(115, 'Carving', 1, 0, 6, 3, 'Use of this skill requires Artisan Tools. Each Artisan skill represents an art or craft practiced by the character. Practicing an Artisan skill, however, does not necessarily make a character an artist or entertainer. For example, a character with the Artisan skill of Canvas Painting may paint pictures every other day, but they may well lack the impact of a true artist\'s work.\r\nThe Difficulty Number for using most Artisan skills is usually 5 or 7, making it relatively easy for novice characters to make a successful Artisan Skill Test. This ease reflects the fact that most everyone in Earthdawn regularly practices an Artisan skill. The Typical Artisan Skill Table lists common Artisan skills (some of which are also General skills, described separately). As with Knowledge skills, players may invent any Artisan skill they please for their character, subject to gamemaster approval.'),
(116, 'Cooking', 1, 0, 6, 3, 'Use of this skill requires Artisan Tools. Each Artisan skill represents an art or craft practiced by the character. Practicing an Artisan skill, however, does not necessarily make a character an artist or entertainer. For example, a character with the Artisan skill of Canvas Painting may paint pictures every other day, but they may well lack the impact of a true artist\'s work.\r\nThe Difficulty Number for using most Artisan skills is usually 5 or 7, making it relatively easy for novice characters to make a successful Artisan Skill Test. This ease reflects the fact that most everyone in Earthdawn regularly practices an Artisan skill. The Typical Artisan Skill Table lists common Artisan skills (some of which are also General skills, described separately). As with Knowledge skills, players may invent any Artisan skill they please for their character, subject to gamemaster approval.'),
(117, 'Dancing', 1, 0, 6, 3, 'Use of this skill requires Artisan Tools. Each Artisan skill represents an art or craft practiced by the character. Practicing an Artisan skill, however, does not necessarily make a character an artist or entertainer. For example, a character with the Artisan skill of Canvas Painting may paint pictures every other day, but they may well lack the impact of a true artist\'s work.\r\nThe Difficulty Number for using most Artisan skills is usually 5 or 7, making it relatively easy for novice characters to make a successful Artisan Skill Test. This ease reflects the fact that most everyone in Earthdawn regularly practices an Artisan skill. The Typical Artisan Skill Table lists common Artisan skills (some of which are also General skills, described separately). As with Knowledge skills, players may invent any Artisan skill they please for their character, subject to gamemaster approval.'),
(118, 'Embroidery', 1, 0, 6, 3, 'Use of this skill requires Artisan Tools. Each Artisan skill represents an art or craft practiced by the character. Practicing an Artisan skill, however, does not necessarily make a character an artist or entertainer. For example, a character with the Artisan skill of Canvas Painting may paint pictures every other day, but they may well lack the impact of a true artist\'s work.\r\nThe Difficulty Number for using most Artisan skills is usually 5 or 7, making it relatively easy for novice characters to make a successful Artisan Skill Test. This ease reflects the fact that most everyone in Earthdawn regularly practices an Artisan skill. The Typical Artisan Skill Table lists common Artisan skills (some of which are also General skills, described separately). As with Knowledge skills, players may invent any Artisan skill they please for their character, subject to gamemaster approval.'),
(119, 'Juggling', 1, 0, 6, 3, 'Use of this skill requires Artisan Tools. Each Artisan skill represents an art or craft practiced by the character. Practicing an Artisan skill, however, does not necessarily make a character an artist or entertainer. For example, a character with the Artisan skill of Canvas Painting may paint pictures every other day, but they may well lack the impact of a true artist\'s work.\r\nThe Difficulty Number for using most Artisan skills is usually 5 or 7, making it relatively easy for novice characters to make a successful Artisan Skill Test. This ease reflects the fact that most everyone in Earthdawn regularly practices an Artisan skill. The Typical Artisan Skill Table lists common Artisan skills (some of which are also General skills, described separately). As with Knowledge skills, players may invent any Artisan skill they please for their character, subject to gamemaster approval.'),
(120, 'Musician', 1, 0, 6, 3, 'Use of this skill requires Artisan Tools. Each Artisan skill represents an art or craft practiced by the character. Practicing an Artisan skill, however, does not necessarily make a character an artist or entertainer. For example, a character with the Artisan skill of Canvas Painting may paint pictures every other day, but they may well lack the impact of a true artist\'s work.\r\nThe Difficulty Number for using most Artisan skills is usually 5 or 7, making it relatively easy for novice characters to make a successful Artisan Skill Test. This ease reflects the fact that most everyone in Earthdawn regularly practices an Artisan skill. The Typical Artisan Skill Table lists common Artisan skills (some of which are also General skills, described separately). As with Knowledge skills, players may invent any Artisan skill they please for their character, subject to gamemaster approval.'),
(121, 'Poetry', 1, 0, 6, 3, 'Use of this skill requires Artisan Tools. Each Artisan skill represents an art or craft practiced by the character. Practicing an Artisan skill, however, does not necessarily make a character an artist or entertainer. For example, a character with the Artisan skill of Canvas Painting may paint pictures every other day, but they may well lack the impact of a true artist\'s work.\r\nThe Difficulty Number for using most Artisan skills is usually 5 or 7, making it relatively easy for novice characters to make a successful Artisan Skill Test. This ease reflects the fact that most everyone in Earthdawn regularly practices an Artisan skill. The Typical Artisan Skill Table lists common Artisan skills (some of which are also General skills, described separately). As with Knowledge skills, players may invent any Artisan skill they please for their character, subject to gamemaster approval.'),
(122, 'Rune Carving', 1, 0, 6, 3, 'Use of this skill requires Artisan Tools. Each Artisan skill represents an art or craft practiced by the character. Practicing an Artisan skill, however, does not necessarily make a character an artist or entertainer. For example, a character with the Artisan skill of Canvas Painting may paint pictures every other day, but they may well lack the impact of a true artist\'s work.\r\nThe Difficulty Number for using most Artisan skills is usually 5 or 7, making it relatively easy for novice characters to make a successful Artisan Skill Test. This ease reflects the fact that most everyone in Earthdawn regularly practices an Artisan skill. The Typical Artisan Skill Table lists common Artisan skills (some of which are also General skills, described separately). As with Knowledge skills, players may invent any Artisan skill they please for their character, subject to gamemaster approval.'),
(123, 'Sculpting', 1, 0, 6, 3, 'Use of this skill requires Artisan Tools. Each Artisan skill represents an art or craft practiced by the character. Practicing an Artisan skill, however, does not necessarily make a character an artist or entertainer. For example, a character with the Artisan skill of Canvas Painting may paint pictures every other day, but they may well lack the impact of a true artist\'s work.\r\nThe Difficulty Number for using most Artisan skills is usually 5 or 7, making it relatively easy for novice characters to make a successful Artisan Skill Test. This ease reflects the fact that most everyone in Earthdawn regularly practices an Artisan skill. The Typical Artisan Skill Table lists common Artisan skills (some of which are also General skills, described separately). As with Knowledge skills, players may invent any Artisan skill they please for their character, subject to gamemaster approval.'),
(124, 'Singing', 1, 0, 6, 3, 'Use of this skill requires Artisan Tools. Each Artisan skill represents an art or craft practiced by the character. Practicing an Artisan skill, however, does not necessarily make a character an artist or entertainer. For example, a character with the Artisan skill of Canvas Painting may paint pictures every other day, but they may well lack the impact of a true artist\'s work.\r\nThe Difficulty Number for using most Artisan skills is usually 5 or 7, making it relatively easy for novice characters to make a successful Artisan Skill Test. This ease reflects the fact that most everyone in Earthdawn regularly practices an Artisan skill. The Typical Artisan Skill Table lists common Artisan skills (some of which are also General skills, described separately). As with Knowledge skills, players may invent any Artisan skill they please for their character, subject to gamemaster approval.'),
(125, 'Storytelling', 1, 0, 6, 3, 'Use of this skill requires Artisan Tools. Each Artisan skill represents an art or craft practiced by the character. Practicing an Artisan skill, however, does not necessarily make a character an artist or entertainer. For example, a character with the Artisan skill of Canvas Painting may paint pictures every other day, but they may well lack the impact of a true artist\'s work.\r\nThe Difficulty Number for using most Artisan skills is usually 5 or 7, making it relatively easy for novice characters to make a successful Artisan Skill Test. This ease reflects the fact that most everyone in Earthdawn regularly practices an Artisan skill. The Typical Artisan Skill Table lists common Artisan skills (some of which are also General skills, described separately). As with Knowledge skills, players may invent any Artisan skill they please for their character, subject to gamemaster approval.'),
(126, 'Tattooing', 1, 0, 6, 3, 'Use of this skill requires Artisan Tools. Each Artisan skill represents an art or craft practiced by the character. Practicing an Artisan skill, however, does not necessarily make a character an artist or entertainer. For example, a character with the Artisan skill of Canvas Painting may paint pictures every other day, but they may well lack the impact of a true artist\'s work.\r\nThe Difficulty Number for using most Artisan skills is usually 5 or 7, making it relatively easy for novice characters to make a successful Artisan Skill Test. This ease reflects the fact that most everyone in Earthdawn regularly practices an Artisan skill. The Typical Artisan Skill Table lists common Artisan skills (some of which are also General skills, described separately). As with Knowledge skills, players may invent any Artisan skill they please for their character, subject to gamemaster approval.'),
(127, 'Wardrobe and Style', 1, 0, 6, 3, 'Use of this skill requires Artisan Tools. Each Artisan skill represents an art or craft practiced by the character. Practicing an Artisan skill, however, does not necessarily make a character an artist or entertainer. For example, a character with the Artisan skill of Canvas Painting may paint pictures every other day, but they may well lack the impact of a true artist\'s work.\r\nThe Difficulty Number for using most Artisan skills is usually 5 or 7, making it relatively easy for novice characters to make a successful Artisan Skill Test. This ease reflects the fact that most everyone in Earthdawn regularly practices an Artisan skill. The Typical Artisan Skill Table lists common Artisan skills (some of which are also General skills, described separately). As with Knowledge skills, players may invent any Artisan skill they please for their character, subject to gamemaster approval.'),
(128, 'Awareness', 0, 0, 4, 1, 'The character has trained to be more aware of their surroundings, noticing things that they might otherwise miss. When using their senses, the character may make an Awareness test instead of a Perception test.'),
(129, 'Calligraphy', 1, 0, 6, 3, 'Use of this skill requires Artisan Tools. Each Artisan skill represents an art or craft practiced by the character. Practicing an Artisan skill, however, does not necessarily make a character an artist or entertainer. For example, a character with the Artisan skill of Canvas Painting may paint pictures every other day, but they may well lack the impact of a true artist\'s work.\r\nThe Difficulty Number for using most Artisan skills is usually 5 or 7, making it relatively easy for novice characters to make a successful Artisan Skill Test. This ease reflects the fact that most everyone in Earthdawn regularly practices an Artisan skill. The Typical Artisan Skill Table lists common Artisan skills (some of which are also General skills, described separately). As with Knowledge skills, players may invent any Artisan skill they please for their character, subject to gamemaster approval.');

-- --------------------------------------------------------

--
-- Table structure for table `ed_skill_types`
--

CREATE TABLE `ed_skill_types` (
  `id` tinyint(1) UNSIGNED NOT NULL,
  `name` varchar(10) COLLATE utf8mb4_unicode_ci NOT NULL
) ENGINE=InnoDB DEFAULT CHARSET=utf8mb4 COLLATE=utf8mb4_unicode_ci;

--
-- Dumping data for table `ed_skill_types`
--

INSERT INTO `ed_skill_types` (`id`, `name`) VALUES
(3, 'Artisan'),
(1, 'General'),
(2, 'Knowledge'),
(4, 'Language');

-- --------------------------------------------------------

--
-- Table structure for table `ed_spells_v3`
--

CREATE TABLE `ed_spells_v3` (
  `id` int(10) UNSIGNED NOT NULL,
  `name` varchar(40) COLLATE utf8mb4_unicode_ci NOT NULL,
  `circle` tinyint(3) UNSIGNED NOT NULL,
  `threads` tinyint(3) UNSIGNED NOT NULL,
  `weaving_diff` tinyint(3) UNSIGNED NOT NULL,
  `reattunement_diff` tinyint(3) UNSIGNED NOT NULL,
  `casting_diff` varchar(30) COLLATE utf8mb4_unicode_ci NOT NULL DEFAULT 'Target''s Spell Defense',
  `range` varchar(30) COLLATE utf8mb4_unicode_ci NOT NULL,
  `duration` varchar(30) COLLATE utf8mb4_unicode_ci NOT NULL,
  `effect` varchar(255) COLLATE utf8mb4_unicode_ci NOT NULL,
  `illusion` tinyint(1) NOT NULL DEFAULT 0,
  `description` text COLLATE utf8mb4_unicode_ci DEFAULT NULL
) ENGINE=InnoDB DEFAULT CHARSET=utf8mb4 COLLATE=utf8mb4_unicode_ci;

--
-- Dumping data for table `ed_spells_v3`
--

INSERT INTO `ed_spells_v3` (`id`, `name`, `circle`, `threads`, `weaving_diff`, `reattunement_diff`, `casting_diff`, `range`, `duration`, `effect`, `illusion`, `description`) VALUES
(1, 'Air Armor', 1, 0, 0, 10, 'Target\'s Spell Defense', 'Touch', 'Rank + 5 minutes', '+3 Physical Armor; +3 Fatigue Test bonus vs. heat', 0, 'Air. This spell creates a protective cushion of air. The magician exhales slowly and makes a Spellcasting Test against the target\'s Spell Defense. If successful, air rushes in under the target’s clothing, pushing outward to create a cushion and providing padding as well as ventilation. The target adds +3 Physical Armor and gains a +3 Fatigue Test bonus against the effects of heat exposure (see the Gamemaster’s Guide, p. 121). If the target is not wearing clothing or armor he receives no benefit—there is nothing to constrain the air cushion, so it disperses. This spell is popular with elemental fire mining crews working near Death’s Sea.'),
(2, 'Air Blast', 4, 1, 10, 16, 'Target\'s Spell Defense', '24 yards (12 hexes)', '1 round', 'WIL + 9', 0, 'Air. This spell creates a howling blast of wind. The magician places both hands to his lips and blows hard, then f lings his arms wide and makes a Spellcasting Test against the highest Spell Defense among anyone within range. If successful, a powerful blast of air surges away from the magician in a 60-degree arc in the direction he is facing. Those caught in the wind\'s path must make a successful Knockdown Test against the magician’s Effect Test to avoid being Knocked Down.'),
(3, 'Air Mattress', 2, 1, 7, 17, '6', 'Touch', '10 hours', '+2 Recovery Test bonus', 0, 'Air. This spell creates an air bed to promote healing. The magician anchors the corners of a blanket with something from any one of the four non-air elements—tree branches, rocks or dirt clods, and the like—then blows into his clenched fist as if inflating a balloon and makes a Spellcasting (6) Test. If successful, a cushion of air forms under the blanket, turning it into a comfortable one-foot-thick mattress. Those who sleep on the mattress for eight uninterrupted hours gain a +2 bonus to the first Recovery Test they make within an hour of waking. The mattress remains inflated for the spell\'s duration or until the blanket is moved or damaged.'),
(4, 'Alarm', 3, 1, 8, 17, 'Target\'s Spell Defense', '50 yards', 'Rank + 6 minutes', 'WIL + 4', 0, 'This spell alerts to the presence of intruders. The magician points where he wants to place the alarm, gives a small shriek, and makes a Spellcasting Test against the target\'s Spell Defense. If successful, he compares his Effect Test against the Spell Defense of any living or sentient being passing within the area of effect. If successful, the alarm goes off and shouts out a loud warning for a full minute, alerting anyone within earshot. The magician determines the exact warning, which may not exceed a number of words equal to his Spellcasting Rank. The spell cannot be cast on living targets.'),
(5, 'And His Money', 2, 1, 7, 16, 'Target\'s Spell Defense', '10 yards', 'Rank + 3 minutes', '–4 to Social Defense against Interaction Tests involving finances', 0, 'This spell makes others more amenable to financial requests. The magician clinks a couple of coins together in his hand and makes a Spellcasting Test against the target\'s Spell Defense. If successful, the target subtracts –4 from his Social Defense against Interaction Tests involving finances, including Haggle Tests.'),
(6, 'And Then I Woke Up', 3, 1, 10, 15, 'Target\'s Spell Defense', 'Self', '2 rounds', '+8 bonus to Perception and True Sight Tests', 0, 'This spell enhances the ability to perceive the truth of things. The magician claps his hands together loudly and makes a Spellcasting Test against his natural Spell Defense. If successful, he gains a +8 bonus to Perception or True Sight Tests made to detect illusions or Illusionism magic.'),
(7, 'Animate Skeleton', 4, 2, 7, 18, 'Target\'s Spell Defense', '40 yards', 'Rank + 8 minutes', 'Animates skeletons', 0, 'This spell animates the skeletal remains of the dead. If the magician has access to sufficient remains, such as found in a graveyard or an old battle site, he may animate a number of skeletons equal to his Spellcasting Rank. The magician chants aloud and makes a Spellcasting Test against the skeleton\'s Spell Defense, +1 for each additional skeleton to be animated. If successful, the animated skeletons rise from their resting place within one round. The magician can mentally command skeletons within line of sight—this requires his concentration. If left uncontrolled, skeletons will act on their most recent instructions. If the skeletons move beyond the spell\'s range, the magic that animates them fails and they crumble into a heap of lifeless bones. Skeletons are usually armed with short swords or hand-axes fashioned from spare bones by the magic of the spell. At the gamemaster\'s discretion, if a skeleton was buried with a better weapon, it uses that instead. Also, if the skeleton wore armor, it benefits from it when animated (although the armor will likely not provide more than half of its original protection, due to age and decay).'),
(8, 'Animate Spirit Object', 5, 3, 10, 19, '9', '10 yards', 'Rank × 10 minutes', 'WIL + 5', 0, 'This spell summons a spirit to inhabit and animate an object, altering the item\'s shape to give it ambulatory and sensory capabilities, and forming limbs, eyes, and other organs as required. The object retains much of its original shape and is still recognizable as such. The magician silently points at the target object and makes a Spellcasting (9) Test. If successful, a spirit is summoned which immediately takes possession of the object. The spirit provides the object\'s intellect, but the magician makes an Effect Test to determine the object\'s physical Attributes, allocating the Test Result among the object\'s Dexterity, Strength, and Toughness Steps. The gamemaster may exercise his discretion to decide which Attributes should have more or fewer Step Numbers allocated to them. The gamemaster may also set a limit on the object\'s Attribute Steps. For example, he might limit small objects such as brushes, combs, or daggers, to a maximum Attribute Step of 3, but allow larger pieces of furniture a maximum Attribute Step of 7. Likewise, he may decide that a minimum Attribute Step is in order for the object. The summoned spirit is reasonably intelligent and can follow complex commands. Although it willingly obeys its summoner, the spirit is erratic and capricious; if it can possibly create mischief while still acting within the boundaries of its instructions, the spirit will do so. The magician can verbally control the spirit object when it is within hearing distance, although this requires his concentration. If the object is too far away to hear the magician, then the spirit will act on its most recent instructions, which may be less than perfect, depending on how mischievous it is feeling.'),
(9, 'Arrow of Night', 3, 1, 7, 15, '6', 'Touch', '1 round', '+8 missile Damage Test bonus', 0, 'This spell covers an arrow with a chilling sheath of darkness, forming a silhouette. The arrow must be loosed during the round that the spell is cast or the enchantment is lost. The magician wraps his hand around the head of the arrow and makes a Spellcasting (6) Test. If successful, darkness drawn from astral space wraps itself around the arrow and adds a +8 bonus to the missile\'s Damage Test. Handling the shaft causes 1 Strain to the character who fires it. The spell can only be cast on non-magical arrows, and is not compatible with other spells or talents, such as Flame Arrow (p. 70), which dispels the sheath. The arrow is consumed by the spell, crumbling to dust the round after it strikes. The spell also works on other missiles, including crossbow bolts, sling stones or bolts, and blowpipe darts.'),
(10, 'Assuring Touch', 1, 0, 0, 7, 'Target\'s Spell Defense', 'Touch', 'Rank + 12 rounds', '+3 to Spell and Social Defense; +3 Willpower Test bonus against fear', 0, 'This spell increases resistance to fear. The magician thinks positive thoughts, then gently touches the target while murmuring some bromide like \"everything\'s going to be okay\" and makes a Spellcasting Test against the target\'s Spell Defense. If successful, the target adds +3 to his Spell and Social Defense against fear-causing attacks and gains a +3 bonus to any Willpower Tests he makes to resist the effects of fear or Intimidation (see the Gamemaster\'s Guide, p. 93).'),
(11, 'Astral Beacon', 7, 3, 13, 23, 'Target\'s Spell Defense', '16 yards', '1 round', 'Creates a beacon in astral space', 0, 'This spell creates a bright flare of energy in astral space, exposing a character to being Horror-marked as if he had just cast raw magic (see Casting Raw Magic, p. 136). The magician crouches down, then leaps up and throws his arms into the air, making a Spellcasting Test against the target\'s Spell Defense. If successful, he makes a Warping Test against the target\'s Spell Defense using a Step Number equivalent to a Seventh Circle spell. If successful, the magician makes a Damage Test using a Step Number also equivalent to a Seventh Circle spell (the target\'s natural Mystic Armor provides protection). Finally, the magician makes a Horror Mark Test against the target\'s natural Spell Defense, using a Step Number again equivalent to a Seventh Circle spell. If successful, the target is Horror-marked, with the gamemaster determining the type or nature of the Horror involved and the Horror Mark\'s effect.'),
(12, 'Astral Flare', 4, 2, 7, 17, '6', 'Self', 'Rank + 5 rounds', 'WIL + 6', 0, 'This spell releases an intense flare of light into astral space. The magician mutters soft \"boom\" sounds under his breath and makes a Spellcasting (6) Test. If successful, he compares his Effect Test against the Spell Defense of anyone in the area of effect inside or looking into astral space. If successful, the astral flare blinds the viewer, who suffers a Complete Darkness penalty to sight-based Action Tests. Anyone viewing astral space while the flare is in effect makes a Willpower Test against the Effect Step. If successful, he can see into astral space normally, otherwise he is also blinded. The blindness lasts for the spell\'s duration or until the viewer makes a successful Willpower Test.'),
(13, 'Astral Gift', 7, 3, 13, 23, 'Target\'s Spell Defense', '30 yards', 'Rank hours', 'Gives the target Astral Sight', 0, 'This spell provides the ability to view astral space. The magician squints and makes a Spellcasting Test against the target\'s Spell Defense. If successful, the target gains the Astral Sight talent (p. 61) with an effective Talent Rank for each Result Level achieved, starting with an Average Result at 1. For example, a Good Result grants Astral Sight at Rank 2.'),
(14, 'Astral Horror', 5, 3, 9, 19, 'Target\'s Spell Defense', '48 yards', 'Rank + 1 minutes', 'WIL + 6', 1, 'Illusion. This spell creates the illusion of a Horror from a tiny bit of spiritual essence. Those who practice Nethermancy are known for conjuring abominable things from astral space (and beyond) and this spell plays on that knowledge. The fact that practitioners of Nethermancy are not normally known for creating illusions adds to the efficacy of the spell. The magician makes threatening gestures and makes a Spellcasting Test against the astral horror\'s Spell Defense. If successful, the astral horror appears as a fog ghost (p. 171), but is far more lethal. The magician\'s Effect Test determines the illusion\'s Disbelief Difficulty (see Illusions, p. 139). The astral horror obeys the magician\'s mental commands. This requires no concentration—he may perform other actions and still command the illusion. If the astral horror strays beyond range of the magician, it dissipates and the spell ends.'),
(15, 'Astral Maw', 7, 2, 13, 17, 'Target\'s Spell Defense', '10 yards', 'Rank + 3 rounds', 'WIL + 10/Physical', 0, 'This spell summons a huge mouth from astral space. Rumors abound that it summons a real Horror, which does little to diminish the fearsome reputation of magicians, especially those who practice Nethermancy. The magician makes chewing noises and makes a Spellcasting Test against his natural Spell Defense. If successful, a giant fanged mouth, large enough to swallow a troll and surrounded by writhing tentacles, is summoned from the depths of the netherworlds. Each round, the maw attacks a target designated by the magician within range. It requires his concentration to maintain and direct the maw—if broken, the maw disappears and the spell ends.'),
(16, 'Astral Mount', 5, 2, 11, 17, 'Target\'s Spell Defense', 'Touch', 'Rank + 1 hours', 'Conjures an astral mount', 0, 'This spell conjures a mount from astral energy. The mount\'s size determines the number of threads needed for the spell. Weaving two spell threads conjures an astral version of most common mounts, including riding or war horses, troajins, huttawas, kues, zoaks, and granlains; weaving four spell threads conjures an astral thundra beast, elephant, stajian, or dyre. The magician mentally calls the mount, then places his hand where its head would be and makes a Spellcasting Test against the mount\'s Spell Defense. If successful, wisps of energy are drawn from astral space and the astral mount coalesces in the physical plane. The astral mount has the same statistics as its physical world counterpart, and can walk or gallop on water or air when unburdened and sink into the earth in the same way a spirit mount can (p. 81). The mount can be ridden by anyone designated by the magician when he casts the spell.'),
(17, 'Astral Nightmare', 8, 4, 12, 21, 'Target\'s Spell Defense', '10 yards', 'Rank + 3 minutes', 'WIL + 10/Mystic', 1, 'Illusion. This spell deceives others into believing they have been sent into the astral plane. The magician brings up memories or imaginings of astral space, then makes a Spellcasting Test against the target\'s Spell Defense. If successful, the target believes he has been suddenly transported into astral space. The magician concentrates to control the illusion—if he stops concentrating, the illusion fades away and the spell ends. Action or Effect Tests for effects or creatures that the magician conjures up use the spell\'s Effect Step. The magician may voluntarily lower the Effect Step to simulate low-power effects or the actions of small creatures. Any damage inflicted on the target by the spell allows him to make a Perception Test as a Sensing Test (see Illusions, p. 139)'),
(18, 'Astral Sense', 1, 2, 5, 15, '6', 'Self', 'Rank + 10 minutes', 'WIL + 6', 0, 'This spell senses people, creatures, magic doors, magic items, and so on, in astral space. The magician rolls his eyes upward and makes a Spellcasting (6) Test. If successful, he is able to detect other presences in astral space. Each round, the magician compares his Effect Test against the Spell Defense of any target within the area of effect. If successful, the target is detected. If more than one target is in the area of effect, the magician detects those with the lowest Spell Defense first. Once detected, a target stays detected as long as he remains within the area of effect. Once the spell is cast, a magician will often take a minute or two to sense nearby members of his group and verify that an astral presence is not coming from a comrade. Once his comrades have been sensed, the magician knows the next target detected is unknown to him. Making an Effect Test does not prevent the magician from taking other actions that round—sensing is a Simple Action (see Actions, p. 215). The magician may attempt to cast spells on a target that he has astrally sensed, even if he cannot otherwise see the target. Magicians use this spell for many different reasons. It is often cast to determine if an item or object has an astral presence, or to detect the presence of nearby entities or Horrors within astral space. A magician using Astral Sense to view a magical item can sense the item\'s magical pattern and would learn it was magical in nature. However, he would not gain any information about the item\'s history or learn any Key Knowledges.'),
(19, 'Astral Shadow', 6, 2, 12, 17, 'Target\'s Spell Defense', 'Touch', 'Rank + 3 minutes', 'WIL + 4', 0, 'This spell makes living beings in the physical world more difficult to see in astral space. The magician waves a silk veil over the target\'s face and makes a Spellcasting Test against the target\'s Spell Defense. If successful, his Effect Test determines the Detection Difficulty for locating the target using astral sensing abilities, such as the Astral Sight talent (p. 61), or the Astral Sense spell (p. 150). Apart from obscuring his presence in astral space, the target does not gain any protection against spells or Horror powers, such as Horror Mark.'),
(20, 'Astral Shield', 2, 0, 0, 7, 'Target\'s Spell Defense', 'Touch', 'Rank + 7 rounds', '+3 to Spell Defense', 0, 'This spell enhances a character\'s resistance to magic. The magician touches the target and makes a Spellcasting Test against the target\'s Spell Defense. If successful, the target adds +3 to his Spell Defense. The Astral Shield spell is not cumulative with other spells that increase Spell Defense.'),
(21, 'Astral Spear', 1, 1, 6, 12, 'Target\'s Spell Defense', '48 yards', '1 round', 'WIL + 6/Mystic', 0, 'This spell weaves energy from astral space to form a phantom spear. The magician pulls his arm back, then hurls it forward as if throwing a spear and makes a Spellcasting Test against the target\'s Spell Defense. If successful, an ethereal spear forms that crosses the distance between the two adversaries and strikes the target. The magician\'s Effect Test determines how much damage is inflicted.'),
(22, 'Astral Whisper', 5, 2, 11, 18, '6', '24 yards', 'Rank + 3 minutes', 'WIL + 8', 0, 'This spell enables the hearing of sounds originating in astral space, such as those made by spirits or Horrors. The magician cups his hands to his ears and makes a Spellcasting (6) Test. If successful, he compares his Effect Test against the Spell Defense of any astral beings (including Namegivers or Horrors in astral form) within range. If successful, the magician can hear any sounds the entity makes. At his discretion, the gamemaster may ask the magician to make Perception Tests to identify specific sounds or speech. Many magicians using this spell have been driven mad, particularly in such Horror-infested areas as Parlainth and the Badlands.'),
(23, 'Aura', 4, 1, 10, 16, 'Target\'s Spell Defense', '4 yards', 'Rank + 3 rounds', 'Makes target\'s aura visible', 0, 'This spell makes astral auras visible as a glowing halo of colors and shapes. The magician opens his eyes as wide as possible and makes a Spellcasting Test against the target\'s Spell Defense. If successful, the target\'s aura becomes visible, allowing anyone with astral sensing abilities (p. 110) to glean information from the exposed aura without the Strain cost or danger of looking into astral space. The brightly glowing aura makes the target clearly visible in the dark, negating Darkness modifiers (p. 226) when attacking him.'),
(24, 'Aura Strike', 3, 1, 7, 12, 'Target\'s Spell Defense', '16 yards', '1 round', 'WIL + 8/Mystic', 0, 'This spell channels destructive energies into weak portions of the pattern of a character who the magician has astrally sensed (p. 110). The magician furrows his brows and squints his eyes, then makes a Spellcasting Test against the target\'s Spell Defense. If successful, his Effect Test determines how much damage is inflicted. Regardless of how much damage the target suffers, he receives a single Wound.'),
(25, 'Awaken', 5, 2, 11, 18, 'Target\'s Spell Defense', 'Touch', '1 round', 'WIL + 6', 0, 'This spell awakens an unconscious or sleeping character. The magician claps his hands together three times, then lightly touches the target and makes a Spellcasting Test against the target\'s Spell Defense. If successful, he makes an Effect Test against the Dispel Difficulty of any spell or magical ability keeping the target unconscious, asleep, drugged or otherwise unaware, or against the Step Number of the poison or drug, if the subject is unconscious from non-magical causes. If successful, the target immediately regains consciousness. If the target\'s Current Damage exceeds his Unconsciousness Rating, he heals sufficient Damage Points to regain consciousness (see Effects of Injury, p. 220).'),
(26, 'Ball of String', 4, 3, 10, 15, '6', 'Varies (see text)', 'Rank + 3 hours', 'WIL + 6', 0, 'This spell conjures a ball from strands of mystical energy. The magician ties an imaginary knot to an object, marking the point of origin, and makes a Spellcasting (6) Test. If successful, a ball of magical string appears in his hand. The ball can be placed in a pouch or pocket—the string pays out automatically as the magician walks. The magician makes an Effect (10) Test once per hour. If successful, the ball reels out more string and remains untangled. If failed, the string snaps and the spell ends. When the magician wants to return to where he started, he winds the string back onto the ball. As he starts winding, the string glows with a white light. By following the glowing thread, the magician is unerringly led back to the point of origin.'),
(27, 'Balloons of Mist', 5, 3, 8, 15, '6', '24 yards', 'Rank + 5 minutes', 'WIL + 4', 0, 'Air. This spell creates several misty balloons large enough to lift things. The spell must be cast under the open sky. The magician exhales in short bursts and makes a Spellcasting (6) Test. If successful, a number of misty balloons form equal to his Spellcasting Rank. The magician can control balloons within the spell\'s range by concentrating—he can command them to return to him or f loat upwards or in a direction of his choosing. Each round, the balloons move at a Movement Rate equal to the magician\'s Spellcasting Rank. Balloons that float out of range continue in the same direction and Movement Rate until the magician manages to get close enough to regain control or the spell ends. To attach a balloon to an object or character, the magician makes a Spellcasting Test against the target\'s Spell Defense. If successful, his Effect Test determines the balloon\'s Strength Value, from which its Strength Step and Carrying Capacity are derived (see Determine Characteristics, p. 27). Multiple balloons can be attached to carry heavy targets.'),
(28, 'Banquet of Dis', 7, 3, 10, 17, 'Target\'s Spell Defense', 'Touch', 'Rank days', 'Eliminates hunger and fatigue', 0, 'This spell allows survival without food, water, or sleep for extended periods. The magician rubs his stomach and licks his lips, then makes a Spellcasting Test against the target\'s Spell Defense. If successful, the target\'s eating, drinking, and sleeping cravings are suppressed. The target loses one Recovery Test per Day for each day he goes without food and water or each night he goes without sleep. If the target has only one Recovery Test per Day, he must choose which effect he ignores—food and water, or sleep. The spell has no effect on characters with less than one Recovery Test per Day. While the spell is in effect, the target suffers no lasting ill effects from deprivation and acts normally with no penalties from the lack of sustenance or sleep. The target\'s ability to heal is reduced, however—he suffers a –3 Recovery Test penalty.'),
(29, 'Beastform', 7, 2, 16, 23, 'Target\'s Spell Defense', 'Self', 'Rank + 5 minutes', 'Transforms caster into an animal', 0, 'This spell allows the magician to assume the form of a non-magical animal and requires a small part of the desired animal (a tuft of hair, a feather, and so on). The magician focuses on the animal\'s shape and characteristics, then makes a Spellcasting Test against his natural Spell Defense. If successful, he transforms into the desired animal, gaining its physical Attributes and abilities, but retaining his own mental Attributes and talents. The magician\'s clothing and equipment disappears when he assumes animal form and reappears again when the spell ends. None of his equipment functions while the magician is in animal form, but any threads woven to magical or pattern items remain effective. While in beast form, the magician can be affected by talents or spells that affect animals. He can only cast spells with gestures that the animal is capable of performing—this limitation usually excludes any spells requiring speech. The magician may dispel the transformation anytime he wishes by spending a Standard Action.'),
(30, 'Bedazzling Display of Logical Analysis', 1, 0, 0, 7, 'Target\'s Spell Defense', 'Self', 'Rank minutes', '+6 bonus to verbal Charisma-based Tests', 0, 'This spell reinforces the integrity of arguments or debates. The magician draws himself up to his full height and makes a Spellcasting Test against his natural Spell Defense. If successful, he gains a +6 bonus to any Charisma-based Tests involving conversation, debate, argument, or other verbal forms of oratory.'),
(31, 'Behind Eye', 3, 2, 6, 16, 'Target\'s Spell Defense', 'Touch', 'Rank + 30 minutes', 'Step 4/D6 Perception Test to rear', 0, 'Fire. This spell creates an eye in the back of a character\'s head. The magician chants softly as he touches a candle or torch to the target\'s head, then makes a Spellcasting Test against the target\'s Spell Defense. If successful, a flaming eye appears in the back of the target\'s head. The eye \"sees\" things to the target\'s rear with a Perception Step of 4/D6—the target sees what the eye sees. The eye has no special power to see in the dark or astral space, even if the target possesses this ability. In combat, the eye prevents the target from being Blindsided by opponents. An attacker can counter this by using a skill or talent that makes him harder to see—if the eye fails its Perception Test against the talent or skill\'s Detection Difficulty, the target is Blindsided, as normal.'),
(32, 'Bellow of the Thundras', 1, 0, 0, 15, 'Target\'s Spell Defense', '60 yards', 'Rank + 5 minutes', 'Allows target to be clearly heard', 0, 'This spell enhances voices, allowing them to be better heard. The magician mouths the opening lines of the target\'s speech then makes a Spellcasting Test against the target\'s Spell Defense. If successful, the target\'s voice is amplified and can be heard clearly by those listening up to the spell\'s range. Magicians often use this spell at large gatherings to Make an Impression (see the Gamemaster\'s Guide, p. 93)—usually to get the attention of others—in a distracting situation.'),
(33, 'Best Face', 1, 2, 5, 14, 'Target\'s Spell Defense', 'Touch', 'Rank + 8 minutes', '+5 bonus to Charisma-based Tests', 1, 'Illusion. This spell disguises one\'s identity. The magician splashes water or cologne on the target\'s face then makes a Spellcasting Test against the target\'s Spell Defense. If successful, the target\'s face changes to match a face envisaged by the magician—if he is copying a specific face, he must have seen that individual within a number of months equal to his Spellcasting Rank. The target gains a +5 bonus to Charisma-based Tests when trying to convince others of his false identity and attempting to persuade them to act according to that misperception. Any Interaction Tests made against the target are considered Sensing Tests (see Illusions, p. 139). The spell only affects the target\'s head and neck, including hair and ears. The maximum possible size difference between the target\'s face and that being mimicked is 100 percent in any dimension—the magician must find another way to disguise obvious differences. The target\'s voice is unchanged, so he must try to mimic the speech characteristics of the character whose face he has borrowed as best he can.'),
(34, 'Billowing Cloak', 2, 1, 6, 14, 'Target\'s Spell Defense', 'Touch', 'Rank + 3 minutes', 'WIL + 5', 0, 'Air. This spell enhances the ability to impress others. It can only be cast on someone wearing a cloak or who has shoulder- length or longer hair (a t\'skrang\'s crest is considered to be \"long hair\" for this purpose). The magician tosses his head and flips his hair (if any) or crest back, then places his hand on the target and makes a Spellcasting Test against the target\'s Spell Defense. If successful, the air behind the target becomes animated, billowing his cloak or hair out behind him. The target may make an Effect Test in place of a First Impression Test (p. 70). All restrictions to First Impression still apply. If the target knows the First Impression talent or skill, he gains a +5 bonus instead. If successful, he gains a +5 bonus to any Interaction Tests he makes against his \"impressed\" friend.'),
(35, 'Binding Threads', 4, 2, 10, 17, 'Target\'s Spell Defense', '16 yards', 'Rank + 3 rounds', 'WIL + 8', 0, 'This spell conjures a myriad of magical threads that wrap and entangle an opponent. The magician points at the target and makes a Spellcasting Test against the target\'s Spell Defense. If successful, a mass of brightly-colored magical threads form in the air and fly toward the target, entangling him in powerful magical bonds. The magician makes an Effect Test. Each round, the target may make a Strength Test against the Test Result. If successful, he breaks free and the spell ends. Bound targets cannot use their hands to attack or cast spells and are Harried for all Action Tests they make except attempts to break free of their bonds.'),
(36, 'Blade Fury', 8, 2, 13, 20, 'Target\'s Spell Defense', 'Touch', 'Rank + 3 rounds', 'WIL + 10/Physical', 0, 'This spell enhances the efficacy of melee weapons. The magician shouts out a battle cry, then touches the melee weapon held by the target and makes a Spellcasting Test against the higher of the target\'s or his weapon\'s Spell Defense. If successful, the melee weapon gleams bright red and a pale-red duplicate of the weapon appears, hovering several inches away from the original. Whenever the target makes a successful melee Attack Test with his enhanced weapon, the magical double-blade also hits his opponent. The target\'s Effect Test determines how much damage is inflicted (made separately from the normal weapon\'s Damage Test). Any special results achieved by the normal weapon also apply to the enhanced weapon. For example, if the attack was an Armor-Defeating Hit, the double-blade also achieves an Armor-Defeating Hit.'),
(37, 'Blazing Fists of Rage', 1, 0, 0, 16, 'Target\'s Spell Defense', 'Touch', 'Rank + 4 rounds', 'WIL + 5/Physical', 1, 'Illusion. This spell engulfs a character\'s hands or feet in illusory f lames that augment the damage he inf licts with unarmed attacks. The magician touches one of the target\'s limbs and makes a Spellcasting Test against the target\'s Spell Defense. If successful, the body part glows cherry-red, leaving a slowly fading after-image trailing behind. The target\'s body audibly \"hums\" with power. When he strikes an opponent with an unarmed Attack Test, brilliant red sparks fly from the area struck, accompanied by an explosive sound effect. The target\'s Effect Test determines how much damage is inflicted. If his opponent takes a Wound, the Knockdown Test is considered a Sensing Test (see Illusions, p. 139).'),
(38, 'Bleeding Edge', 4, 1, 10, 20, 'Target\'s Spell Defense', 'Touch', 'Rank rounds', '+5 bonus to melee weapon\'s Damage Tests against the previous wielder', 0, 'This spell causes a melee weapon to weep blood. The magician scratches his arm and makes a Spellcasting Test against the higher of the weapon\'s Spell Defense or that of the wielder who last spilled blood with the weapon. If successful, the weapon bleeds along its edge or striking surface, the blood dripping to the ground. If the weapon is used against its previous wielder, the attacker gains a +5 Damage Test bonus.'),
(39, 'Blessed Light', 6, 1, 8, 18, '6', 'Touch', 'Rank + 15 minutes', 'WIL + 4', 0, 'This spell gathers pure light from astral space. The magician squints his eyes, then points his finger in the air and makes a Spellcasting (6) Test. If successful, a globe of light appears, hovering a yard above his head and illuminating the area of effect. The magician makes an Effect Test. Any entity, including undead, who wishes to enter the area of effect makes a Willpower Test against the Test Result. If successful, the light goes out and the spell ends, otherwise the entity remains outside the area of effect until the spell ends.'),
(40, 'Blind', 5, 3, 11, 15, 'Target\'s Spell Defense', '8 yards', 'Rank + 5 rounds', 'WIL + 8', 0, 'This spell turns a character\'s eyes into empty unseeing pits. The magician claws at his own eyes and mutters under his breath, then makes a Spellcasting Test against the target\'s Spell Defense. If successful, the target\'s eyeballs disappear, leaving dark empty holes. The \"blind\" target suffers a Complete Darkness penalty to sight-based Action Tests. Each round, the target may make a Willpower Test against the Effect Step. If successful, his eyes are restored and the spell ends. Targets who don\'t require vision to \"see\" are unaffected by this spell.'),
(41, 'Blinding Glare', 3, 1, 10, 20, 'Target\'s Spell Defense', '12 yards', 'Varies (see text)', 'WIL + 6', 0, 'This spell creates a blinding flash of light. The magician opens his eyes as wide as possible, then covers them and makes a Spellcasting Test against the highest Spell Defense among all characters in the area of effect. If successful, he compares his Effect Test against each target\'s Perception Step. If successful, the target is blinded and suffers a Complete Darkness penalty to sight-based Action Tests for 1 round per Result Level achieved, starting with an Average Result. Targets who do not require vision to \"see\" are unaffected by this spell.'),
(42, 'Blindness', 2, 1, 8, 14, 'Target\'s Spell Defense', '10 yards', 'Rank + 5 minutes', 'Obscures the target\'s vision', 1, 'Illusion. This spell obscures vision with an inky blackness. The magician closes one eye, points at the target, blinks twice, and makes a Spellcasting Test against the target\'s Spell Defense. If successful, the target is \"blinded\" and suffers a Full Darkness penalty to sight-based Action Tests. The target may make a Disbelief Test as soon the illusion takes effect. Any sight-based Action Tests he makes are considered Sensing Tests. Targets who don\'t require vision to \"see\" are unaffected by this spell.'),
(43, 'Blizzard Sphere', 4, 2, 10, 17, 'Target\'s Spell Defense', '40 yards', 'Rank + 3 rounds', 'WIL + 8/Physical', 0, 'Water–Cold. This spell conjures a small blizzard against foes. The magician shivers and rubs his shoulders, then cups his hands together as if holding a snowball and makes a Spellcasting Test against the highest Spell Defense among all targets in the area of effect. If successful, freezing ice, sleet, and snow fills the sphere, which remains stationary for the spell\'s duration. Each round, the magician\'s Effect Test determines how much damage is inflicted on any targets within the area of effect. The magician may affect up to Spellcasting Rank targets.'),
(44, 'Blood Boil', 7, 3, 12, 17, 'Target\'s Spell Defense', '24 yards', '4 rounds', 'WIL + 9/Mystic', 0, 'This spell makes an opponent\'s blood boil, causing his skin and veins to ripple and his pores to emanate steam. The magician gurgles bubbling noises and makes a Spellcasting Test against the target\'s Spell Defense. If successful, his Effect Test determines how much damage is inflicted. Each round, the magician may make another Spellcasting Test against the target\'s Spell Defense. If successful, he makes another Effect Test to inflict damage. If failed, the target \"simmers\" and takes no damage that round. The magician may not redirect the effect against another target with this Spellcasting Test. If the target manages to get out of range, the spell ends. The spell only affects living targets with blood. It does not work against most undead, plants (which have sap), stone statues, or other such creatures. If there is any doubt, the gamemaster determines the spell\'s efficacy.'),
(45, 'Blood Lost', 6, 3, 12, 22, 'Target\'s Spell Defense', 'Touch', 'Rank + 1 days', 'Target loses ability to heal Wounds', 0, 'This spell worsens injuries, making them harder to heal. The magician makes wringing, squeezing actions with his hands, then touches the target and makes a Spellcasting Test against the target\'s Spell Defense. If successful, the target is unable to naturally heal Wounds until the spell ends—he may heal Damage Points, however. Any Recovery Tests used to heal Wounds during the spell\'s duration are wasted, including the first Recovery Test made to heal a Wound each day if the target currently has no damage. During the spell\'s duration, the target\'s Wounds can only be healed by magic, such as from a healing potion or the questor Heal power, although even this magic\'s ability to heal the target is affected. If the target uses a healing potion, he makes a Recovery Test (including the +8 bonus conferred by the potion) against the magician\'s Spellcasting Test. If successful, he heals a Wound, but does not heal any Damage Points. If the target is treated by a questor of Garlen, the questor makes a Heal Test against the Spellcasting Test. If successful, the questor heals only one Wound, regardless of the Result Level achieved.'),
(46, 'Blood Servitor', 4, 2, 7, 17, '8', 'Rank miles', 'Rank hours', 'Creates a flying servant', 0, 'This spell conjures a minor servitor by combining blood with astral energy. The magician pricks his finger and drips blood to the ground, taking 3 Strain, then makes a Spellcasting (8) Test. If successful, he conjures a blood servitor in the form of a small flying creature. The magician can issue simple verbal commands to the servitor with a number of words no greater than his Spellcasting Rank. Because the servitor is linked to him by blood, the magician can spend a Simple Action to use the servitor\'s senses to see and hear, using his own Perception Step for any Perception Tests he makes. The blood servitor can fly at a speed equal to the magician\'s Movement Rate. If the servitor takes damage equal to or greater than its Death Rating, it vanishes and the spell ends.'),
(47, 'Boil Water', 2, 2, 7, 13, '6', 'Touch', 'Rank + 3 minutes', 'Boils water/Physical', 0, 'Water–Hot. This spell heats a vessel to bringing the water it holds quickly to a boil. The magician briskly taps the vessel and makes a Spellcasting (6) Test. If successful, the vessel immediately heats the water within, bringing a quart of water to a boil each round—a gallon of water takes four rounds to reach boiling point. The magician can boil a maximum number of quarts of water equal to his Spellcasting Rank. Though not intended to be used in combat, the product can be quite effective. The contents of the vessel can be hurled at an opponent by making a Throwing Weapons Test against the target\'s Physical Defense (see Thrown Attacks, p. 232). If successful, the boiling water inflicts Step 4/D6 damage per quart, to a maximum of Step 16/D12+D8+D6 damage.'),
(48, 'Bond of Silence', 5, 3, 11, 18, 'Target\'s Spell Defense', '20 yards', 'Rank minutes', 'WIL + 4', 0, 'This spell prevents a character from speaking directly (though he can still make indirect hints) about a specific topic, event, or individual. The magician holds his breath and makes a Spellcasting Test against the target\'s Spell Defense. If successful, he makes an Effect Test. Whenever the target attempts to speak about the forbidden topic, he makes a Willpower Test against the Test Result. If successful, he can speak normally and freely and the spell ends. If failed, his voice falters and he cannot speak until he changes the subject to one he can discuss freely.'),
(49, 'Bone Circle', 2, 3, 6, 17, '9', 'Touch', 'Rank + 3 months', 'WIL + 5', 0, 'This ritual spell invites a wandering spirit to live within a circle made of bones. The bones of one or more non-sentient animals are used to construct a Bone Circle no bigger than the area of effect. The magician spends one hour per thread walking the circumference, scratching or tracing magical inscriptions and placing bones to form the circle\'s outline. After completing the circle, he touches the bones and makes a Spellcasting (9) Test. If successful, a bone spirit is summoned to live within the circle. The spirit is not very intelligent. It cannot leave the bone circle, but will take physical action against anyone attempting to enter or already in the circle. Some spells, such as Grave Message (p. 174) and Spirit Portal (p. 200), require the use of a bone circle. A magician may have a number of active bone circles equal to his Spellcasting Rank. Kicking away the bones and erasing the inscriptions is not sufficient to destroy a bone circle—it just makes it more difficult to see the circle\'s outline and therefore avoid disturbing the spirit that dwells there. A Bone Circle can be dispelled, but the magician must touch the circle to do so, risking assault from the spirit. The bone spirit will not harm its summoner, but cannot otherwise be controlled.'),
(50, 'Bone Dance', 1, 1, 7, 15, 'Target\'s Spell Defense', '10 yards', 'Rank + 3 rounds', 'WIL + 4', 0, 'This spell infuses a character\'s skeleton with an independent living force which moves him against his will. The magician does a herky-jerky jig and makes a Spellcasting Test against the target\'s Spell Defense. If successful, he makes an Effect Test against the target\'s Strength Step each round, requiring his concentration. If successful, the target haphazardly dances Step 4/D6 yards in a random direction and is Harried. If failed, the target regains control that round—he may move and act of his own accord.'),
(51, 'Bone Pudding', 7, 3, 12, 20, 'Target\'s Spell Defense', '4 yards', 'Rank+6 rounds', 'Turns bones to sludge', 0, 'This spell turns a character\'s bones into a pudding-like consistency. The magician eats something messy, like a pudding, porridge, or another glutinous dish, then makes a Spellcasting Test against the target\'s Spell Defense. If successful, the target\'s shin, knee, and elbow bones become the sludgy consistency of whatever the magician was eating, causing 6 Wounds (but no Damage Points) and collapsing him to the ground. The usual penalties apply for sustaining multiple Wounds (see Wound Penalties, p. 221). Movement becomes nearly impossible for the target. The target\'s bones return to their original consistency and the Wounds may be healed after the spell ends.'),
(52, 'Bone Puppet', 6, 3, 8, 15, 'Target\'s Spell Defense', '10 yards', 'Rank + 6 rounds', 'WIL + 4', 0, 'This is a variant of the Bone Dance spell, p. 155. The magician pretends to manipulate a string-puppet, then points at the target and makes a Spellcasting Test against the target\'s Spell Defense. If successful, he makes an Effect Test against the target\'s Strength Step each round, requiring his concentration. If successful, the target loses control of his body and imitates any moves the magician makes, acting accordingly. For example, if the magician Steps one yard to the left, the target also Steps one yard to the left; if the magician mimes hitting someone in front of him, the target hits someone to his front. If failed, the target regains control that round and may move and act normally. While the magician has control, he uses the Effect Step for the target\'s actions. The magician cannot use any of the target\'s talents or magical abilities. Each round, the target may attempt to end the spell by making a successful Willpower Test against the Effect Step.'),
(53, 'Bone Shatter', 6, 2, 12, 20, 'Target\'s Spell Defense', '24 yards', '1 round', 'WIL + 8/Mystic', 0, 'This spell splinters and cracks bones, causing horrific damage. The magician makes cracking sounds, then makes a Spellcasting Test against the highest Spell Defense among any targets in range. If successful, he makes one separate Effect Test per Result Level to determine how much damage is inflicted, directing no more than two Effect Tests against an individual target. A target who takes a Wound adds +3 to the Knockdown Difficulty. The magician may affect up to Spellcasting Rank targets.'),
(54, 'Bone Walker', 6, 3, 12, 18, '10', 'Touch', 'Rank + 2 days (see text)', 'Creates a bone walker', 0, 'This ritual spell creates a large animated skeleton. The ritual must be performed within an active Bone Circle (p. 155) and requires additional bones to make the walker, enough to form a troll-sized skeleton. Each day the magician spends an hour weaving a spell thread to the bones, carefully placing them in the shape of the skeleton. After weaving all of the spell threads, the magician touches the bones and makes a Spellcasting (10) Test. If successful, the bones join together and animate in the shape of a humanoid figure. The magician can mentally control the bone walker while it is within the area of effect, although this requires his concentration. Otherwise, the creature follows the last command received, such as guarding a given place, attacking any living creature that passes, and so on. If the bone walker is destroyed, the spell ends. The magician may extend the duration to a year and a day by taking 3 Blood Magic Damage. This damage cannot be healed until the spell ends.'),
(55, 'Bouncing Blaster', 6, 4, 9, 20, '6', 'Touch', 'Rank + 3 days', 'WIL + 8/Mystic', 0, 'This spell \"seeds\" an area of earth with magical bombs, creating a minefield through which travelers may pass at their peril. The magician makes motions as if throwing seeds onto a field, then touches the ground and makes a Spellcasting (6) Test. If successful, a patch of ground up to the area of effect in size is seeded with magical blasters. The magician can plant a number of blasters equal to his Spellcasting Rank and determines exactly where within the minefield each bomb is planted. Once seeded, if any character, including the magician, moves within 2 yards (1 hex) of a blaster, it bounces into the air, trailing fiery orange sparks, and explodes. The magician\'s Effect Test determines how much damage is inflicted to all characters within 2 yards (1 hex) of the blaster.'),
(56, 'Buoyancy', 4, 1, 13, 20, 'Target\'s Spell Defense', 'Self', 'Rank hours', '+3 bonus to Swimming Tests', 0, 'Water. This spell makes a character more buoyant. The magician throws his arms wide as if floating on his back and makes a Spellcasting Test against the target\'s Spell Defense. If successful, the target gains a +3 Swimming Test bonus. Characters who cannot swim, such as obsidimen, do not benefit from this spell.'),
(57, 'Call', 7, 2, 10, 17, 'Target\'s Spell Defense', '100 miles', '1 round', 'Delivers a message', 0, 'This spell delivers a message over a great distance. The message must contain no more words than the magician\'s Spellcasting Rank and must be sent to someone the magician knows within range. The magician opens and closes his mouth as if talking, then makes a Spellcasting Test against the target\'s Spell Defense. If successful, the target sees and hears a magical image of the magician speaking the message. The target receives only the information that the magician chooses to send, whether a threat, a warning, a cry for help, or a simple greeting. The spell allows only one-way communication—the magician knows if the spell succeeded but cannot tell if the target understood the message, nor can he learn anything about the target\'s current location and condition.'),
(58, 'Calm Water', 7, 4, 8, 19, '6', 'Self', 'Rank + 1 hours', 'WIL + 9', 0, 'Water. This spell lowers the severity of waves created by a storm. The magician stands at the highest point of a ship or shoreline and shouts at the water, then makes a Spellcasting Test against a Difficulty Number determined by the storm\'s origin and intensity. Against natural storms the Difficulty Number is 6; especially severe storms carry a Difficulty Number of 9 or more; magical or elemental storms use their own or their creator\'s Spell Defense. If successful, the magician makes an Effect Test, reducing the height of all waves within the area of effect by a number of inches equal to the Test Result. The spell may be cast multiple times on the same section of water to further reduce the storm\'s ferocity.'),
(59, 'Catch Spell', 8, 2, 14, 21, 'Target\'s Spell Defense', 'Self', 'Rank rounds', 'WIL + 12', 0, 'This spell captures other spells. The magician mimics catching an object, then makes a Spellcasting Test against the target\'s Spell Defense. If successful, he may make an Effect Test against the Spellcasting Test of any spell the target casts directly at him. If successful, the magician catches the spell and may hold it until his Catch Spell ends or he makes a Spellcasting Test to cast the caught spell at a legitimate target within the caught spell\'s range, including the original caster. When recast, the caught spell\'s effects use the original caster\'s statistics. If the magician is holding a caught spell when his Catch Spell ends, the spell affects him normally. The magician cannot cast any other spells until he recasts the caught spell or his Catch Spell ends.'),
(60, 'Catseyes', 1, 1, 5, 10, 'Target\'s Spell Defense', 'Touch', 'Rank + 3 minutes', 'Target gets Low-Light Vision', 0, 'This spell grants the ability to see in near-darkness. The magician blinks several times, then touches the target lightly on his eyelids and makes a Spellcasting Test against the target\'s Spell Defense. If successful, the target gains the Low-Light Vision ability (p. 20)—his pupils become vertical slits, like those of a cat, reflecting incoming light and appearing to glow in the dark. The spell has no effect on targets with Low-Light Vision.');
INSERT INTO `ed_spells_v3` (`id`, `name`, `circle`, `threads`, `weaving_diff`, `reattunement_diff`, `casting_diff`, `range`, `duration`, `effect`, `illusion`, `description`) VALUES
(61, 'Catwalk', 3, 1, 7, 12, 'Target\'s Spell Defense', 'Touch', 'Rank + 8 rounds', '+6 bonus to Action Tests involving climbing or balancing', 0, 'This spell improves balance. The magician mutters \"meow\" several times, then lightly strokes the target\'s head and makes a Spellcasting Test against the target\'s Spell Defense. If successful, the target\'s sense of balance and coordination is markedly improved and he gains a +6 bonus to Action Tests involving climbing and balance, including Climbing and Knockdown Tests.'),
(62, 'Chilling Circle', 1, 2, 6, 15, 'Target\'s Spell Defense', 'Touch', 'Rank + 6 minutes', 'Causes Step 4/D6 cold damage to those in the circle/Mystic', 0, 'Water–Cold. This spell creates a circle of cold. The magician spins round in a circle, then suddenly stops to kneel and touch the ground and compares his Spellcasting Test against the Spell Defense of all characters inside the area of effect, including himself. If successful, the character takes Step 4/D6 damage each round they remain within with the circle.'),
(63, 'Chosen Path', 6, 3, 10, 18, '6', 'Self', 'Rank + 3 hours', 'WIL + 8', 0, 'This spell makes others follow a path of the magician\'s choosing when they are presented with a choice of directions. The magician considers a path (a set of doors, a branch in the road, and so on) visible to him, then indicates his choice and makes a Spellcasting (6) Test. If successful, when others are faced with a choice of direction at the same location, the magician makes an Effect Test against the highest Spell Defense among all targets in the area of effect. If successful, the target group believes they have chosen otherwise, but in reality they select the path determined by the magician. The deception becomes apparent once they are out of range or the spell ends. Should the target group decide to backtrack and take the correct path from the same point, the magician makes another Effect Test to see if they are diverted down the wrong path again.'),
(64, 'Circle of Astral Protection', 5, 3, 11, 19, 'Target\'s Spell Defense', 'Touch', 'Rank + 1 minutes', 'WIL + 8', 0, 'This spell creates a circle of magical protection. The magician walks the circumference of the circle, then makes a Spellcasting Test against the highest Spell Defense of all characters inside the area of effect. If successful, he makes an Effect Test. The Mystic Armor of all characters within the circle is equal to the Test Result. If a character leaves the circle, his Mystic Armor returns to its original value.'),
(65, 'Circle of Well Being', 4, 3, 8, 17, '6', 'Touch', 'Rank × 10 minutes', 'WIL', 0, 'This spell creates a zone which cools and refreshes those who repose within. The magician walks the circumference of the circle, then makes a Spellcasting (6) Test. If successful, the circle\'s area of effect glistens like ice, cooling the air within, but not uncomfortably so. The magician makes an Effect Test against the natural Spell Defense of any character resting within the circle for at least 10 minutes. If successful, the character adds the Effect Step as a bonus to any Recovery Tests he makes while inside the circle. A character may benefit multiple times from the effect, as long as one hour passes between Recovery Tests (see Recovering From Damage, p. 220).'),
(66, 'Clarion Call', 4, 1, 8, 17, 'Target\'s Spell Defense', '40 yards ', 'Rank + 12 rounds', 'WIL + 4', 1, 'Illusion. This spell creates an illusory voice that persuades others to do the magician\'s will. The magician talks quietly to himself, then makes a Spellcasting Test against the highest Spell Defense among the target group, +1 for each additional target. If successful, an illusory voice of considerable authority translates the magician\'s words into a language appropriate to each target. The magician\'s Effect Test is compared against each target\'s Social Defense. On an Average Result, the target acts according to the voice\'s suggestions, as long as the action is not obviously harmful to others; on an Excellent Result, the target is fooled into taking the suggested course of action, even if it is harmful to someone else. If convinced to follow a course of action that would hurt another, the target makes a Disbelief (10) Test as a Free Action before he carries out the command. If successful, it destroys the suggestion\'s influence on the target (see Illusions, p. 139). The magician may affect up to Spellcasting Rank targets. The target will not harm himself and suggestions to do so immediately end the spell\'s effect on him.'),
(67, 'Clean', 2, 2, 5, 13, 'Target\'s Spell Defense', 'Touch', '1 minute', 'WIL + 4', 0, 'This spell removes visible stains, dirt, or foreign substances from objects. The magician makes wiping motions, then sprinkles water on the objects and makes a Spellcasting Test against the highest Spell Defense among the target objects. If successful, the magician makes an Effect Test. The Test Result is the number of square yards cleaned—3 square yards is sufficient to nicely clean a dwarf-sized character, 4 square yards is enough for a human or t\'skrang, while 6 square yards is needed for an obsidiman or a troll. The spell does not clean substances that are not visible to the magician.'),
(68, 'Clothing Gone', 5, 3, 11, 21, 'Target\'s Spell Defense', '24 yards ', '5 rounds', 'Harries the target', 1, 'Illusion. This spell makes a character believe his clothes and armor have vanished, leaving him naked and vulnerable. The magician removes an item of his own clothing, then makes a Spellcasting Test against the target\'s Spell Defense. If successful, the target is so distracted (and perhaps also embarrassed) by his clothing and armor disappearing, that he is Harried. Any Action Tests the target makes are considered Sensing Tests (see Illusions, p. 139).'),
(69, 'Cloud Summon', 7, 3, 12, 20, '8', '1 mile (see text)', 'Rank + 1 hours', 'WIL + 7', 0, 'Air. This spell summons cloud cover as a precursor to casting another spell, such as Death Rain (p. 161), or simply to achieve impressive weather effects. The magician makes gestures mimicking the swirling pattern of rapidly-moving clouds, then tosses some water into the air and makes a Spellcasting Test against a Difficulty Number determined by the cloud type. Summoning normal clouds carries a Casting Difficulty of 8; stormy weather carries a Casting Difficulty of 13; gale-force storms carry a Casting Difficulty of 20 (or more, at the gamemaster\'s discretion). If successful, the water billows into a wispy fragment of cloud, rising rapidly into the sky where it acts as a beacon drawing other clouds to it. Under normal circumstances, the clouds summoned take one hour to arrive—storm clouds may take longer to gather, at the gamemaster\'s discretion. The magician makes an Effect Test, subtracting the Test Result in minutes from the clouds\' arrival time. The spell may be cast multiple times to hasten the clouds\' arrival. The effect centers on the magician\'s position at the time of his first casting—it does not move with the magician. The range also determines the radius of ground area covered by the clouds. The magician can summon any type of natural cloud formations he has witnessed or experienced. If he has not been outside during a storm, he cannot summon that type of weather.'),
(70, 'Cold Storage', 7, 8, 10, 20, '8', 'Touch', 'Rank months', 'Preserves organic matter', 0, 'Water–Cold. This ritual spell keeps bodies or food from rotting and is often used during magical experiments or on lengthy journeys. All of the items must be in an active Bone Circle (p. 155). Weaving each spell thread takes one hour, during which time the magician must describe, stack, and sprinkle water over the items. After weaving all the threads, he throws a last handful of water into the Bone Circle and makes a Spellcasting (8) Test. If successful, the items stop decaying and can be moved from the bone circle. Food preserved by this spell cannot be eaten until the spell ends.'),
(71, 'Combat Fury', 3, 1, 9, 16, 'Target\'s Spell Defense', 'Touch', 'Rank + 7 rounds', '+4 bonus to close combat Attack Tests', 0, 'This spell creates a state of battle fury, energizing a character into a frenzy in combat. The magician rants and gesticulates violently, then touches the target and makes a Spellcasting Test against the target\'s Spell Defense. If successful, the target gains a +4 bonus to close combat Attack Tests. The target may only make close combat attacks during the spell\'s duration.'),
(72, 'Command Nightflyer', 1, 1, 5, 13, 'Target\'s Spell Defense', '48 yards ', 'Rank + 3 minutes', 'WIL + 2', 0, 'This spell allows conversation with and command over nocturnal flying creatures, such as owls, bats, and krilworms. The magician imitates the animal\'s sounds, then makes a Spellcasting Test against the target\'s Spell Defense. If successful, he may converse with the creature and give it simple commands. The magician makes an Effect Test against the target\'s Social Defense. If successful, the creature obeys his commands. The creature\'s survival instincts cannot be overridden, nor can it be ordered to behave against its basic nature. For example, a bat could not be forced to scout around during daylight hours when it would normally be resting.'),
(73, 'Compression Bubble', 8, 3, 15, 22, 'Target\'s Spell Defense', '30 yards ', 'Rank + 7 rounds', 'WIL + 10/Physical', 0, 'Air. This spell traps a character inside a magical bubble. The magician cups his hands together as if holding a ball, then releases them and makes a Spellcasting Test against the target\'s Spell Defense. If successful, a flexible, but resilient, bubble forms around the target. The magician\'s Effect Test determines how much damage is inflicted, as the bubble squeezes the target and constricts his actions. Each round, the magician must concentrate on squeezing the bubble to inflict additional damage to the target, or he may choose to move away and leave the target trapped until the spell ends. The bubble may be torn open from the outside by reducing its Death Rating to zero. Only an Extraordinary Result on an Attack Test defeats the bubble\'s Physical or Mystic Armor. The target may break out of the bubble by making a successful Strength (17) Test. Weapons or spells wielded by the target have no effect against the bubble\'s interior. While constricted inside the bubble, the target is Harried.'),
(74, 'Conceal Tracks', 4, 2, 10, 20, 'Target\'s Spell Defense', 'Touch', 'Rank hours', 'WIL + 5', 1, 'Illusion. This spell disguises the spoor of one or more characters with magic, confusing anyone attempting to track the group. The magician brushes the ground around him, then makes a Spellcasting Test against the highest Spell Defense among the target group, +1 for each additional target. If successful, his Effect Test determines the Sensing Difficulty of the targets\' tracks. Any Perception or Tracking Tests made to discover tracks concealed by this spell are considered Sensing Tests.'),
(75, 'Confusing Weave', 7, 1, 13, 20, 'Target\'s Spell Defense', '24 yards ', '1 round', 'WIL + 3', 0, 'This spell confounds a magician\'s ability to weave spell threads. The magician shakes his head from side to side and makes a Spellcasting Test against the highest Spell Defense among the target group. If successful, he compares his Effect Test against each target\'s Thread Weaving Step. If successful, affected targets fail to weave threads into their own spells—they lose all of the spell threads they are weaving or have woven. The magician may affect up to Spellcasting Rank targets.'),
(76, 'Constrict Heart', 7, 0, 0, 18, 'Target\'s Spell Defense', '10 yards ', 'Rank + 3 rounds', 'WIL + 6/NA', 0, 'This spell constricts a character\'s heart with astral force. The magician extends his hand in a grasping motion, then makes a Spellcasting Test against the target\'s Spell Defense. If successful, the target\'s heart is squeezed in a vice-like grip. Each round, the magician\'s Effect Test determines how much damage is inflicted. The magician must concentrate to inflict damage each round or the spell ends. The target is immobilized unless he makes a Willpower Test against the Effect Step. If successful, the spell ends. Some creatures are not affected by this spell, because they are undead and feel no pain or have no heart or similar organ to constrict.'),
(77, 'Control Being', 8, 3, 14, 20, 'Target\'s Spell Defense', '10 yards ', 'Rank + 10 minutes', 'WIL + 6', 0, 'This spell controls another character. The magician holds his body still, eyes closed, then opens his eyes, flings his arms out and makes a Spellcasting Test against the target\'s Spell Defense. If successful, he takes control of the target\'s body. The target still controls his thoughts and speech, but the magician dictates all movement. The magician makes an Effect Test. Each round, the target may make a Willpower Test against the Test Result. If successful, he regains control of his body and the spell ends. The magician must concentrate to force the target to move, but broken concentration does not end the spell. While affected, the target moves and acts with his own Attribute Steps. The magician cannot use any of the target\'s talents or spells, but can direct him to use any physical skills he possesses.'),
(78, 'Counterspell', 5, 0, 0, 11, 'Target\'s Spell Defense', '6 yards ', 'Rank + 10 rounds', 'Improves magical defense', 0, 'This spell bolsters magical defenses. The magician makes a Spellcasting Test against the highest Spell Defense among the target group. If successful, the targets add +2 to their Spell Defense per Result Level achieved, starting with an Average Result. The magician may affect up to Spellcasting Rank targets.'),
(79, 'Crafty Thought', 2, 1, 6, 14, 'Target\'s Spell Defense', '2 yards ', 'Rank minutes', 'WIL + 5', 1, 'Illusion. This spell plants a thought in a character\'s mind, distracting or confusing him. The magician talks conversationally to the target, then makes a Spellcasting Test against the target\'s Spell Defense. If successful, he plants a simple visual image in the target\'s mind. The thought may incorporate the effect of small gestures, such as those used to emphasize speech. The image cannot contain more than a single round\'s worth of activity and the image area \"seen\" cannot be larger than the common room of a typical tavern, with no more than four characters acting out their parts in the illusion. The target does not have to act on the thought, but the idea has now been planted. Each round, the magician may make the previous thought recur in the target\'s mind as a Free Action. He may also modify the thought by concentrating and making an Effect Test against the target\'s Spell Defense. If successful, the magician can modify the original thought, though the setting must remain primarily the same. The original principal characters must also remain the same, but any of them can change their actions in the modified image. If failed, the spell ends. If the spell fails or expires early, the magician may attempt to recast it against the same target. However, because of the conversational requirement, if he fails to weave the spell thread or cast the spell, the target may make a Sensing Test (see Illusions, p. 139) using an applicable skill or talent or a Perception Test. If successful, he knows the magician is trying to ensorcel him and can no longer be affected by this spell for one day.'),
(80, 'Crunch Climb', 1, 1, 6, 14, 'Target\'s Spell Defense', 'Touch', 'Rank + 5 minutes', '+3 Climbing Test bonus', 0, 'Earth. This spell enhances climbing ability. The magician crouches down on all fours, then touches the target as he begins to climb and makes a Spellcasting Test against the target\'s Spell Defense. If successful, the target gains a +3 Climbing Test bonus.'),
(81, 'Crushing Hand of Earth', 8, 2, 14, 21, 'Target\'s Spell Defense', '24 yards ', 'Rank + 3 rounds', 'WIL + 6/Physical', 0, 'Earth. This spell works similarly to the Grasping Hand of Earth spell, p. 174, but instead of holding a character, it exerts injurious crushing force on him instead. The target must be standing on earth or stone. The magician shakes a fist at the target and makes a Spellcasting Test against the target\'s Spell Defense. If successful, a huge hand formed from stone or earth rises from the ground and clasps the target, crushing him with a terrible intensity. Each round, the magician\'s Effect Test determines how much damage is inflicted—this requires his concentration or the spell ends. Each round, the target may make a Strength Test against the Effect Test to break free, otherwise, he may perform no other actions while held in the spell\'s grip.'),
(82, 'Crushing Will', 1, 1, 8, 16, 'Target\'s Spell Defense', '48 yards ', '1 round', 'WIL + 5/Mystic', 0, 'This spell directly attacks a character\'s will. The magician furrows his brows and peers at the target, then makes a Spellcasting Test against the target\'s Spell Defense. If successful, his Effect Test determines how much damage is inflicted.'),
(83, 'Damage Shift', 7, 2, 13, 20, 'Target\'s Spell Defense', 'Self', '3 rounds', 'Shifts damage to target/Mystic', 0, 'This spell shifts damage from the magician to another character. The magician shakes his clothing vigorously, then taps his forehead and makes a Spellcasting Test against his own natural Spell Defense. If successful, he may attempt to shift any damage he takes to another target within line of sight. After the Damage Test made against the magician has been resolved, he may make a Spellcasting Test against the target\'s Spell Defense. If successful, any damage taken by the magician from that Damage Test shifts to the target.'),
(84, 'Dampen Karma', 3, 1, 7, 15, 'Target\'s Spell Defense', '24 yards ', 'Rank + 6 rounds', '–3 Karma Step penalty', 0, 'This spell reduces a character\'s ability to use Karma. The magician must spend a Karma Point on his Thread Weaving or Spellcasting Test. He holds up his open palm, then closes it and makes a Spellcasting Test against the target\'s Spell Defense. If successful, the target suffers a –3 penalty to his Karma Step. Targets who do not use Karma are unaffected.'),
(85, 'Dancing Disks', 6, 3, 7, 19, 'Target\'s Spell Defense', '30 yards ', 'Rank + 7 rounds', 'WIL + 6', 0, 'This spell creates spinning disks under the feet of one or more characters. The magician spins around in increasingly tight circles, then stops and makes a Spellcasting Test against the highest Spell Defense of the target group, +1 for each additional target. If successful, several glowing violet or green disks appear under the targets\' feet. Any time an affected target\'s Action Test is less than the magician\'s Effect Test, the target is spun around 180 degrees on his disk. Characters unaffected by the spell gain wonderful opportunities for making Blindsided attacks. The magician may affect up to Spellcasting Rank targets.'),
(86, 'Dark Messenger', 3, 1, 7, 15, 'Target\'s Spell Defense', 'Touch', 'Rank hours', 'Sends nightflyer to deliver a message', 0, 'This spell commands a nocturnal flying creature to deliver a message. It must be cast after sunset and only on a nightflyer already under the magician\'s control, by being a familiar or through use of the Command Nightflyer spell, p. 159. The message must be short—no more than twice his Spellcasting Rank words in length. The magician strokes the nightflyer, whispers his message to it and names the recipient, then makes a Spellcasting Test against the creature\'s Spell Defense. If successful, the creature flies off, unerringly seeking out the designated recipient and delivering the message in a whispery version of the magician\'s own voice. If the nightflyer cannot reach the recipient before the spell ends or sunrise (whichever comes first), the message is lost.'),
(87, 'Dark Spy', 4, 1, 10, 20, 'Target\'s Spell Defense', '10 yards ', 'Rank minutes', 'Sees through a nightflyer\'s eyes', 0, 'This spell allows the magician to see and hear through a nightflyer\'s senses. It must be cast after sunset and only on a nightflyer already under the magician\'s control, by being a familiar or through use of the Command Nightflyer spell, p. 159. The magician closes one eye and makes a Spellcasting Test against the creature\'s Spell Defense. If successful, he takes control of the creature\'s senses, allowing him to make Perception Tests as if he were the nightflyer. The maximum distance to which the magician can use the nightflyer\'s senses equals his Spellcasting Rank in miles. The magician\'s own senses are numbed, leaving him unable to react properly to external stimuli—he is considered Harried for any Action Tests other than Perception Tests using the creature\'s senses.'),
(88, 'Death Rain', 7, 1, 15, 18, 'Target\'s Spell Defense', 'Self', 'Rank + 12 rounds', 'Step 5/D8 acid damage (WIL + 5; see text)/Mystic', 0, 'Water–Acid. This spell causes acid rain to fall from the sky. It requires cloud cover, either natural or summoned or produced by magic, such as the Cloud Summon spell, p. 158. The magician calls out the Names of those friendly to him, then compares his Spellcasting Test against the Spell Defense of each un-Named target within the area of effect. If successful, corrosive rain falls from the clouds onto the target. Each round of exposure to the acid causes Step 5/D8 damage to the target. The magician is unaffected, as are those whose Names were shouted when the spell was cast. If the magician chooses to concentrate, the acid\'s intensity increases and he adds his Willpower Step to the rain\'s Damage Test that round. Once he breaks concentration, he cannot regain it again without recasting the spell. Even if the magician loses concentration, the spell continues until it ends. Should the magician move, the area of effect remains stationary.'),
(89, 'Death Trance', 3, 2, 7, 12, 'Target\'s Spell Defense', 'Touch', 'Rank + 3 hours', 'Puts target into hibernation', 0, 'This spell places a willing or unconscious character into a state of suspended animation. The magician holds his breath, then makes a Spellcasting Test against the target\'s Spell Defense. If successful, the target enters a state of hibernation, during which his heart stops beating and he does not breathe or exhibit any signs of life. Because the target is not dead, he does not decay or suffer the normal symptoms following death. The target remains in suspension and awakens with no ill effects when the spell ends. The magician may extend the duration to a year and a day by taking 4 Blood Magic Damage. This damage can be healed after the spell ends. This spell is sometimes made permanent as a curse, with a Pattern Item, certain Key Knowledges, or a Deed necessary to end the spell. The exact circumstances for the target to wake are defined by the magician when the spell is made permanent.'),
(90, 'Death\'s Head', 3, 1, 7, 14, 'Target\'s Spell Defense', 'Self (see text)', 'Rank + 5 rounds', 'WIL + 5', 0, 'This spell transforms the magician\'s head into a gore-spattered skull, terrifying those whom he sets his gaze on. The magician touches his face and makes a Spellcasting Test against his natural Spell Defense. If successful, he may target one character within line of sight each round, making an Effect Test against the target\'s Spell Defense as a Simple Action. If successful, the target flees from the magician at his fastest possible Movement Rate until out of line of sight. An affected target may make a Willpower Test against the Effect Step. If successful, he throws off the effect of the fear, otherwise he continues to flee. Once out of sight of the magician, the target may act normally, however, if the magician comes into view again, he will react in fear until he makes a successful Willpower Test or the spell ends.'),
(91, 'Delay Blow', 8, 2, 14, 20, 'Target\'s Spell Defense', 'Touch', 'Rank + 10 rounds', 'WIL + 15/Physical', 0, 'This spell enchants a melee weapon to have a delayed attack effect. The magician stands still, then touches the weapon and makes a Spellcasting Test against the higher of the weapon\'s or its wielder\'s Spell Defense. If successful, the next successful melee attack that the wielder makes with the enchanted weapon becomes subject to a bonus attack, struck at the same time. After making a Damage Test, but before determining the outcome of any Knockdown Tests or effects, the attacker makes another Attack Test using the same talent or skill employed for his previous Attack Test. If successful, the magician\'s Effect Test determines how much damage is inflicted on the target from the delayed blow. Once the delayed blow occurs, whether the attack was successful or not, the spell ends.'),
(92, 'Detect Elementalism Magic', 2, 2, 5, 15, '6', 'Self', 'Rank + 10 minutes', 'WIL + 6', 0, 'This spell detects Elementalism magic. Magicians find this spell useful when trying to determine if an item is magical because many magical items are enchanted with True Elements by Elementalists. The spell otherwise works in the same manner as the Astral Sense spell, p. 150, but only on the physical plane.'),
(93, 'Detect Illusionism Magic', 3, 2, 5, 15, '6', 'Self', 'Rank + 10 minutes', 'WIL + 6', 0, 'This spell detects Illusionism magic. Magicians use this spell to detect the effects of Illusionism spells or the presence of magical illusory effects. The spell otherwise works in the same manner as the Astral Sense spell, p. 150, but only on the physical plane.'),
(94, 'Detect Nethermancy Magic', 2, 2, 5, 15, '6', 'Self', 'Rank + 10 minutes', 'WIL + 6', 0, 'This spell detects Nethermancy magic. Magicians use this spell to detect the effects of Nethermancy spells, spirit powers, and other nethermantic magic. Magicians can also use the spell to detect items enchanted with bound spirits. The spell otherwise works in the same manner as the Astral Sense spell, p. 150, but only on the physical plane.'),
(95, 'Detect Undead', 1, 0, 0, 7, 'Target\'s Spell Defense', 'Touch', 'Rank + 3 minutes', 'WIL + 5', 0, 'This spell detects undead creatures. The magician smears the target\'s brow with dust or dirt, then makes a Spellcasting Test against the target\'s Spell Defense. If successful, the target is able to detect the presence of undead entities by making an Effect Test against the highest Spell Defense among any undead within the area of effect. If successful, he determines the number—but not the exact position—of the undead. This requires the target\'s concentration during the round it is used, however, a break in concentration does not end the spell.'),
(96, 'Disaster', 2, 1, 9, 17, 'Target\'s Spell Defense', '10 yards ', 'Rank + 5 rounds', 'WIL + 6', 1, 'Illusion. This spell creates the illusion of a disaster happening just beyond normal sight. The magician glances around casually, then stops and stares hard at a fixed point on the horizon, saying out loud something like \"Oh, Passions, look over there!\" or \"What in the world can that be?\" and makes a Spellcasting Test against the highest Spell Defense among the target group, +1 for each additional target. If successful, the illusory evidence of a disaster of the magician\'s choosing is created: a plume of smoke rising from the roofs of a village, the sounds of people screaming, or some other minor, but distracting, effect. The magician\'s Effect Test is compared against the Social Defense of each target. If successful, the target\'s attention is drawn to the supposed disaster and is sufficiently distracted to allow the equivalent of a Blindsided attack against him. The magician may affect up to Spellcasting Rank targets. The spell cannot be cast inside small, enclosed environments, such as rooms with no windows. If used against a target engaged in combat, or another equally engaging activity, the magician must achieve a Good Result on his Effect Test for the spell to affect him.'),
(97, 'Disguise Metal', 1, 1, 7, 14, 'Target\'s Spell Defense', 'Touch', 'Rank + 7 minutes', 'WIL', 1, 'Illusion. This spell disguises one type of metal as another. The magician imagines the two types of metal involved, then makes a Spellcasting Test against the metal\'s Spell Defense. If successful, he makes an Effect Test. The Test Result is multiplied by 10 pounds to determine the maximum quantity of metal disguised by the illusion. The disguised metal has a Spell Defense of 6 against magic that identifies metal (such as the Gold Sense talent from the Player\'s Companion if the metal is precious). Only the metal\'s appearance, not its shape, is transformed by the spell. For example, disguising a steel sword as mercury would be useless because the blade wouldn\'t flow at room temperature like real mercury does.'),
(98, 'Dislodge Spell', 7, 1, 9, 22, 'Target\'s Spell Defense', '24 yards ', '1 round', 'WIL + 10', 0, 'This spell disrupts a random spell from a spell matrix. The target must have one or more spell matrices, including matrix objects. The magician squints his eyes and makes a Spellcasting Test against the target\'s Spell Defense. If successful, the gamemaster randomly selects one of the target\'s spell matrices. The magician makes an Effect Test against a Dispel Difficulty based on the chosen spell matrix\'s Rank (see Dispelling Magic, p. 138). If successful, the matrix is wiped clean of all spells it currently contains, leaving it empty. If a spell in the affected matrix is currently in the process of being cast, the target can choose to abort the spell or complete it using raw magic. This spell can target any type of spell matrix—Spell, Enhanced, Armor, or Shared—or matrix object. The spell matrix wiped by this spell may be reattuned to hold a new spell or the spell it previously contained.'),
(99, 'Dispel Elementalism Magic', 3, 1, 6, 13, '6', '30 yards ', '1 round', 'WIL', 0, 'This spell dispels Elementalism spells. It otherwise works in the same way as the Dispel Magic spell, p. 163.'),
(100, 'Dispel Illusionism Magic', 3, 1, 6, 13, '6', '30 yards ', '1 round', 'WIL', 0, 'This spell dispels Illusionism spells. It otherwise works in the same way as the Dispel Magic spell, p. 163.'),
(101, 'Dispel Magic', 1, 1, 6, 13, '6', '30 yards ', '1 round', 'WIL', 0, 'This spell disrupts the pattern and threads of another spell. The magician gestures as if pulling apart an object, then makes a Spellcasting (6) Test. If successful, he makes an Effect Test against the spell\'s Dispel Difficulty. If successful, the effect is dispelled and the spell ends. Unless its description notes otherwise, consult the Dispel Difficulty Table to determine the Dispel Difficulty for spells at each Circle. This spell can also be used to dispel other forms of magical effects, such as talents, Discipline abilities, and creature powers—including spirit, dragon, and Horror powers. Only magical effects with an extended duration can be dispelled (see Dispelling Magic, p. 138).'),
(102, 'Dispel Nethermancy Magic', 3, 1, 6, 13, '6', '30 yards ', '1 round', 'WIL', 0, 'This spell dispels Nethermancy spells. It otherwise works in the same way as the Dispel Magic spell, p. 163.'),
(103, 'Displace Image', 1, 1, 7, 15, 'Target\'s Spell Defense', 'Touch', 'Rank + 7 rounds', 'Projects image of the target', 1, 'Illusion. This spell makes a character \"invisible\" by displacing the image that others see and shifting it a short distance. The magician quickly traces an outline of the target, then touches the \"shoulder\" of the outline, followed by the shoulder of the target, and makes a Spellcasting Test against the target\'s Spell Defense. If successful, an outlined figure shrouded in a shimmering blur appears drifting 4 yards (2 hexes) away, quickly transforming into an identical image of the target. The target is no longer visible in his actual location, the illusion having displaced his image. Other senses, such as smell and hearing, are not affected by the illusion. Attacks made against the image have no effect, but if the target does not concentrate that round to mimic the response to a blow made against him, the attacker may make a Disbelief Test. Attack Tests made against the image count as Sensing Tests (see Illusions, p. 139).'),
(104, 'Displace Self', 6, 2, 9, 16, 'Target\'s Spell Defense', 'Self', 'Rank + 5 rounds', 'WIL + 7', 0, 'This spell moves the magician away from harm. The magician hops frantically up and down, then makes a Spellcasting Test against his own natural Spell Defense. If successful, the magician is imbued with a magical \"sixth sense\" that detects attacks targeted directly or indirectly at him (including Blindside attacks) and automatically moves him out of harm\'s way. The spell only avoids physical attacks which occur after the magician has acted that round. Each time he is attacked, the magician makes an Effect Test against the Attack Test. If successful, he moves 2 yards (1 hex) in a random direction. If there are any intervening obstacles, the magician moves as far as he can, then stops. If the distance moved is insufficient to evade the attack (against a collapsing ceiling or a Fireball spell, for example), he must defend against the attack normally. The spell\'s displacement effect can be used against a number of attacks each round equal to the magician\'s Spellcasting Rank and requires no concentration on his part to trigger.'),
(105, 'Divine Aura', 1, 1, 6, 14, 'Target\'s Spell Defense', '24 yards ', 'Rank + 5 minutes', 'WIL + 5', 0, 'This spell detects aspects of the aura of living beings. The magician peers intently at the target and makes a Spellcasting Test against the target\'s Spell Defense. If successful, he chooses what he wishes to divine from the target\'s aura—this could be anything from an emotional state, like anger or fear, to hurt or fatigue. The magician makes an Effect Test against the target\'s Spell Defense. If successful, he determines the target\'s state. The magician may concentrate to divine the same or different aspects of the same target aura, each attempt requiring a separate Effect Test.'),
(106, 'Dodge Boost', 2, 0, 0, 8, 'Target\'s Spell Defense', 'Touch', 'Rank + 5 rounds', '+3 bonus to Avoid Blow Tests', 0, 'This spell improves a character\'s ability to dodge attacks in combat. The magician sways sideways, then makes a Spellcasting Test against the target\'s Spell Defense. If successful, the target gains a +3 bonus to his Avoid Blow Tests.'),
(107, 'Doom Missile', 6, 3, 10, 21, 'Target\'s Spell Defense', '40 yards ', 'Rank rounds', 'WIL + 5/Mystic', 0, 'This spell creates a magical missile which engulfs the target with a series of ongoing explosions. The magician gesticulates wildly, then makes a Spellcasting Test against the target\'s Spell Defense. If successful, he makes an Effect Test each round to determine how much damage is inflicted on the target. An Armor-Defeating Hit with a Doom Missile spell can be a very ugly way to die…'),
(108, 'Drastic Temperature', 6, 2, 11, 19, '6', '40 yards ', 'Rank + 3 minutes', 'WIL + 3/NA', 0, 'Fire or Water–Cold. This spell causes a radical change in ambient temperature. The magician wraps his arms about him and shivers as if cold, then points toward the spot where the sphere of effect will be centered and makes a Spellcasting (6) Test. If successful, the temperature inside the area of effect rises above the boiling point of water or drops below the freezing point of water, at the magician\'s discretion. The temperature change takes thirty seconds to reach the final temperature, after which each round that a character is caught in or passes through the sphere of effect, the magician\'s Effect Test determines how much damage is inflicted. Once the spell has been cast, the sphere of effect cannot be moved. This spell is commonly used to create a barrier to discourage others from passing a given point.'),
(109, 'Dream Sight', 7, 3, 13, 23, 'Target\'s Spell Defense', '1 mile', 'Rank + 8 minutes', 'WIL + 8', 0, 'This ritual spell allows eavesdropping on a character\'s dreams. The target must be asleep in a location known to the magician and he must also possess something personal that belongs to the target— the object does not need to be a Pattern Item, just something that the target has used or worn recently. The magician weaves one spell thread each hour, sprinkling a little fine dust over the object as he does so. After weaving all of the threads, the magician picks up the object and makes a Spellcasting Test against the target\'s Spell Defense. If successful, he makes an Effect Test against the target\'s Willpower Step. If successful, the magician can view the target\'s dreams—he cannot interact with them, only see them played out. A Namegiver\'s dreams might give insights into his hidden traits, secrets, hopes, or fears. The gamemaster determines what the magician sees and what useful information is imparted by the viewing.'),
(110, 'Dreamsend', 8, 3, 11, 24, 'Target\'s Spell Defense', '1 mile', 'Rank + 5 minutes', 'WIL + 6', 1, 'Illusion. This ritual spell allows interaction with a character\'s dreams. The target must be asleep in a location known to the magician and he must also possess something personal that belongs to the target—the object does not need to be a Pattern Item, just something that the target has used or worn recently. The magician weaves one spell thread each hour, sprinkling a little fine dust over the object as he does so. After weaving all of the threads, the magician picks up the object and makes a Spellcasting Test against the target\'s Spell Defense. If successful, he makes an Effect Test against the target\'s Willpower Step. If successful, the magician can create dreams for the target while the spell is in effect. The dreams created cause different effects. If they are used to soothe and relax, the target adds one bonus Recovery Test per Result Level achieved to those he normally receives after a full night\'s sleep. If the dreams are used to frighten, the target loses a number of Recovery Tests equal to the Result Level achieved. When the spell is cast, the target makes a Perception Test as a Sensing Test (see Illusions, p. 139). If successful, he immediately wakes up and the spell ends. This spell can only be used once against the same character each day.'),
(111, 'Drunken Stagger', 7, 4, 13, 20, 'Target\'s Spell Defense', 'Touch', 'Rank + 5 days', 'Penalizes target\'s actions', 0, 'This spell causes a character to become inebriated. The magician drinks some water or ale, directs a slurred comment at the target, then makes a Spellcasting Test against the target\'s Spell Defense. If successful, the target becomes drunk, incurring a –1 penalty per Result Level achieved to all Action Tests.'),
(112, 'Dry and Wet', 1, 1, 7, 8, 'Target\'s Spell Defense', '14 yards ', '1 round', 'WIL + 4', 0, 'Water. This spell dries soaked items or soaks dry ones. The magician gathers saliva in his mouth, then makes a Spellcasting Test against the target\'s Spell Defense. If he spits, \"wet\" is cast; if he swallows, \"dry\" is cast. If successful, the magician\'s Effect Test determines the number of pounds of goods that can be soaked or dried.'),
(113, 'Dust Devil', 4, 2, 9, 13, 'Target\'s Spell Defense', 'Self', 'Rank + 5 rounds', 'Causes a Harried penalty to targets\' Action Tests', 0, 'requiring sight, hearing, or smell A ir and Earth. This spell conjures a whirling dust storm, blurring and irritating those caught in it. The magician throws a handful of dust into the air, then makes a Spellcasting Test against the highest Spell Defense among the target group. If successful, a dust storm billows outward from the magician, enveloping a 32-yard (16-hex) radius sphere. Those within the dust storm, except for the magician, become Harried for all Action Tests requiring sight, hearing, or smell, including Knockdown Tests. The magician may affect up to Spellcasting Rank targets.'),
(114, 'Dust to Dust', 6, 0, 12, 22, 'Target\'s Spell Defense', '24 yards ', '1 round', 'WIL + 11/Mystic', 0, 'This spell destroys large groups of undead. The magician weaves one spell thread for each undead creature he wishes to target, then swallows hard and makes a Spellcasting Test against the highest Spell Defense among the target group, +1 for each additional target. If successful, he makes an Effect Test to determine how much damage is inflicted on each. Undead that take damage in excess of their Death Rating immediately crumble to dust. The magician may affect up to Spellcasting Rank targets. This spell does not affect disembodied spirits, corrupt Namegivers, or Horrors, but it does affect undead Horror constructs, such as cadaver men. If there is any doubt, the gamemaster determines whether the creature is undead and therefore affected by this spell.'),
(115, 'Earth Blend', 1, 0, 0, 7, 'Target\'s Spell Defense', 'Touch', 'Rank + 5 minutes', 'WIL + 7', 0, 'Earth. This spell makes a character blend into his surroundings, making it more difficult to spot him. Both magician and target must be standing on stone or earth. The magician throws a stone at, rubs some dirt on, or touches a pebble to the target and makes a Spellcasting Test against the target\'s Spell Defense. If successful, his Effect Test determines the Detection Difficulty for attempts to see the target. Those using magical sight or senses must make a successful Perception Test against the target\'s Spell Defense to perceive him. The target must remain stationary—if he moves, the spell ends.'),
(116, 'Earth Darts', 1, 1, 5, 12, 'Target\'s Spell Defense', '12 yards ', '1 round', 'WIL + 6/Physical', 0, 'Earth. This spell transforms earth into crystalline darts that fly toward a foe. The magician flings a handful of dirt into the air and makes a Spellcasting Test against the target\'s Spell Defense. If successful, his Effect Test determines how much damage is inflicted. This potent spell is not an uncommon one. Knowledgeable foes will often retreat out of range as they see the crystal darts forming.'),
(117, 'Earth Q\'wril', 7, 4, 16, 18, 'Target\'s Spell Defense', 'Self', 'Rank + 10 minutes', 'Move through earth', 0, 'Earth. This spell allows the magician to move through the earth in a similar manner to the earth q\'wril, a burrowing creature. The magician digs at the ground with his hands or a tool, then makes a Spellcasting Test against his natural Spell Defense. If successful, he may move freely through the earth at the same Movement Rates as an earth q\'wril, with a Movement Rate of 3. Care should be taken to avoid getting stuck underground when the spell ends.'),
(118, 'Earth Staff', 5, 1, 11, 18, '6', 'Touch', 'Rank + 5 minutes', 'WIL + 10/Physical', 0, 'Earth. This spell creates a quarterstaff from a handful of earth or a piece of stone. The magician grasps a clod of dirt or a small pebble in his hand, then makes a Spellcasting Test. If successful, the dirt or stone expands into a five-foot-long quarterstaff that can be used as a melee weapon in combat. The magician\'s Effect Test determines how much damage is inflicted on an opponent from a successful attack. Only those with knowledge of Elementalism may wield the earth staff. If a character without Elementalism wields an earth staff in combat, the spell ends as soon as his opponent is struck, inflicting no damage, and reverting back to its original components.'),
(119, 'Earth Surfing', 7, 4, 10, 22, '6', 'Touch', '1 hour', 'Creates earth wave', 0, 'Earth. This spell creates a wave of earth that hastens travel. The magician must be standing on earth or rock, then kneels down and moves his hands over the ground and makes a Spellcasting (6) Test. If successful, the area of ground on which he is standing becomes a wave of soil on which he can ride with a Movement Rate of 9. A number of characters equal to the magician\'s Spellcasting Rank may ride safely on the wave—anyone else who attempts to ride the wave must make a Knockdown (10) Test. If failed, the character falls from the wave and is Knocked Down, taking Step 5/D8 Falling damage (no armor provides protection). The magician need not concentrate to control the wave\'s movement. However, he must make a successful Spellcasting (10) Test to change direction, or to stop or start the wave to allow those traveling on it to alight safely. If the wave hits a solid obstacle, such as a large tree or rock, the spell ends and all those traveling on the wave take Step 10/2D8 damage from the collision (Physical Armor provides protection).'),
(120, 'Earth Wall', 8, 3, 12, 20, 'Target\'s Spell Defense', '20 yards ', 'Rank + 1 hours', 'WIL + 12/Physical', 0, 'Earth. This spell summons an earthen wall. The magician must be standing on earth or stone making shoveling actions, as if digging a dirt palisade, then makes a Spellcasting Test against the wall\'s Spell Defense. If successful, he summons up to Spellcasting Rank contiguous wall sections, each an area of effect in size. Summoning and positioning a section takes the magician one round and requires his concentration. The wall may not be placed on a living being—doing so immediately destroys that section, which still counts toward the maximum number of wall sections summoned. The wall can be physically or magically attacked. A character who fails an Attack Test against a section of earth wall has still struck it, but his blow has no effect. Only an Extraordinary Result can defeat the earth wall\'s Armor Rating. A section of wall may be toppled. The magician makes an Effect Test to determine how wellanchored the section is. The toppling character makes a Strength Test against the Effect Test. If successful, he topples the wall over. Anyone unfortunate enough to be within 4 yards (2 hexes) of the wall in the direction it falls, must make a successful Dexterity (8) Test to avoid being struck. If failed, the magician\'s Effect Test determines how much damage is inflicted.'),
(121, 'Ease Passage', 6, 1, 11, 17, 'Target\'s Spell Defense', 'Touch', 'Rank + 6 hours', 'WIL + 10', 0, 'This spell placates elementals, allowing easier travel through or in difficult terrain or weather. The magician whispers words of praise, declaring the target to be a friend of the elements, then makes a Spellcasting Test against the target\'s Spell Defense. If successful, his words are translated into the correct elemental language (see Elemental Tongues, p. 67) and the elemental forces involved yield to the target. The adverse effects of terrain or vegetation on the target\'s movement are negated: loose sand compacts underfoot, sharp stones roll aside, brambles part to ease passage. The negative aspects of weather on the target are also nullified: mud hardens as he passes, rain or hail falls to either side of him, leaving him dry, and so on. Any movement penalties the target suffers due to terrain or weather are ignored. The magician may make an Effect Test in place of any Dexterity-, Strength-, or Toughness-only Tests that the target makes when traversing or surviving travel through the terrain or weather. The gamemaster determines the Difficulty Number of any Action Tests, based on the circumstances of the situation (see the Gamemaster\'s Guide, p. 89).'),
(122, 'Air Spear', 4, 1, 7, 14, 'Target\'s Spell Defense', '24 yards ', '1 round', 'WIL + 7/Physical', 0, 'Element [Air, Earth, Fire, Water, or Wood]. This spell forms a spear from one of the elements. Each version of the [Element] Spear spell is learned separately, one for each element: air, earth, fire, water, and wood. To make a wooden spear, the magician must touch a piece of dead wood, not a live plant; making a fire spear requires the magician to touch an open flame or glowing coals, and he may take damage based on the size of the heat source; making a water spear requires the magician to have a bottle of water or to touch a small puddle; making an earth spear requires the magician to be kneeling on the ground or holding a rock; making an air spear is easy, as the magician only needs to be standing up and breathing deeply. While touching the element, the magician makes a Spellcasting Test against the target\'s Spell Defense. If successful, a spear is formed from the element, which hurtles toward the target, striking him. The magician\'s Effect Test determines how much damage is inflicted. Regardless of the result, the spear dissipates after the attack—an air spear disappears, an earth spear crumbles into dirt, a fire spear burns out, a water spear falls in a puddle to the ground, and a wood spear crumbles into splinters.');
INSERT INTO `ed_spells_v3` (`id`, `name`, `circle`, `threads`, `weaving_diff`, `reattunement_diff`, `casting_diff`, `range`, `duration`, `effect`, `illusion`, `description`) VALUES
(123, 'Earth Spear', 4, 1, 7, 14, 'Target\'s Spell Defense', '24 yards ', '1 round', 'WIL + 7/Physical', 0, 'Element [Air, Earth, Fire, Water, or Wood]. This spell forms a spear from one of the elements. Each version of the [Element] Spear spell is learned separately, one for each element: air, earth, fire, water, and wood. To make a wooden spear, the magician must touch a piece of dead wood, not a live plant; making a fire spear requires the magician to touch an open flame or glowing coals, and he may take damage based on the size of the heat source; making a water spear requires the magician to have a bottle of water or to touch a small puddle; making an earth spear requires the magician to be kneeling on the ground or holding a rock; making an air spear is easy, as the magician only needs to be standing up and breathing deeply. While touching the element, the magician makes a Spellcasting Test against the target\'s Spell Defense. If successful, a spear is formed from the element, which hurtles toward the target, striking him. The magician\'s Effect Test determines how much damage is inflicted. Regardless of the result, the spear dissipates after the attack—an air spear disappears, an earth spear crumbles into dirt, a fire spear burns out, a water spear falls in a puddle to the ground, and a wood spear crumbles into splinters.'),
(124, 'Fire Spear', 4, 1, 7, 14, 'Target\'s Spell Defense', '24 yards ', '1 round', 'WIL + 7/Physical', 0, 'Element [Air, Earth, Fire, Water, or Wood]. This spell forms a spear from one of the elements. Each version of the [Element] Spear spell is learned separately, one for each element: air, earth, fire, water, and wood. To make a wooden spear, the magician must touch a piece of dead wood, not a live plant; making a fire spear requires the magician to touch an open flame or glowing coals, and he may take damage based on the size of the heat source; making a water spear requires the magician to have a bottle of water or to touch a small puddle; making an earth spear requires the magician to be kneeling on the ground or holding a rock; making an air spear is easy, as the magician only needs to be standing up and breathing deeply. While touching the element, the magician makes a Spellcasting Test against the target\'s Spell Defense. If successful, a spear is formed from the element, which hurtles toward the target, striking him. The magician\'s Effect Test determines how much damage is inflicted. Regardless of the result, the spear dissipates after the attack—an air spear disappears, an earth spear crumbles into dirt, a fire spear burns out, a water spear falls in a puddle to the ground, and a wood spear crumbles into splinters.'),
(125, 'Water Spear', 4, 1, 7, 14, 'Target\'s Spell Defense', '24 yards ', '1 round', 'WIL + 7/Physical', 0, 'Element [Air, Earth, Fire, Water, or Wood]. This spell forms a spear from one of the elements. Each version of the [Element] Spear spell is learned separately, one for each element: air, earth, fire, water, and wood. To make a wooden spear, the magician must touch a piece of dead wood, not a live plant; making a fire spear requires the magician to touch an open flame or glowing coals, and he may take damage based on the size of the heat source; making a water spear requires the magician to have a bottle of water or to touch a small puddle; making an earth spear requires the magician to be kneeling on the ground or holding a rock; making an air spear is easy, as the magician only needs to be standing up and breathing deeply. While touching the element, the magician makes a Spellcasting Test against the target\'s Spell Defense. If successful, a spear is formed from the element, which hurtles toward the target, striking him. The magician\'s Effect Test determines how much damage is inflicted. Regardless of the result, the spear dissipates after the attack—an air spear disappears, an earth spear crumbles into dirt, a fire spear burns out, a water spear falls in a puddle to the ground, and a wood spear crumbles into splinters.'),
(126, 'Wood Spear', 4, 1, 7, 14, 'Target\'s Spell Defense', '24 yards ', '1 round', 'WIL + 7/Physical', 0, 'Element [Air, Earth, Fire, Water, or Wood]. This spell forms a spear from one of the elements. Each version of the [Element] Spear spell is learned separately, one for each element: air, earth, fire, water, and wood. To make a wooden spear, the magician must touch a piece of dead wood, not a live plant; making a fire spear requires the magician to touch an open flame or glowing coals, and he may take damage based on the size of the heat source; making a water spear requires the magician to have a bottle of water or to touch a small puddle; making an earth spear requires the magician to be kneeling on the ground or holding a rock; making an air spear is easy, as the magician only needs to be standing up and breathing deeply. While touching the element, the magician makes a Spellcasting Test against the target\'s Spell Defense. If successful, a spear is formed from the element, which hurtles toward the target, striking him. The magician\'s Effect Test determines how much damage is inflicted. Regardless of the result, the spear dissipates after the attack—an air spear disappears, an earth spear crumbles into dirt, a fire spear burns out, a water spear falls in a puddle to the ground, and a wood spear crumbles into splinters.'),
(127, 'Encrypt', 2, 0, 0, 11, 'Target\'s Spell Defense', 'Touch', 'Rank hours', 'WIL + 4', 1, 'Illusion. This spell makes a selected tract of text jumbled and unreadable. The magician runs his hands over the text, then makes a Spellcasting Test against the Spell Defense of the book or paper on which it is written. A grimoire\'s Spell Defense is equal to the Dispel Difficulty of the highest-Circle spell it contains (see Grimoires, p. 131). If successful, the text becomes incomprehensible to anyone other than the magician. The magician\'s Effect Test determines the illusion\'s Sensing Difficulty. Anyone attempting to read the encrypted text must make a successful Perception or Read/Write Magic Test against the spell\'s Sensing Difficulty to read it.'),
(128, 'Engulf Air', 7, 2, 13, 20, 'Target\'s Spell Defense', '4 yards ', 'Rank rounds', 'WIL/NA', 0, 'Element Air. This spell envelops and smothers a character in an element. Each version of the Engulf [Element] spell is learned separately, one for each element: air, earth, fire, water, and wood. To encase his foe in wood, the magician must touch a piece of dead wood, not a live plant; to surround his opponent with fire requires the magician to touch an open flame or glowing coals, and he may take damage based on the size of the heat source; drowning his opponent in water requires the magician to have a bottle of water or to touch a small puddle; smothering his foe with earth requires the magician to be kneeling on the ground or holding a rock; suffocating his opponent by withdrawing the air from him is easy, as the magician need only be standing up and breathing deeply. The magician makes a Spellcasting Test against the target\'s Spell Defense. If successful, he makes an Effect Test each round to determine how much damage is inflicted on the target. The magician must concentrate to ensure his foe remains engulfed by the element—if his concentration is broken, the spell ends. While affected by the spell, the target is Harried.'),
(129, 'Engulf Earth', 7, 2, 13, 20, 'Target\'s Spell Defense', '4 yards ', 'Rank rounds', 'WIL/NA', 0, 'Element Earth. This spell envelops and smothers a character in an element. Each version of the Engulf [Element] spell is learned separately, one for each element: air, earth, fire, water, and wood. To encase his foe in wood, the magician must touch a piece of dead wood, not a live plant; to surround his opponent with fire requires the magician to touch an open flame or glowing coals, and he may take damage based on the size of the heat source; drowning his opponent in water requires the magician to have a bottle of water or to touch a small puddle; smothering his foe with earth requires the magician to be kneeling on the ground or holding a rock; suffocating his opponent by withdrawing the air from him is easy, as the magician need only be standing up and breathing deeply. The magician makes a Spellcasting Test against the target\'s Spell Defense. If successful, he makes an Effect Test each round to determine how much damage is inflicted on the target. The magician must concentrate to ensure his foe remains engulfed by the element—if his concentration is broken, the spell ends. While affected by the spell, the target is Harried.'),
(130, 'Engulf Fire', 7, 2, 13, 20, 'Target\'s Spell Defense', '4 yards ', 'Rank rounds', 'WIL/NA', 0, 'Element Fire. This spell envelops and smothers a character in an element. Each version of the Engulf [Element] spell is learned separately, one for each element: air, earth, fire, water, and wood. To encase his foe in wood, the magician must touch a piece of dead wood, not a live plant; to surround his opponent with fire requires the magician to touch an open flame or glowing coals, and he may take damage based on the size of the heat source; drowning his opponent in water requires the magician to have a bottle of water or to touch a small puddle; smothering his foe with earth requires the magician to be kneeling on the ground or holding a rock; suffocating his opponent by withdrawing the air from him is easy, as the magician need only be standing up and breathing deeply. The magician makes a Spellcasting Test against the target\'s Spell Defense. If successful, he makes an Effect Test each round to determine how much damage is inflicted on the target. The magician must concentrate to ensure his foe remains engulfed by the element—if his concentration is broken, the spell ends. While affected by the spell, the target is Harried.'),
(131, 'Engulf Wood', 7, 2, 13, 20, 'Target\'s Spell Defense', '4 yards ', 'Rank rounds', 'WIL/NA', 0, 'Element Wood. This spell envelops and smothers a character in an element. Each version of the Engulf [Element] spell is learned separately, one for each element: air, earth, fire, water, and wood. To encase his foe in wood, the magician must touch a piece of dead wood, not a live plant; to surround his opponent with fire requires the magician to touch an open flame or glowing coals, and he may take damage based on the size of the heat source; drowning his opponent in water requires the magician to have a bottle of water or to touch a small puddle; smothering his foe with earth requires the magician to be kneeling on the ground or holding a rock; suffocating his opponent by withdrawing the air from him is easy, as the magician need only be standing up and breathing deeply. The magician makes a Spellcasting Test against the target\'s Spell Defense. If successful, he makes an Effect Test each round to determine how much damage is inflicted on the target. The magician must concentrate to ensure his foe remains engulfed by the element—if his concentration is broken, the spell ends. While affected by the spell, the target is Harried.'),
(132, 'Engulf Water', 7, 2, 13, 20, 'Target\'s Spell Defense', '4 yards ', 'Rank rounds', 'WIL/NA', 0, 'Element Water. This spell envelops and smothers a character in an element. Each version of the Engulf [Element] spell is learned separately, one for each element: air, earth, fire, water, and wood. To encase his foe in wood, the magician must touch a piece of dead wood, not a live plant; to surround his opponent with fire requires the magician to touch an open flame or glowing coals, and he may take damage based on the size of the heat source; drowning his opponent in water requires the magician to have a bottle of water or to touch a small puddle; smothering his foe with earth requires the magician to be kneeling on the ground or holding a rock; suffocating his opponent by withdrawing the air from him is easy, as the magician need only be standing up and breathing deeply. The magician makes a Spellcasting Test against the target\'s Spell Defense. If successful, he makes an Effect Test each round to determine how much damage is inflicted on the target. The magician must concentrate to ensure his foe remains engulfed by the element—if his concentration is broken, the spell ends. While affected by the spell, the target is Harried.'),
(133, 'Enter and Exit', 5, 3, 11, 21, '6', 'Self', 'Rank + 5 minutes', 'Shows quickest entrance and exit', 0, 'This spell shows the quickest way into or out of a location. The magician looks about, first to the left, then to the right, and makes a Spellcasting (6) Test. If successful, he unerringly finds the most direct route into or out of the target location within the area of effect. The route revealed must be one that the magician can traverse (in the gamemaster\'s judgment), though it may not be the easiest. The spell does not reveal the locations of traps or guards, nor does it provide passwords or other means of entry or exit, but if a route that avoids these things exists, the spell shows it. The spell also reveals hidden passages that might not otherwise have noticed—the magician may make a Spellcasting Test against the passage\'s Detection Difficulty. If successful, he finds the passage.'),
(134, 'Ephemeral Bolt', 2, 0, 0, 9, 'Target\'s Spell Defense', '24 yards ', '1 round', 'WIL + 7/Physical', 1, 'Illusion. This spell creates a wriggling, glowing green bolt that squirms its way through the air toward an opponent. The magician wriggles his finger and makes a Spellcasting Test against the target\'s Spell Defense. If successful, his Effect Test determines how much damage is inflicted. If the target takes a Wound, his Knockdown Test is considered to be a Sensing Test (see Illusions, p. 139).'),
(135, 'Ethereal Darkness', 2, 1, 8, 16, 'Target\'s Spell Defense', 'Touch', 'Rank + 6 rounds', 'Creates magical darkness', 0, 'This spell draws a piece of darkness from another dimension. The magician cups his hands together, then touches the target character or object, commands the darkness to billow forth, and makes a Spellcasting Test against the target\'s Spell Defense. If successful, the darkness summoned expands to fill a 4-yard (2-hex) radius sphere, centered on the target. The darkness extinguishes all light, causing those within the area of effect to suffer a Complete Darkness penalty to sight-based Action Tests. Ordinary light does not penetrate Ethereal Darkness. Attempts to banish the darkness with magical light or to dispel it with the Dispel Magic spell are made against a Spell Defense of 9. Those with knowledge of Nethermancy are unaffected by Ethereal Darkness—they can see normally, as if the spell had never been cast.'),
(136, 'Evil Eye', 4, 2, 7, 17, 'Target\'s Spell Defense', '10 yards ', 'Rank + 10 rounds', 'Causes a –5 penalty to target\'s Action Tests', 0, 'This spell causes the magician\'s pupils to shimmer with a flickering greenish flame. The magician stares intently at his intended target, then closes one eye and makes a Spellcasting Test against the target\'s Spell Defense. If successful, the target is cursed by the evil eye and suffers a –5 penalty to his Action Tests. Each round, the target can attempt to break the curse by making a Willpower Test (not subject to the curse\'s penalty) against the magician\'s Willpower Step. If successful, the curse lifts and the spell ends.'),
(137, 'Experience Death', 1, 1, 6, 12, 'Target\'s Spell Defense', '20 yards ', 'Rank + 3 rounds', 'WIL + 5', 0, 'This spell allows a magician to see and experience a character\'s dying moments. By doing this, the magician touches the spirit world to recreate the events of the character\'s death. The magician closes his eyes, then points his palms out toward the corpse and makes a Spellcasting Test against the target\'s Spell Defense (as if he were still alive). If successful, the last few rounds of the target\'s life are played out to the magician, ending with the target\'s death. The magician must enter into a trance, concentrating to maintain the spell. While in this state, he senses everything from the point of view of the deceased. Unfortunately, this also includes taking any damage the deceased suffered before he died. The magician\'s Effect Test gives him a Spirit Pool of Damage Points. Any damage inflicted on the magician first reduces this Spirit Pool and is not added to his Current Damage. Once the Spirit Pool is exhausted, the magician takes damage normally (Mystic Armor provides protection). Wounds taken by the target are not transferred to the magician. Even if the damage the magician takes equals or exceeds his Wound Threshold he never suffers a Wound. If his Current Damage equals or exceeds his Unconsciousness or Death Rating, he still passes out or dies, however.'),
(138, 'Eye of Truth', 5, 1, 11, 18, 'Target\'s Spell Defense', 'Self', 'Rank + 5 minutes', '+10 bonus to Disbelief Tests', 0, 'This spell allows seeing beyond the veil of illusion with nearabsolute clarity. The magician rubs clean, clear water over his eyes, then makes a Spellcasting Test against his natural Spell Defense. If successful, the magician gains a +10 bonus to any Disbelief Tests—but not Sensing Tests—that he makes against illusions for the spell\'s duration.'),
(139, 'Eyes Have It', 4, 3, 7, 17, '6', '24 yards ', 'Rank + 1 minutes', 'WIL + 4', 0, 'This spell temporarily blinds one or more characters. The magician touches his eyelids with his fingers, then touches his clothes and makes a Spellcasting (6) Test. If successful, a number of pairs of stylized, mirror-like eyes equal to his Spellcasting Rank appear on the magician\'s clothing. Each round, the magician may concentrate his gaze on a character, making a Spellcasting Test against the target\'s Spell Defense. If successful, the magician transforms one pair of the mirror eyes into a duplicate of the target\'s eyes. The target\'s eyes become glazed, turning opaque white in color—he is blinded and suffers a Complete Darkness penalty to sight-based Action Tests. The magician\'s Effect Test determines how effective the blinding is. Each round, the target may make a Willpower Test against the Effect Test. If successful, his \"mirrored\" eyes disappear from the magician\'s clothing and the target can see again.'),
(140, 'Falcon\'s Cloak', 4, 2, 10, 20, 'Target\'s Spell Defense', 'Self', 'Rank hours', 'Turns caster into a falcon', 0, 'This spell transforms the magician into a falcon, an eagle, or a similar bird of prey. It requires a falcon\'s or eagle\'s tail or wing feather, which the magician waves from side to side, then touches to his forehead and makes a Spellcasting Test against his natural Spell Defense. If successful, he transforms into a falcon or eagle, with all of the bird\'s normal physical abilities, but his own mental abilities. The magician can fly at the bird\'s normal Movement Rate and uses its senses and methods of attack. Any equipment he is carrying, along with his weapons, armor, and clothing, disappears when the spell is cast and reappears when it ends. While in avian form, the magician can only cast spells that do not require speech or gestures. The magician may dispel the transformation anytime he wishes by spending a Standard Action.'),
(141, 'False Aura', 3, 2, 7, 12, 'Target\'s Spell Defense', 'Touch', 'Rank + 3 minutes', 'WIL + 6', 0, 'This spell masks a character\'s aura, confusing those attempting to assess him astrally. The magician visualizes a change to the target\'s aura, then touches him and makes a Spellcasting Test against the target\'s Spell Defense. If successful, he makes an Effect Test against the target\'s Spell Defense. If successful, the target\'s aura changes to match that visualized by the magician. To see the target\'s true aura, a viewer must make a successful Astral Sensing Test against the magician\'s Effect Test. If failed, the viewer sees the fake aura instead. The false aura can conceal threads, talents, the target\'s state of health, magical ability, or any other characteristics that can be viewed astrally.'),
(142, 'False Enchantment', 7, 5, 8, 20, '6', 'Touch', 'Rank + 7 days', 'Gives an item fake magical abilities; +5 to the illusion\'s Disbelief Difficulty', 1, 'Illusion. This spell imbues an item with an illusory magical power. The fake power cannot be activated, but others can detect and be deceived by it. The magician imagines the fabulous properties he wishes the item to have, then makes a Spellcasting (6) Test. If successful, he may choose a new Spell Defense for the item no greater than the Spellcasting Test. The item\'s Spell Defense is used as the Difficulty Number for magically obtaining information about it. If magical investigation succeeds against the item\'s Spell Defense, the investigator obtains the fake information planted by the magician. The false enchantment makes it more difficult than usual to determine the veracity of the spell. The magician adds +5 to the illusion\'s Disbelief Difficulty. The item\'s Spell Defense and false Key Knowledges should be noted at time of casting, along with the enchantment\'s Disbelief Difficulty. Tests made to magically examine the item are considered Sensing Tests (see Illusions, p. 139). The magician may extend the duration to a year and a day by taking 2 Blood Magic Damage. This damage cannot be healed until the spell ends.'),
(143, 'False Floor', 3, 2, 7, 17, '6', 'Touch', 'Rank + 1 hours', 'WIL + 6', 1, 'Illusion. This spell creates the illusion of an obviously disguised fake floor, or other similar trap, in a normal floor section, up to a maximum 6-yard (3-hex) radius area. The magician imagines the type of trap concealed by the floor, then makes a Spellcasting (6) Test. If successful, his Effect Test determines the spell\'s Sensing Difficulty. Characters encountering the illusion make a Perception Test as a Sensing Test (see Illusions, p. 139). If successful, the illusion is revealed. If failed, the character believes something is wrong with the floor. The gamemaster indicates that a trap might be triggered if the character were to cross the floor section, with potentially disastrous results. Regardless of the Sensing Test, if a character crosses the illusory floor, nothing is triggered. This spell may also be cast on wall sections or ceilings—its use is not limited to floors.'),
(144, 'Fatal Food', 4, 3, 9, 17, 'Target\'s Spell Defense', '10 yards ', 'Rank + 10 minutes', 'WIL + 6/Mystic', 0, 'This spell creates an effect in different foods, causing an explosive reaction when they are ingested and combined. The magician points at three different types of food, envisaging the end result on the target. Each thread is woven to a different piece of food—the foods cannot be touching or mixed together. For example, the spell cannot be cast on a bowl of soup because the ingredients are already combined. If even a taste of each type of food is eaten, thus mixing them together, the magician makes a Spellcasting Test against the target\'s Spell Defense. If successful, the meal explodes three times, once for each food type. The magician makes three Effect Tests to determine how much damage is inflicted on the target. Food left uneaten after the spell ends returns to normal and can be consumed safely.'),
(145, 'Fingers of Wind', 3, 1, 7, 15, '6', '20 yards ', 'Rank + 5 minutes', 'WIL', 0, 'Air. This spell creates a pair of invisible hands which can lift and manipulate objects. To observers, a faint breeze seems to move the target item. The magician wiggles his fingers and makes a Spellcasting (6) Test. If successful, his Effect Test is allocated over the hands\' Strength and Dexterity Values as desired. Regardless of the Test Result, no Attribute Value may exceed 30. The hands can reach anywhere visible to the magician within the spell\'s range. While they have a tangible effect when carrying or moving objects, they cannot be used to attack, nor can they be attacked.'),
(146, 'Fire Hounds', 7, 1, 13, 20, 'Target\'s Spell Defense', '4 yards ', 'Rank + 5 minutes', 'Summons one or more fire hounds', 0, 'Fire. This spell summons one or more fire hounds from a fire at least the size of a campfire. The magician can summon more than one hound by weaving additional spell threads before casting the spell. Each thread woven after the first, to a maximum of six spell threads, summons an additional fire hound. The more hounds summoned, the greater the risk that the magician loses control of them. If he fails any Thread Weaving Test after the first, a number of hounds equal to the number of threads woven to that point appear and immediately attack the magician. The magician crouches on all fours and howls loudly, then makes a Spellcasting Test against the hound\'s Spell Defense, +1 for each additional hound. If successful, one or more large flaming hounds leap from the fire. The magician can mentally control the hounds as long as they remain within 4 yards (2 hexes) distance, although this requires his concentration. If the hounds move beyond this range, they act on their most recent instructions. The hounds disappear if killed or when the spell ends. Fire hounds resemble large dogs, standing more than four feet high at the shoulder, and bear a passing resemblance to gate and hell hounds. Their stocky, muscular bodies are covered with short darkbrown fur that seems to absorb light and rows of sharp teeth fill their jaws. A fire hound can easily tear a limb from a human or an elf. A fire hound\'s eyes seem to burn—deep within the sockets are twin balls of flame. In darkness, their eyes glow like candle flames.'),
(147, 'Fire Whip', 4, 1, 10, 20, '6', 'Touch', 'Rank + 5 rounds', 'WIL + 6/Physical', 0, 'Fire. This spell creates a fiery melee weapon from a pliable strip of cloth, leather, or even plant material at least one yard long. The magician ‘cracks\' the whip and makes a Spellcasting (6) Test. If successful, the material extends to three yards in length and bursts into flame. The wielder makes an Effect Test to determine how much damage is inflicted on an opponent by the whip. Fire whip attacks may also set flammable targets such as dry straw or cloth ablaze, inflicting normal fire damage (Gamemaster\'s Guide, p. 109).'),
(148, 'Fireball', 5, 1, 12, 20, 'Target\'s Spell Defense', '40 yards ', '1 round', 'WIL + 8/Physical', 0, 'Fire. This spell creates an explosive ball of flame from a source of fire, such as a torch or campfire. The magician places one of his hands to the side of the fire, waving it in a circular motion over the top of the flame, then makes a Spellcasting Test against the highest Spell Defense among the target group in the area of effect within a 4-yard (2-hex) radius of the point of impact. If successful, a small globe of fire erupts from his hand, which quickly expands to the size of a beach ball, before exploding in an intense gout of flame at the point of impact. The magician\'s Effect Test determines how much damage is inflicted on those affected.'),
(149, 'Fireweave', 6, 2, 12, 19, 'Target\'s Spell Defense', 'Touch', 'Rank minutes', 'WIL/Physical', 0, 'Fire. This spell creates a protective cloak of flames from a source of fire, such as a torch or campfire. The magician makes stitching motions, then touches the target and makes a Spellcasting Test against the target\'s Spell Defense. If successful, a cloak of fire wraps around the target. Anyone standing within 2 yards (1 hex) of the wearer or attacking him in close combat suffers damage each round from the intense heat thrown off by the cloak. The wearer makes an Effect Test to determine how much damage is inflicted. The cloak\'s heat does not affect the wearer.'),
(150, 'Flame Darts', 7, 2, 13, 23, 'Target\'s Spell Defense', '16 yards ', '1 round', 'WIL + 7/Physical', 0, 'Fire. This spell creates fiery darts that are hurled at opponents. The magician cups his hands together to hold the darts, then \"flings\" them at his opponents and makes a Spellcasting Test against the highest Spell Defense among all those within a chosen 2-yard (1-hex) radius circle. If successful, his Effect Test determines how much damage is inflicted on each character in the area.'),
(151, 'Flame Flash', 1, 1, 7, 15, 'Target\'s Spell Defense', '10 yards ', '1 round', 'WIL + 4/Physical', 0, 'Fire. This spell fires a burst of flame at an opponent. The magician makes wild, fanning gestures and crackling, whooshing sounds, then extends his hands outward and makes a Spellcasting Test against the target\'s Spell Defense. If successful, flames flash from his fingertips, bathing the target in fire. The magician\'s Effect Test determines how much damage is inflicted.'),
(152, 'Flame Strike', 2, 0, 0, 11, 'Target\'s Spell Defense', '12 yards ', '1 round', 'WIL + 6/Physical', 0, 'Fire. This spell creates a bolt of flame from a source of fire, such as a torch or campfire. The magician points with both hands and makes a Spellcasting Test against the target\'s Spell Defense. If successful, his Effect Test determines how much damage is inflicted.'),
(153, 'Flameshaw', 6, 4, 10, 17, 'Target\'s Spell Defense', '40 yards ', 'Rank + 1 hours', 'WIL + 7', 0, 'Fire. This spell conjures a hulking fire spirit from a large source of fire, like a campfire, to cart the magician from place to place. The magician makes pulling motions, as if tugging at the leads of an animal, then makes a Spellcasting Test against the spirit\'s Spell Defense. If successful, a fiery spirit is summoned from the flames, appearing at the magician\'s behest anywhere within the spell\'s range. The back half of the spirit appears in the shape of a two-person rickshaw pulled by the spirit\'s front legs and torso. The magician and a passenger may ride in the rickshaw, unharmed by the flames, although the ride is a warm one. The spirit only responds to verbal commands given to it by the magician while he is within 40 yards (20 hexes). At the gamemaster\'s discretion, issuing these commands may require the magician to speak the elemental language of fire (see Elemental Tongues, p. 67). The flameshaw has wheels, but does not actually touch the ground. Instead, it travels a few inches above the ground and can rise as high as 100 yards (50 hexes) above the earth if commanded, rising 2 yards (1 hex) vertically for every 2 yards (1 hex) of horizontal movement. The flameshaw may be instructed by the magician as a Simple Action to run over an opponent, trampling him under its fiery wheels. Those riding in the flameshaw do not benefit from its Armor Rating— only direct attacks against the flameshaw cause the flames to coalesce and toughen to form armor. If the flameshaw takes damage equal to or in excess of its Death Rating, the spell ends and it immediately vanishes.'),
(154, 'Flameweapon', 1, 2, 5, 14, 'Target\'s Spell Defense', '4 yards ', 'Rank + 10 rounds', 'Weapon adds D6 Bonus Die to Damage Tests/Physical', 0, 'Fire. This spell enflames a weapon. The magician snaps his fingers and makes a Spellcasting Test against the higher of the target weapon\'s or its wielder\'s Spell Defense. If successful, a flame leaps from his fingers and engulfs the weapon in fire, except for the part where it is held. The wielder adds a D6 Bonus Die to the fiery weapon\'s Damage Test. The weapon is hot, but bearably so. However, whenever the Bonus Die is greater than 6, the wielder takes 1 Strain from the heat. The spell can be cast on weapons made from any material—wood, metal, bone, and so on. The flame inflicts no physical damage to the weapon.'),
(155, 'Flesh Eater', 5, 1, 14, 21, 'Target\'s Spell Defense', 'Touch', 'Rank + 5 rounds', 'Causes target to be Harried', 1, 'Illusion. This spell makes flesh look as if it is rotting and failing off. The magician shakes his head, then scratches the target and makes a Spellcasting Test against the target\'s Spell Defense. If successful, the target goes into a state of mild shock as he sees his flesh crawling with maggots and rotting away before his eyes and is Harried— this also affects his Social Defense. Any Action Tests the target makes are considered Sensing Tests (see Illusions, p. 139).'),
(156, 'Flying Carpet', 5, 3, 10, 18, '7', 'Touch', 'Rank + 1 hours', 'WIL + 5', 0, 'This spell enchants a carpet or other piece of cloth, no bigger than four square yards in size, to become a flying platform. The magician vigorously shakes the carpet or cloth, then makes a Spellcasting (7) Test. If successful, the material animates, floating several inches above the ground. The magician\'s Effect Test determines the flying carpet\'s Strength Value and, in turn, the weight it can carry. A carpet carrying more than its Carrying Capacity allows cannot f ly (see Determine Characteristics, p. 27). Those riding on the flying carpet do not benefit from its Physical Armor. If the carpet takes damage equal to or in excess of its Death Rating, the spell ends. The magician can verbally control the carpet, requiring his concentration. He may turn over command of the carpet to another character, who may verbally command it the same way. The magician may regain control of the carpet with a successful Spellcasting (7) Test. The carpet is not intelligent and is easily confused, so commands issued to it must be simple, limited to a couple of words at best. The carpet normally flies a few inches above the ground, but can fly as high as 100 yards (50 hexes) if commanded to do so, rising 2 yards (1 hex) vertically for every 2 yards (1 hex) of horizontal movement. The magician may extend the duration to a year and a day by taking 2 Blood Magic Damage. This damage cannot be healed until the carpet is destroyed or the spell ends.'),
(157, 'Fog Ghost', 2, 2, 6, 15, 'Target\'s Spell Defense', '10 yards ', 'Rank + 3 rounds', 'Summons fog ghost', 0, 'This spell coalesces fog from the surrounding air and coaxes a maleficent spirit to inhabit it. The magician blows openly into the air and makes a Spellcasting Test against the spirit\'s Spell Defense. If successful, the fog ghost appears where the magician wishes within the spell\'s range, whereupon it immediately attacks the nearest character (even the magician himself). The fog ghost continues to indiscriminately attack whoever is nearest to it during each round of its existence, until it is destroyed or the spell ends. Destroying the fog does not harm the spirit, which simply returns to its netherworld and waits for another chance to harm the living. A fog ghost will not attack undead or other spirits. The spell cannot be cast in desert or other very dry environments, nor can it be cast when the temperature is below freezing. Fog ghosts are vulnerable to damage from normal weapons—their high Physical Defense represents the difficulty of hitting the \"thick\" areas of fog that house the spirit.'),
(158, 'Fog of Fear', 3, 2, 8, 18, '6', '24 yards ', 'Rank + 6 rounds', 'WIL + 5', 0, 'This spell conjures a mist that causes fear in those wrapped in its misty tendrils. The magician wraps his arms about him as if cold, then points to where the fog will appear and makes a Spellcasting (6) Test. If successful, a luminous, wispy-gray, and slightly cold fog coalesces into a 2-yard (1-hex) radius sphere around the position. Once conjured, the fog cannot move. The magician\'s Effect Test is compared against the Spell Defense of each character—friend or foe—within the fog. If successful, the target flees away from the cloud at his fastest Movement Rate. Each round, an affected target may make a Willpower Test against the Effect Step. If successful, he throws off his fear, otherwise he continues to flee. Once out of sight of the fog, the target may act normally. However, if he sees the mist again he will react in fear until he makes a successful Willpower Test or the spell ends. Under no circumstances will an affected target voluntarily enter the cloud.'),
(159, 'Foreseeing', 6, 2, 12, 22, '9', 'Self', '1 round', 'WIL + 3', 0, 'This ritual spell allows the future to be read in cryptic visions. It requires a suitable divination tool, such as a deck of elven path cards, bones, dice, or the like. Weaving each spell thread requires one hour of meditation, which requires the magician\'s concentration. Once all of the spell threads have been woven, the magician makes a Spellcasting (9) Test. If successful, he makes an Effect Test against a Difficulty Number determined by the gamemaster, based on the information he is seeking. If successful, the Result Level determines the number of days in the future that the magician can foresee. If the magician wishes to see the fate of a particular target, he makes another Effect Test against the target\'s Spell Defense. If successful, the Result Level indicates the clarity of the vision—an Average Result being vague, an Extraordinary result being clear. Foreseeing should provide information couched in symbols, strange visions, and riddles that the magician must decipher. The gamemaster should use the information provided by this spell as a source of adventure hooks or a way to drive the campaign plot forward, rather than allowing it to easily solve any problem the magician faces.'),
(160, 'Form Exchange', 8, 4, 11, 21, 'Target\'s Spell Defense', '10 yards ', 'Rank + 7 minutes', 'WIL + 10', 1, 'Illusion. This spell swaps the location and appearance of the magician and another character. The magician looks intently at the target, noting his appearance and position, then makes a Spellcasting Test against the target\'s Spell Defense. If successful, he makes an Effect Test against the target\'s highest Attribute Step. If successful, the magician exchanges form with the target—he now looks like the target and stands where the target originally stood, while the target now occupies the magician\'s position and looks like him.'),
(161, 'Foul Vapors', 6, 1, 11, 19, 'Target\'s Spell Defense', 'Self', 'Rank + 6 rounds', 'WIL + 5/Mystic', 0, 'This spell taps into the uglier regions of astral space, drawing vapors to the physical plane. The magician holds his breath and makes a Spellcasting Test against the highest Spell Defense among the target group within 10 yards (5 hexes) from the caster. If successful, vapors brought forth from astral space completely fill the area of effect. The vapors do not move once conjured. The magician is immune to the vapors\' effect. Those affected by the fumes do not have to breathe them, only contact is necessary— the spell affects both living and undead creatures. Each round, the magician makes an Effect Test to determine how much damage is inflicted on each character.'),
(162, 'Friend or Foe', 4, 2, 10, 20, 'Target\'s Spell Defense', '4 yards ', 'Rank + 5 rounds', 'WIL + 6', 1, 'Illusion. This spell makes it nearly impossible for anyone to tell the difference between friend or foe in a fight. The magician drags his nails over his face, then makes a Spellcasting Test against the highest Spell Defense among all combatants—friends and enemies—within range. If successful, they all take on the appearance of corpses with the same height and build as the magician. The magician\'s Effect Test determines the illusion\'s Disbelief Difficulty. All Action Tests made during the fight, including Attack, Damage, and Knockdown Tests, are considered Sensing Tests (see Illusions, p. 139).'),
(163, 'Friendly Darkness', 6, 3, 9, 20, 'Target\'s Spell Defense', 'Touch', 'Rank rounds', 'Creates magical darkness; +5 bonus to one type of Action Test for friendly characters', 0, 'This spell draws darkness from another dimension, extinguishing nearby light. The magician cups his hands together, touches the target and makes a Spellcasting Test against the target\'s Spell Defense. If successful, the darkness conjured fills a 6-yard (3-hex) radius sphere centered on the target. The darkness extinguishes all light, causing those within the area of effect to incur a Complete Darkness penalty to their sight-based Action Tests. The magician may nominate up to Spellcasting Rank characters within the darkness\' radius of effect to gain a +5 bonus to one type of Action Test—Attack Test, Spellcasting Test, Recovery Test, and so on. This bonus serves to negate the Complete Darkness penalty for friendly characters within the area of effect. Ordinary light does not penetrate the darkness. Attempts to banish the darkness with magical light or dispel it are made against a Spell Defense of 11. Those with knowledge of Nethermancy are unaffected by this spell.'),
(164, 'Fuel Flame', 3, 0, 0, 14, '6', '4 yards ', 'Rank rounds', 'WIL + 3', 0, 'Fire. This spell creates a momentary rift into the Elemental Plane of Fire, increasing the intensity of a nearby fire source. The magician points at the target fire and makes a Spellcasting (6) Test. If successful, he makes an Effect Test against the fire\'s Damage Step. If successful, the fire\'s Damage Step increases by +2 per Result Level achieved, starting with an Average Result. The fire burns hotter and consumes fuel more quickly while the spell is in effect, but will go out normally once it exhausts all of the fuel available to it.'),
(165, 'Fun With Doors', 1, 2, 5, 10, 'Target\'s Spell Defense', '20 yards ', 'Rank + 1 minutes', 'Creates / alters door illusions', 1, 'Illusion. This spell creates different illusory effects, all based around the use of doors. The magician must be able to see the target door, trapdoor or archway. He gestures in the air as if painting the door with an imaginary brush, then makes a Spellcasting Test against the target\'s Spell Defense. If successful, the magician may create a variety of illusions involving the target. Any Action Tests made while interacting with the illusion are treated as Sensing Tests. Illusory doors created with this spell may be no bigger than 3 square yards in size. New doors cannot be created further than 4 yards (2 hexes) away from the original. And obviously, you can\'t run through an illusory door…'),
(166, 'Gadfly', 2, 1, 6, 14, 'Target\'s Spell Defense', '12 yards ', 'Rank + 4 rounds', 'Harries target', 0, 'This spell summons a tiny, glowing spirit that buzzes annoyingly, shouts taunts, and insults characters in a high, squeaky voice. The magician makes a Spellcasting Test against the spirit\'s Spell Defense. If successful, the gadfly appears, harassing and taunting a designated target while he remains within the spell\'s range.'),
(167, 'Giant Size', 5, 2, 11, 18, 'Target\'s Spell Defense', 'Touch', 'Rank + 2 rounds', '+5 bonus to Strength- and Toughness-only Tests', 0, 'This spell causes a character to grow larger. The magician stands on tip toes or puffs out his clothing, making himself look bigger, then makes a Spellcasting Test against the target\'s Spell Defense. If successful, the target immediately grows 50 percent larger than his normal size, gaining a +5 bonus to his Strength- or Toughness-only Tests during the spell\'s duration. The target\'s clothing and armor also change size, returning to normal when the spell ends. Weapons and other equipment do not change size, however. Care should be made when using this spell in confined spaces, such as kaers or tunnels.'),
(168, 'Gills', 2, 2, 4, 13, 'Target\'s Spell Defense', 'Touch', 'Rank + 10 minutes', 'Allows target to breathe underwater', 0, 'Air. This spell allows a character to breathe underwater. The magician makes fishlike mouthing gestures, then touches the target and makes a Spellcasting Test against the target\'s Spell Defense. If successful, small gills appear behind the target\'s ears (or neck, if the target has no external ears, such as obsidimen). While still able to breathe air normally, the target can also breathe underwater for the spell\'s duration.'),
(169, 'Globe of Silence', 8, 3, 14, 20, '6', '16 yards ', 'Rank + 2 minutes', 'WIL + 8', 0, 'This spell creates a zone which completely smothers all sound. The magician pulls out a glass or crystal bead or other hard object, then shatters it on the ground at the spot where the spell is intended to take effect and makes a Spellcasting (6) Test. If successful, a 4-yard (2-hex) radius sphere is conjured, inside which no sound can be heard. This makes verbal communication impossible and prevents the casting of spells that require speech. The magician\'s Effect Test determines the spell\'s Dampening Difficulty. Sound-based talents, such as Battle Shout and Emotion Song, are affected, but can end the spell if their Test Result equals or exceeds the globe\'s Dampening Difficulty.'),
(170, 'Grasping Hand of Earth', 7, 1, 13, 20, 'Target\'s Spell Defense', '24 yards ', 'Rank + 3 rounds', 'WIL + 6', 0, 'Earth. This spell causes a massive hand to rise out of the ground and seize a character who is standing on earth or stone. The magician clutches at the air, then points at the target and makes a Spellcasting Test against the target\'s Spell Defense. If successful, a huge earthen hand rises from the ground and clasps the target. The magician\'s Effect Test determines the hand\'s Strength Value. Each round, the target may make a Strength Test against the hand\'s Strength Value to break free. The target may perform no other actions while held in the hand\'s grip, and is considered Harried while held, except for attempts to break free.'),
(171, 'Grave Message', 3, 4, 7, 19, '6', '100 miles', 'Rank days', 'Sends message to a Nethermancer', 0, 'This spell magically sends a message to a practitioner of Nethermancy. The magician speaks a message no longer than fifty words inside a Bone Circle (p. 155), a cemetery, or a place where spirits are active, then makes a Spellcasting Test against a Difficulty Number based on the distance to the target, as shown in the Spell Distance Difficulty Table. If successful, the message is successfully sent to a specific bone circle, cemetery, or place in which spirits are active, and addressed to a Named magician or \"any magician who happens by.\" The target must possess knowledge of Nethermancy or the message will not be delivered. The message is spoken to the target in a quavering spirit voice only once.'),
(172, 'Great Sticky Vines', 4, 2, 11, 20, '6', '10 yards ', 'Rank minutes', 'WIL + 4', 0, 'Wood. This spell allows shoots and retracts enormous sticky vines from the magician\'s hands. The magician rubs plant juice or sap on both wrists, then makes a Spellcasting (6) Test. If successful, small plant tendrils sprout from his wrists, leaking sap as they wriggle forth. Each round the magician may ensnare a target by making a Spellcasting Test against the target\'s Spell Defense. If successful, a vine shoots from his outstretched hand and wraps itself around the target. If three or more vines are thrown around the same target, it is considered grappled (see Grappling, p. 230). The magician\'s Effect Test determines the Grappling Difficulty. The ensnared target must make a successful Strength or Dexterity Test against the Grappling Difficulty to escape. The vines may drag ensnared objects that weigh no more than the magician\'s Carrying Capacity (p. 29) toward him with a Movement Rate of 3. Grappled targets may also be dragged toward the magician, if he is strong enough. To resist, the target must make a successful Strength Test against the Effect Step—this is independent of any attempts to break free of the vines holding him. The vines can be attacked. The magician makes an Effect Test, the result of which is the vine\'s Death Rating. Should a vine be severed, however, the magician can simply drop it and shoot out a new one. The magician can maintain up to Spellcasting Rank vines.'),
(173, 'Great Weapon', 4, 1, 13, 20, 'Target\'s Spell Defense', 'Touch', 'Rank + 2 rounds', 'Harries opponents', 1, 'Illusion. This spell makes a Size 2 or larger melee weapon appear bigger and more dangerous than it actually is. The magician makes threatening overtures, then makes a Spellcasting Test against the higher of the weapon\'s or its wielder\'s Spell Defense. If successful, opponents facing the weapon become Harried for the spell\'s duration. Any Action Tests made in combat against the wielder or weapon are considered Sensing Tests.'),
(174, 'Grounding', 3, 2, 4, 12, 'Target\'s Spell Defense', 'Touch', 'Rank minutes', '+6 Physical and Mystic Armor vs. electricity; +6 Knockdown Test bonus', 0, 'Earth. This spell earths a character from the effects of electricity. Both magician and target must be touching the ground. The magician shoves the target, causing his muscles to tense, and makes a Spellcasting Test against the target\'s Spell Defense. If successful, the target adds +6 to his Physical and Mystic Armor against electrical effects, such as the Lightning Bolt spell (p. 182) or the Lightning creature power. The target cannot break contact with the ground without the spell ending—his Movement Rate is halved during the spell\'s duration. As a side-effect, the spell also makes it harder for the target to be lifted off the ground, granting him a +6 Knockdown Test bonus. Talents or spells that move or lift the target, such as the Levitate spell (p. 181), increase the Result Level required for success by one level (from Average to Good, and so on).'),
(175, 'Hair Frenzy', 4, 0, 0, 20, 'Target\'s Spell Defense', '10 yards ', 'Rank + 5 rounds', 'Harries target', 0, 'This spell causes a character\'s hair to fly wildly about in a distracting manner. The magician grabs at his own hair and makes a Spellcasting Test against the target\'s Spell Defense. If successful, the target\'s hair whips back and forth around his face—he becomes Harried for the spell\'s duration. The spell only works on characters who possess hair (t\'skrang and obsidimen are not affected unless they are wearing a hairpiece or a wig, for some reason).');
INSERT INTO `ed_spells_v3` (`id`, `name`, `circle`, `threads`, `weaving_diff`, `reattunement_diff`, `casting_diff`, `range`, `duration`, `effect`, `illusion`, `description`) VALUES
(176, 'Healing Sleep', 3, 2, 7, 12, 'Target\'s Spell Defense', 'Touch', '8 hours', 'Bonus Recovery Test; +4 Recovery Test bonus', 0, 'This spell puts an injured character into a deep magical sleep, intensifying his natural healing processes. The target must have Current Damage greater than his Wound Threshold, but does not need to have any Wounds. The magician makes soft crooning overtures, then makes a Spellcasting Test against the target\'s Spell Defense. If successful, the target falls into a deep magical sleep for eight hours. On waking, he immediately makes a bonus Recovery Test with a +4 bonus—the bonus is applied to any other Recovery Tests he makes that day. While asleep, attempts to rouse the target are difficult. Only if he makes a successful Willpower (10) Test, takes any damage, or the spell ends, can the target be woken from his slumber. If he wakes before the full eight hours have passed, he gains no benefits from the spell. A character can benefit from only one Healing Sleep spell each week.'),
(177, 'Heat Food', 1, 1, 5, 7, '6', 'Touch', 'Rank + 10 minutes', 'Heats and rejuvenates food', 0, 'Fire. This spell heats food and infuses it with beneficial magic. The magician breathes on his hands as if to warm them, causing them to glow a gentle red, then touches the food and makes a Spellcasting (6) Test. If successful, the glow transfers to the food which, within a minute, becomes steaming hot. Eating the food increases the effectiveness of Recovery Tests. Consumption of a heated meal adds the magician\'s Spellcasting Rank as a bonus to the first Recovery Test the eater makes during the spell\'s duration. Each successful casting may heat a number of meals equal to the magician\'s Spellcasting Rank.'),
(178, 'Heat Metal Armor', 5, 2, 11, 18, 'Target\'s Spell Defense', '4 yards ', 'Rank + 7 rounds', 'WIL + 5/Physical (NA)', 0, 'Fire. This spell rapidly heats up metal armor or shields. The armor\'s Size has no impact on the spell\'s effectiveness, but it must be at least 50 percent metal. The magician rubs his hands together and makes a Spellcasting Test against the higher of the armor\'s or its wearer\'s Spell Defense. If successful, the armor quickly heats to an extreme temperature. Each round, the magician\'s Effect Test determines how much damage is inflicted on those wearing or touching the armor (the wearer receives no armor protection).'),
(179, 'Horror Call', 8, 6, 13, 22, 'Target\'s Spell Defense', 'Touch', 'Rank hours', 'WIL + 16', 0, 'This dangerous spell summons a Horror from astral space. The magician must learn the Name of the Horror he wishes to call, then carefully inscribes a 4-yard (2-hex) radius circle, painting it white and gold. Casting the spell is debilitating to the magician and requires the use of Blood Magic, causing him 1 Permanent Damage, +1 Permanent Damage for each thread he fails to weave. Should the magician break off the spell before completing it, the magical backlash causes him Step 25/2D12+D10+D8 damage (Mystic Armor provides protection). The magician touches the circle, calls aloud the Horror\'s Name, then makes a Spellcasting Test against the Horror\'s Spell Defense. If successful, the Horror is summoned from astral space into the protective circle. The magician\'s Effect Test determines the circle\'s Dispel Difficulty. The Horror remains in the protective circle until it makes a successful Willpower or Dispel Magic Test against the spell\'s Dispel Difficulty, is released by the magician, or the spell ends. The Horror may attempt a Willpower or Dispel Magic Test once per hour—if successful, the spell ends. Many Horrors bargain with their summoner, offering great rewards in return for release into the physical plane. If their offer is accepted, the Horror will usually pay what is promised, but often return to take back any treasure at a later date. Few magicians teach this spell—a character should wonder about the motives of one who does, because Horrors often make teaching the Horror Call spell to others part of any deal they make. When the spell ends, the Horror returns to astral space.'),
(180, 'Hunger', 4, 3, 10, 17, 'Target\'s Spell Defense', 'Touch', 'Rank days', 'Increases or diminishes hunger', 1, 'Illusion. This spell makes a character feel or forget his hunger. The magician mimes eating or vomiting—as desired—then makes a Spellcasting Test against the target\'s Spell Defense. If successful, the spell induces a strong feeling of hunger or nausea. If the magician mimes eating, the target feels sudden, overwhelming hunger pangs and suffers a –1 penalty to his Action Tests for the spell\'s duration. This hunger makes the target irritable and easily distracted—he single-mindedly seeks food and continually eats, yet he still remains hungry while the spell is in effect. If the magician mimes vomiting, the target ceases feeling hungry, and does not feel hunger again until he successfully disbelieves the illusion or the spell ends. If the target eats anything while the spell is in effect, he becomes nauseous. If the target goes three days without food he grows weary and suffers a –1 penalty to his Action Tests. For each additional day without food, the penalty increases by –1. Each day, the gamemaster makes a Damage Test, using the cumulative number of days the target has gone without food as the Damage Step (no armor provides protection). Any Action Tests made by the target related to eating or resisting hunger, such as Fatigue Tests, are considered Sensing Tests.'),
(181, 'Hunter\'s Sense', 2, 0, 0, 14, 'Target\'s Spell Defense', '30 yards ', 'Rank + 3 minutes', 'WIL + 5', 0, 'This spell senses nearby animals and their general species. The magician touches the target\'s eyes, ears, and nose with water or dust, then makes a Spellcasting Test against the target\'s Spell Defense. If successful, the target makes an Effect Test against the Spell Defense of any animals within the spell\'s range. If successful, he senses what the type of animals and the general direction in which they lie. The spell does not detect Namegivers, undead creatures, Horrors, or Horror constructs.'),
(182, 'Ice Mace and Chain', 3, 0, 0, 15, 'Target\'s Spell Defense', '16 yards ', '2 rounds', 'WIL + 5/Physical', 0, 'Water–Cold. This spell creates an icy weapon that is thrown at an opponent. The magician hurls two pebbles, coins, or other objects at the target, then makes a Spellcasting Test against the target\'s Spell Defense. If successful, the objects transform into frozen spiked mace-heads joined by an icy chain, which wrap around the target. The magician\'s Effect Test determines how much damage is inflicted. If he rolls any Bonus Dice for the Damage Test, the mace and chain shatter afterwards. If the mace and chain survive the blow, the target is Harried until he frees himself at the end of the following round.'),
(183, 'Ice Spear', 2, 1, 7, 14, 'Target\'s Spell Defense', '48 yards ', '1 round', 'WIL + 3/Physical', 0, 'Water–Cold. This spell creates and hurls a long spear of ice at an opponent. Frost forms on the fingers of the magician as he makes a Spellcasting Test against the target\'s Spell Defense. If successful, a five-foot-long spear of ice is formed, trailing frost as it arcs toward and strikes the target. The magician\'s Effect Test determines how much damage is inflicted.'),
(184, 'Icy Protection', 4, 1, 7, 12, 'Target\'s Spell Defense', 'Self', 'Rank + 5 minutes', 'Reduces fire or heat damage', 0, 'Water–Cold. This spell reduces flame or heat damage. The magician pinches his nose and makes a Spellcasting Test against his natural Spell Defense. If successful, the Damage Step of any fire- or heat-based attacks made against the magician is reduced by –2 Steps per Result Level achieved. The spell also provides protection from damage inflicted by hot metal, such as armor subjected to the Heat Metal Armor spell (p. 175), or the hilt of a weapon under the effect of a Flameweapon spell (p. 171).'),
(185, 'Icy Surface', 2, 0, 0, 8, '6', 'Touch', 'Rank + 3 minutes', 'WIL', 0, 'Water–Cold. This spell creates a slippery, icy surface that is treacherous to cross. The magician blows on the surface he wishes to affect and makes a Spellcasting (6) Test. If successful, the target area is immediately covered with ice. The spot the magician blows on is one edge of the area—the ice extends from this point, to a maximum size equal to the area of effect. The magician\'s Effect Test determines the Knockdown Difficulty for crossing the ice without slipping. Characters negotiating the slippery surface must make a Dexterity or suitable Talent or Skill Test (creatures make a Dexterity or Knockdown Test) against the Knockdown Difficulty. If successful, they can move across the icy surface at half their Movement Rate. If failed, they are Knocked Down.'),
(186, 'Identify Magic', 4, 1, 10, 20, 'Target\'s Spell Defense', '40 yards ', '1 round', 'Identifies type of magic', 0, 'This spell identifies the type of magic present on a person, place, or object. The magician peers intently at the target, then makes a Spellcasting Test against the target\'s Spell Defense. If successful, the Result Level determines what he learns. An Average or Good Result reveals whether the target is magical; an Excellent Result reveals the general type of magic the target possesses—adept abilities, innate magic, spell magic, and so on; an Extraordinary Result reveals the exact nature of the magic—the target\'s Discipline and Circle in the case of adepts, or the target\'s powers and abilities in the case of magical items.'),
(187, 'Identify Spell', 3, 0, 0, 12, 'Target\'s Spell Defense', '30 yards ', '1 round', 'Identifies a previously cast spell', 0, 'This spell provides recognition of another spell. After the target spell has been cast, the magician must cast Identify Spell within Spellcasting Rank rounds, making a Spellcasting Test against the target caster\'s Spell Defense. If successful (and if he knows or has heard of the targeted spell, at the gamemaster\'s discretion), the magician makes a Read/Write Magic Test against the target spell\'s Learning Difficulty (p. 130). If successful, he recognizes the spell and knows its effects. If failed (or he has no way of knowing the target spell, at the gamemaster\'s discretion), the Result Level determines what he learns. An Average Result allows him to recognize the type of magic involved—usually Elementalism, Illusionism, Nethermancy, or Wizardry; a Good Result identifies the spell\'s approximate effect—whether it causes damage, creates an illusion, and so on; an Excellent Result identifies the spell\'s Circle; an Extraordinary Result reveals the approximate number of threads the spell requires, as well as the best way (if any) to counter the spell\'s effects.'),
(188, 'Ignite', 1, 0, 0, 11, 'Target\'s Spell Defense', '2 yards ', '1 round (see text)', 'Ignites flammable objects/Mystic', 0, 'Fire. This spell sets a flammable object on fire. The magician snaps his fingers and makes a Spellcasting Test against the higher of the object\'s or it\'s bearer / wearer\'s Spell Defense. If successful, a small jet of flame hovers over the target and sets it alight. If clothes are ignited, the fire inflicts Step 4/D6 damage during the first round, reduced by –1 Step per round until the fire goes out (after three more rounds) or is extinguished. The spell may only be cast on small flammable objects, such as torches, wooden furniture, and clothing.'),
(189, 'Illusion', 5, 2, 11, 21, '6', '12 yards ', 'Rank + 5 minutes', 'Creates illusions', 1, 'Illusion. This spell creates illusory effects. The magician makes a Spellcasting (6) Test. If successful, he creates an illusion, filling an area up to 10 yards (5 hexes) in radius. The illusions created are simple and cannot include Namegivers or other complex images. For example, an illusory door could swing a few inches, but not open or close entirely. An illusory banner might wave in the breeze, but could not be removed. The magician can maintain the illusion beyond the initial duration by making additional Spellcasting (6) Tests up to his Spellcasting Rank in number. If any Spellcasting Test fails, the illusion disappears and the spell ends. Those who interact with the illusion make Sensing Tests using abilities appropriate to the activity. For example, a character opening an illusory door would make a Dexterity Test, which also serves as the Sensing Test.'),
(190, 'Illusory Missiles', 6, 2, 12, 15, 'Target\'s Spell Defense', '48 yards ', '1 round', 'WIL + 11/Physical', 1, 'Illusion. This spell creates an illusory barrage of missiles. The magician throws his arm as if throwing a rock, then makes a Spellcasting Test against the highest Spell Defense of any character in the area of effect. If successful, a hail of illusory missiles saturates the area. The magician\'s Effect Test determines how much damage is inflicted on each target. Any defensive Action Test a target makes is considered a Sensing Test (see Illusions, p. 139).'),
(191, 'Impossible Knot', 2, 2, 6, 14, '6', 'Touch', 'Rank + 1 days', 'WIL + 4', 1, 'Illusion. This spell ties a knot that is incredibly difficult to undo. The magician ties a knot in a rope or cord, then makes a Spellcasting (6) Test. If successful, the knot cannot come loose and is extremely difficult to untie or break. The magician\'s Effect Test determines the spell\'s Sensing Difficulty and also becomes the knot\'s Physical Armor against attempts to cut or break it. Any Test made to cut or untie the knot is considered to be a Sensing Test (a Dexterity Test to untie the knot, a Damage Test to cut it, and so on).'),
(192, 'Impossible Lock', 3, 2, 7, 15, 'Target\'s Spell Defense', 'Touch', 'Rank + 1 hours', 'WIL + 7', 1, 'Illusion. This spell makes a lock more difficult to pick. The magician pantomimes failing to open the lock he is touching, then makes a Spellcasting Test against the lock\'s Spell Defense. If successful, the magician\'s Effect Test determines the spell\'s Sensing Difficulty. A character attempting to pick the lock makes a Lock Picking Test as a Sensing Test (see Illusions, p. 139). If failed, the lock refuses to open. If successful, the lock opens and the spell ends.'),
(193, 'Improve Karma', 5, 3, 7, 15, 'Target\'s Spell Defense', 'Touch', 'Rank + 6 rounds', '+4 Karma Steps', 0, 'This spell improves a character\'s ability to use Karma. The magician must spend a Karma Point on his Spellcasting Test. The magician holds his closed hand in front of himself, then opens it palm up and makes a Spellcasting Test against the target\'s Spell Defense. If successful, the target gains a +4 Step bonus to his Karma Step for the spell\'s duration. If the target cannot use Karma, the spell has no effect.'),
(194, 'Improved Alarm', 4, 3, 8, 19, 'Target\'s Spell Defense', '120 yards ', 'Rank + 1 hours', 'WIL + 5', 0, 'Similar to the Alarm spell (p. 146), this spell discreetly alerts to the presence of others. The magician points at the object or place where he wants to place the alarm, then whispers to himself and makes a Spellcasting Test against the target\'s Spell Defense. If successful, the magician\'s Effect Test is compared against the Spell Defense of any living or sentient being passing within 4 yards (2 hexes) of the alarm\'s position. If successful, the alarm goes off, quietly notifying the magician, if he is within the spell\'s range, that something is amiss. The magician then instructs the alarm to remain silent or shout a warning of no more than Spellcasting Rank words, alerting all those within earshot of the alarm. The spell cannot be cast on living targets.'),
(195, 'Incessant Talking', 5, 3, 14, 18, 'Target\'s Spell Defense', '16 yards ', 'Rank + 1 minutes', 'Makes target babble nonsense', 0, 'This spell conjures a mischievous spirit that forces a character to babble nonsense. The magician babbles nonsense of his own, then makes a Spellcasting Test against the target\'s Spell Defense. If successful, a spirit takes over the target\'s voice, making him babble meaningless words. During the spell\'s duration, the target cannot use any social talents or skills, or make any Interaction Tests. A target magician may still cast spells that do not require him to speak meaningful words or phrases. Each round, the target may attempt to drive out the spirit by making a Willpower Test against the magician\'s Willpower Step. If successful, the spell ends and the target regains control of his speech.'),
(196, 'Inflame Self', 5, 3, 8, 15, 'Target\'s Spell Defense', 'Self', 'Rank + 1 rounds', 'WIL + 8/Physical', 0, 'Fire. This spell engulfs the magician in a sheet of flame. The magician clicks his fingers and makes a Spellcasting Test against his natural Spell Defense. If successful, he is enveloped in a thin layer of fire. The magician can harm an opponent by making an Unarmed Combat Test against the target\'s Physical Defense. If successful, the magician\'s Effect Test determines how much damage is inflicted. The magician risks taking damage himself. Every alternate round of the spell\'s duration, starting on the third round, he makes a Willpower Test against the Effect Step. If successful, the magician is unharmed. If failed, the magician suffers Step 4/D6 damage from the flames (no armor provides protection).'),
(197, 'Innocent Activity', 2, 1, 6, 14, 'Target\'s Spell Defense', 'Touch', 'Rank + 12 rounds', 'Covers up true activity', 1, 'Illusion. This spell masks a character\'s activity. The magician waves his hands about as if painting on a large canvas, then makes a Spellcasting Test against the target\'s Spell Defense. If successful, a colorful wave spreads forth from his hands, coalescing into an image of the target performing an apparently innocent activity appropriate to the setting. If the target moves from his current location, the illusion is broken. The target may otherwise perform any action, even attacking an opponent, during the spell\'s duration. Any obviously inexplicable phenomena as a result of action on the part of the target, such as voices, spells, or attacks, allows those viewing or listening to make a Perception Test as a Sensing Test (see Illusions, p. 139). If successful, the sensing character sees through the illusion, and the spell ends. If failed, the sensing character concocts some other plausible explanation for what happened.'),
(198, 'Insect Repellent', 1, 1, 6, 7, '6', 'Touch', 'Rank + 3 minutes', 'WIL + 5', 0, 'This spell repels insects. The magician makes a buzzing sound, then touches the target and makes a Spellcasting (6) Test. If successful, his Effect Test determines the Repellent Difficulty. Any insects wanting to bite or attack the target must make a successful Willpower Test against the Repellent Difficulty to do so.'),
(199, 'Inventory', 4, 4, 9, 18, 'Target\'s Spell Defense', '30 yards ', '1 minute', 'WIL + 8', 0, 'This spell compiles a catalog of items. The spell is cast on a single room that can be seen into and requires a piece of parchment. The magician\'s Spellcasting Test is compared against the Spell Defense of all items within the spell\'s range. If successful, glowing yellow or orange writing appears on the parchment, listing each item detected. The inventory is in alphabetical order and does not list insignificant items such as dust, bins, or crates, that have no real value themselves. The inventory takes one full minute to create regardless of how many items are in the room, after which the magician makes an Effect Test against the highest Spell Defense of any items missed. If successful, the last note on the manifest is written \"Inventory incomplete.\"'),
(200, 'Invigorate', 5, 2, 9, 17, 'Target\'s Spell Defense', 'Touch', 'Rank + 1 hours', '+5 bonus to Recovery Tests', 0, 'This spell refreshes a character, soothing him and aiding recovery from injury. The magician rubs his hands together, then touches the target on the eyebrows (or closest equivalent) and makes a Spellcasting Test against the target\'s Spell Defense. If successful, the target gains a +5 bonus to any Recovery Tests he makes during the spell\'s duration.'),
(201, 'Iron Hand', 1, 1, 5, 13, 'Target\'s Spell Defense', 'Touch', 'Rank + 10 rounds', '+3 bonus to close combat Damage Tests', 0, 'This spell enhances a character\'s ability to inflict damage. The magician mimics striking someone, then touches the target and makes a Spellcasting Test against the target\'s Spell Defense. If successful, the target gains a +3 bonus to all close combat Damage Tests he makes during the spell\'s duration.'),
(202, 'Ironwood', 5, 3, 11, 18, '6', 'Touch', 'Rank hours', 'Transforms wood', 0, 'Wood. This spell makes ordinary wood as strong and flexible as metal. The spell affects living wood or wooden items up to 10 square yards in size. The magician taps the wood nine times with a piece of iron or steel, the last tap giving off a metallic ringing sound, then makes a Spellcasting (6) Test. If successful, the wood becomes as strong as metal, able to withstand greater stress and pressure than ordinary wood. Wooden weapons, armor, or shields become as strong as their metal equivalents but retain their normal weight and Initiative Penalty. Wooden walls or doors have a Physical Armor Rating of 11 and a Damage Rating of 40 (see the Gamemaster\'s Guide, p. 108). When cast on living wood, the spell does not interfere with the plant\'s biological processes and it continues to grow normally.'),
(203, 'Juggler\'s Touch', 4, 2, 10, 17, '6', '12 yards ', 'Rank rounds', 'WIL + 6/Physical', 0, 'This spell causes small objects to whirl around madly. The magician mimes juggling, then makes a Spellcasting (6) Test. If successful, any small objects within the area of effect start spinning wildly around, striking those standing in the same area. Each round, the magician makes a Spellcasting Test against the highest Spell Defense of any character withing the area of effect. If successful, the magician\'s Effect Test determines how much damage is inflicted on each target. He may also shift the spell\'s area of effect up to 2 yards (1 hex) with a successful Spellcasting (6) Test—this means targets cannot be damaged that round. Juggling the objects requires the magician\'s concentration each round—the only action he can take without ending the spell is a Spellcasting Test to activate the spell\'s effects. If there are no small movable objects in the area of effect, the spell has no effect.'),
(204, 'Kaer Knocking', 4, 4, 7, 15, 'Target\'s Spell Defense', 'Touch', '1 minute', 'WIL + 5', 0, 'This spell creates a knocking sound when it interacts with a kaer\'s magical defenses. The magician taps his knuckles against the kaer wall or door, then makes a Spellcasting Test against the kaer\'s Spell Defense. The average kaer has a Spell Defense of 18 for purposes of this spell, though its actual Spell Defense may be much higher. If successful, the magician makes an Effect Test. Anyone inside the kaer within a number of yards equal to the Test Result hears the spell\'s knocking sound. In most cases, kaer residents will investigate the sound in the hopes that their self-imposed exile is at last at an end.'),
(205, 'Kaer Pictographs', 5, 4, 9, 17, 'Target\'s Spell Defense', 'Touch', '10 minutes', 'Creates pictures or written messages (see text)', 0, 'This spell allows written or drawn messages to be relayed to a kaer\'s inhabitants. The magician traces a picture or writes a message on the wall or door of the kaer, then makes a Spellcasting Test against the kaer\'s Spell Defense. The average kaer has a Spell Defense of 18 for purposes of this spell, though its actual Spell Defense may be much higher. If successful, the spell reacts with the kaer\'s magical defenses and burns the image onto the inside wall or door of the kaer. Words and written messages can be \"transmitted\" by this spell, but the kaer\'s residents may be unable to understand the language. Also, no residents may be nearby to notice the pictograph before the spell ends. For this reason, many magicians use the Kaer Knocking spell (see above) to get the kaer residents\' attention first.'),
(206, 'Karma Cancel', 6, 2, 11, 18, 'Target\'s Spell Defense', '40 yards ', 'Rank + 8 rounds', 'Prevents use of Karma', 0, 'This spell temporarily neutralizes a character\'s ability to use Karma. The magician snaps his fingers and makes a Spellcasting Test against the target\'s Spell Defense. If successful, he may cancel any attempt by the target to use Karma by spending one of his own Karma Points. Neither character rolls Karma Dice, but the Karma Points spent by both parties are lost. Each round, the target may attempt a Willpower (17) Test. If successful, the spell ends and the target regains his ability to use Karma.'),
(207, 'Karmic Connection', 4, 1, 10, 17, 'Target\'s Spell Defense', 'Touch', '1 round', 'WIL + 10', 0, 'This spell taps into a character\'s Karma, using it to save his life. Because of the high Karma Point cost to the target, the spell is generally only cast on those in imminent danger of dying. The magician makes a Spellcasting Test against the target\'s Spell Defense. If successful, the target immediately spends 5 Karma Points and makes an Effect Test in place of a Recovery Test (see Effects of Injury, p. 220). He gains this Recovery Test even if he has used all of his Tests that day, and rolls his Karma Dice with the Effect Test. If the target\'s Current Damage equals or exceeds his Death Rating, the magician must cast the spell within Spellcasting Rank minutes to have any effect. The target must have at least 5 Karma Points available for the spell to work.'),
(208, 'Last Chance', 4, 1, 7, 17, 'Target\'s Spell Defense', 'Touch', '1 round', 'Grants +8 bonus Recovery Test', 0, 'This spell pulls a character back from the brink of death. The spell must be cast within one minute of the character\'s death. The magician makes a Spellcasting Test against the target\'s Spell Defense. If successful, the target makes an immediate Recovery Test with a +8 bonus. If he has used all of the Recovery Tests available to him that day, he makes a Step 8/2D6 Recovery Test instead. If the target\'s Current Damage is reduced below his Death Rating then he survives, otherwise he remains dead.'),
(209, 'Leaping Lizards', 8, 3, 9, 21, '6', '60 yards ', 'Rank minutes', 'WIL + 7/Physical', 1, 'Illusion. This spell creates illusory monsters. The magician makes a Spellcasting (6) Test. If successful, a number of illusory monsters up to the magician\'s Spellcasting Rank are created. Despite its name, the spell can create monsters other than lizards. The creature\'s Attribute Steps are each equal to the spell\'s Effect Step, though the magician may choose to reduce some Step Numbers to improve the illusion\'s realism. The magician must stay within range of the monsters or the spell ends. The monsters are controlled by the magician and require his concentration to direct their actions. Any Action Tests made against the monsters are considered Sensing Tests (see Illusions, p. 139). Likewise, if damage inflicted by a monster causes a Wound, the target\'s Knockdown Test counts as a Sensing Test.'),
(210, 'Leaps and Bounds', 3, 0, 0, 9, 'Target\'s Spell Defense', 'Touch', 'Rank + 5 rounds', 'WIL + 7', 0, 'This spell imbues a character with increased leaping ability. Jumping up and down, the magician calls the target to leap toward him, then touches him as he lands alongside and makes a Spellcasting Test against the target\'s Spell Defense. If successful, the target gains incredible bounding ability when moving. Each round of the spell\'s duration, instead of normal movement, the target may make an Effect Test in place of a Great Leap Test (p. 72) to leap horizontally or jump vertically.'),
(211, 'Levitate', 3, 1, 8, 18, 'Target\'s Spell Defense', '40 yards ', 'Rank + 10 minutes', 'Levitate up to 1,000 pounds', 0, 'This spell moves objects or characters vertically up or down on an invisible 2-yard (1-hex) radius platform of force. The magician raises and lowers his hands and makes a Spellcasting Test against the highest Spell Defense among all characters or objects in the area of effect. If successful, a platform is created which lifts those on it up or down by the magician at 4 yards (2 hexes) per round to a maximum height equal to the spell\'s range. A single spell supports 1,000 pounds of weight. The magician may \"bootstrap\" Levitate spells for improved effect. He may cast another spell on an existing platform to increase the combined weight that the spell can support. The magician may also rise to the maximum height of the first Levitate spell and cast another Levitate spell (or spells) to move even higher. Bootstrapped spells must be managed carefully—as soon as any lower-altitude Levitate spell ends, all higher-altitude Levitate spells also fail. Characters and objects on top of a platform when it fails suffer Falling damage (see the Gamemaster\'s Guide, p. 109) based on the height they fall from. Moving the platform up requires the magician\'s concentration, regardless of how many \"bootstrapped\" spells he is currently manipulating. If he loses concentration, the platform automatically descends to the ground at 4 yards (2 hexes) per round. The magician must make a Spellcasting Test if the number of characters or objects on a platform increases, for example, if another character jumps onto it. If failed, the spell ends.'),
(212, 'Life Circle of One', 2, 2, 6, 15, '6', 'Touch', 'Rank + 3 minutes', 'WIL + 5/Mystic', 0, 'This spell creates a magical circle to repel undead, Horrors, or Horror constructs. The magician spits into his hand, then outlines a 2-yard (1-hex) radius circle with his fingers and makes a Spellcasting (6) Test. If successful, the circle resists any undead, Horror, or Horror construct attempting to enter. The magician makes a Spellcasting Test against the entity\'s Spell Defense. If successful, the circle repels and harms the entity. The magician\'s Effect Test determines how much damage is inflicted on the entity. The spell can only repel a single entity each round. Numerous enemies can easily swamp the circle if they surround it. Should more than one entity enter, the circle will attempt to repel the being with the highest Spell Defense. Given sufficient preparation time, a magician may cast multiple life circles inside each other, creating concentric circles to protect those standing in the innermost one and affording some protection from multiple entities for a few minutes.'),
(213, 'Light', 1, 1, 6, 14, '6', '4 yards ', 'Rank + 5 minutes', 'Summons a sphere of light', 0, 'The Light spell taps into the astral plane, releasing some energy to create a magical light. The magician holds his hand out and makes a Spellcasting (6) Test. If successful, a floating, glowing sphere about the size of an orange forms in his upturned palm, providing the magician with illumination in a 10-yard radius. As the magician moves, he carries the light around with him. The magician can direct the independent movement of the sphere within the spell\'s range, but this requires his concentration that round. He may move the light toward a character or object, placing it on or transferring it to the target if he makes a successful Spellcasting Test against the target\'s Spell Defense. The magician can no longer move the sphere of light once he has placed it on or given it to another character or object. A magician can also blind a character by directing the movement of the light to cover the target\'s eyes. This is more difficult than simply placing it on the character; the magician makes a Spellcasting Test against the target\'s Spell Defense. On a Good Result, the target character is \"dazzled\" by the sphere\'s light and suffers a Partial Darkness penalty to his sight-based Action Tests. Target characters who don\'t require vision to \"see\" are unaffected by this spell. When cast on objects, the magician may extend the duration to a year and a day by taking 1 Blood Magic Damage. This damage cannot be healed until the spell ends.'),
(214, 'Lighten Load', 4, 1, 9, 16, 'Target\'s Spell Defense', '10 yards ', 'Rank + 7 hours', 'WIL + 3', 0, 'Air. This spell temporarily reduces the weight of objects within the area of effect. The magician bends and grimaces as if lifting something heavy, then stands upright and makes a Spellcasting Test against the highest Spell Defense among the objects in the area of effect. If successful, the magician makes an Effect Test, reducing the combined weight of all of the objects by Test Result × 50 pounds, to a minimum of 10 pounds. The target objects must be stationary when the spell is cast. It cannot be directed against a falling object in an attempt to reduce its weight, for instance.'),
(215, 'Lightning Bolt', 3, 1, 10, 15, 'Target\'s Spell Defense', '10 yards ', '1 round', 'WIL + 5/Physical (non-metal)', 0, 'Air–Electric. The Lightning Bolt spell strikes the target with bolts of electricity. The magician raises his hands toward the sky, then points at the target and makes a Spellcasting Test against the target\'s Spell Defense. If successful, crackling bolts of electricity fly from the magician\'s fingers, striking the target. The magician\'s Effect Test determines how much damage is inflicted.'),
(216, 'Lightning Cloud', 7, 4, 12, 18, 'Target\'s Spell Defense', '48 yards ', 'Rank + 5 rounds', 'WIL + 10/Physical (non-metal)', 0, 'Air–Electric. This spell conjures a swirling black and purple cloud that crackles with electricity. The cloud finishes forming when the last spell thread is woven. The magician draws lightning from the cloud and hurls it at an opponent, making a Spellcasting Test against the target\'s Spell Defense. If successful, the magician\'s Effect Test determines how much damage is inflicted. Each round of the spell\'s duration, the magician may make another Spellcasting Test to gather and hurl a bolt of lightning from the cloud at the same or a different opponent within the spell\'s range.'),
(217, 'Lightning Shield', 4, 0, 0, 16, 'Target\'s Spell Defense', 'Touch', 'Rank + 7 rounds', 'WIL + 3/Mystic', 0, 'Air–Electric. This spell charges a shield with electricity, jolting anyone who strikes it. The magician snaps his fingers, creating a spark of electricity which leaps to the target\'s shield, then makes a Spellcasting Test against the higher of the shield\'s or its bearer\'s Spell Defense. If successful, the front surface of the shield hisses and pops, coruscating with blue-white electricity. Close combat attacks directed against the shield risk striking it. An attacker requires a Good Result on his Attack Test to avoid hitting the front surface of the shield. On a Pathetic Result, the attacker misses his opponent, but squarely hits the front of the shield. On an Average Result, the attacker hits the shield\'s bearer, but also strikes the shield\'s surface. If the shield is struck, the bearer\'s Effect Test determines how much damage is inflicted on the attacker. An attacker can use the Going Inside a Shield combat option (p. 224) to bypass the shield. If successful, he avoids the spell\'s effect that round. A character with a Lightning Shield spell cast on his shield and who is using the Shield Charge talent or skill to attack an opponent, makes a separate Effect Test to determine the electrical damage inflicted from a successful Attack Test. Knockdown Test bonuses from a successful Shield Charge still apply to Knockdown Tests made as a result of damage received from this spell.'),
(218, 'Lightning Step', 4, 3, 10, 17, 'Target\'s Spell Defense', 'Self', 'Rank + 3 rounds', 'WIL + 2', 0, 'Air–Electric. This spell electrically charges the magician, enhancing his movement. The magician must be standing under the open sky with wet feet. He rubs his feet back and forth on the ground, then makes a Spellcasting Test against his natural Spell Defense. If successful, coruscating green lightning surrounds the magician\'s feet. The magician moves around on a sizzling, onefoot- wide lightning bolt that pops with every Step, jumping him around from place to place, and adds +2 to his Movement Rate and Physical Defense for the spell\'s duration. In combat, he makes an Effect Test in place of his Initiative Test while the spell is in effect (normal Initiative modifiers apply).'),
(219, 'Liquid Arrow', 4, 1, 10, 17, 'Target\'s Spell Defense', '32 yards ', '1 round', 'WIL + 9/Physical', 0, 'Water. This spell forms a missile from a small quantity of water. The magician scoops up a handful of water, then hurls it at the target and makes a Spellcasting Test against the target\'s Spell Defense. If successful, the liquid transforms into an arrow which strikes the target. The magician\'s Effect Test determines how much damage is inflicted.'),
(220, 'Liquid Eyes', 7, 3, 13, 23, 'Target\'s Spell Defense', '16 yards ', 'Rank rounds', 'Blinds target', 0, 'Water. This spell directs a blinding gel at a character\'s eyes. The magician makes a Spellcasting Test against the target\'s Spell Defense. If successful, the target\'s eyes fill with a liquid gel, rendering him blind for the spell\'s duration. The Result Level determines the severity. On an Average Result the target suffers a Partial Darkness penalty to his sight-based Action Tests; a Good Result imposes a Full Darkness penalty; an Excellent Result imposes a Complete Darkness penalty. Each round, the target may make a Willpower (18) Test. If successful, the spell ends, restoring his eyes (and sight) to normal.'),
(221, 'Living Wall', 6, 2, 12, 22, '6', 'Touch', 'Rank + 3 minutes', 'WIL + 3', 0, 'Wood. This spell creates a barrier of living plants and thorny vines. The magician cuts a line in the earth, then touches the ground and makes a Spellcasting (6) Test. If successful, a wall of plants and thorny vines sprouts from the line, up to the area of effect in size. The barrier inhibits physical and astral passage with Physical and Mystic Armor Ratings equal to the magician\'s Spellcasting Rank. The magician\'s Effect Test determines the wall\'s Death Rating. Damage equal to or in excess of the wall\'s Death Rating allows egress through the wall for one character that round, before the plants grow to cover the gap. Any character trying to push his way through a gap in the wall suffers Step 4/D6 damage from the sharp thorns and branches (no armor provides protection).'),
(222, 'Loan Spell', 6, 2, 11, 15, 'Target\'s Spell Defense', 'Touch', 'Rank + 4 rounds', 'Loans spell to another', 0, 'This spell gives a character temporary access to a spell matrix. The magician designates which of his current spell matrices is being loaned, then hands the target a small object, such as a coin or token, and makes a Spellcasting Test against the target\'s Spell Defense. If successful, the target can cast the spell attuned to the \"loaned\" matrix. The target uses his own Spellcasting and Thread Weaving talents to cast the loaned spell. He must be capable of weaving any necessary threads for the loaned spell or have them woven already, as in the case of a \"loaned\" Enhanced Matrix. If the target does not know the Spellcasting talent or skill, he makes a Perception Test in place of a Spellcasting Test. While the spell matrix is on loan, the magician cannot use it to cast or reattune the spell stored in it.'),
(223, 'Lodestone\'s Touch', 4, 2, 13, 17, 'Target\'s Spell Defense', '6 yards ', 'Rank + 5 minutes', 'WIL + 3', 0, 'Earth—Metal. This spell magnetizes the target. The magician taps two metal objects together, then points at the target and makes a Spellcasting Test against the target\'s Spell Defense. If successful, the target becomes powerfully magnetized and attracts all loose iron or steel objects within 2 yards (1 hex). Items stuck to the target may weigh down or encumber him. The magician\'s Effect Test determines the effective Strength Value of the magnetic force. Those within the area of effect must make a successful Strength Test against the spell\'s Strength Step to hold on to metallic items or resist being drawn toward the target if they are wearing metal armor (and the spell\'s strength is sufficient to move their body weight). Any opponents directing metallic missile or throwing weapons at the target gain a +3 bonus to their ranged Attack Tests. Any opponents using metallic weapons to make melee attacks against the target gain a+3 bonus to their melee Attack Tests, but may need to make a successful Strength Test against the spell\'s Strength Step to pull their weapon free.'),
(224, 'Mage Armor', 5, 1, 12, 16, 'Target\'s Spell Defense', 'Touch', 'Rank + 7 minutes', '+4 Physical Armor', 0, 'This spell enhances the toughness and resilience of armor. The magician punches the armor, uttering a soft \"thudding\" sound, as if an ineffectual blow had landed, and makes a Spellcasting Test against the higher of the armor\'s or its wearer\'s Spell Defense. If successful, add +4 to the armor\'s Physical Armor for the spell\'s duration. Armor that has been enchanted with this spell has a faint violet glow that is noticeable in the dark or with astral sight. Natural Armor cannot be enhanced by this spell.'),
(225, 'Makeshift Missile', 5, 1, 9, 15, 'Target\'s Spell Defense', 'Touch', 'Rank+2 rounds', 'WIL + 6/Physical', 0, 'This spell enchants a small object into a wickedly sharp throwing weapon. The item weighs the same as it did before the enchantment, so the spell is normally cast on small objects that can be easily thrown, such as rocks, tankards, and the like. The magician touches the item and makes a Spellcasting Test against the target object\'s Spell Defense. If successful, the object may be thrown at an opponent with a thrown Attack Test, as normal. There is no penalty for throwing an unbalanced or improvised object as the spell \"streamlines\" the missile (see Thrown Attacks, p. 232). If the opponent is struck, the attacker makes an Effect Test in place of a Damage Test for the weapon. The object reverts to its original form when the spell ends.'),
(226, 'Makeshift Weapon', 6, 1, 10, 15, 'Target\'s Spell Defense', 'Touch', 'Rank + 5 rounds', 'WIL + 8/Physical', 0, 'This spell enchants a small object into a slim, extremely keen, melee weapon. The object weighs the same as it did before the enchantment, so the spell is normally cast on light objects that can be wielded easily. The magician touches the item and makes a Spellcasting Test against the target object\'s Spell Defense. If successful, the object may be wielded against an opponent with a melee Attack Test, as normal. There is no penalty for using an improvised weapon as the spell \"balances\" the weapon (see Melee Attacks, p. 229.) If the opponent is struck, the wielder makes an Effect Test in place of a Damage Test for the weapon. The object reverts to its original form when the spell ends.'),
(227, 'Marathon Run', 7, 3, 13, 20, 'Target\'s Spell Defense', '32 yards ', 'Rank + 1 minutes', 'Forces target to flee', 0, 'This spell summons a spirit to force a character to run wildly away. The magician runs on the spot and makes a Spellcasting Test against the target\'s Spell Defense. If successful, a spirit temporarily possesses the target, who runs at his fastest Movement Rate away from the magician for the spell\'s duration. Each round, the target may make a Willpower Test against the magician\'s Willpower Step. If successful, he regains control, banishing the spirit and ending the spell.'),
(228, 'Massive Missiles', 8, 4, 12, 21, 'Target\'s Spell Defense', '100 yards ', 'Rank + 3 rounds', 'WIL + 12/Physical', 0, 'This spell increases the size and effectiveness of missile weapon projectiles. The magician holds an arrow, bolt, or sling bullet from each target benefiting from the spell, and makes a Spellcasting Test against the highest Spell Defense among the target group, +1 for each additional target. If successful, the targets make an Effect Test in place of a Damage Test for their missile attacks for the spell\'s duration. The magician may affect up to Spellcasting Rank targets.'),
(229, 'Memory Blank', 4, 2, 10, 17, 'Target\'s Spell Defense', '2 yards ', 'Rank + 1 hours', 'WIL + 4', 1, 'Illusion. This spell temporarily suppresses memories. The magician looks at the target and asks, \"what was that?,\" then makes a Spellcasting Test against the target\'s Spell Defense. If successful, he makes an Effect Test against the target\'s Willpower Step. If successful, the target forgets the events of one minute per Result Level. A target can be affected in the middle of a sentence or action, in which case he likely forgets what he was doing and why. A successful Disbelief Test ends the spell, after which the target recalls everything that he forgot. The magician may extend the duration to a year and a day by taking 3 Blood Magic Damage. This damage cannot be healed until the spell ends.'),
(230, 'Memory Scribe', 6, 3, 12, 19, 'Target\'s Spell Defense', 'Touch', 'Rank + 1 hours', 'WIL + 6', 1, 'Illusion. This spell alters a character\'s memory, making him recall things differently from how they really occurred. The magician touches the target and makes a Spellcasting Test against the target\'s Spell Defense. If successful, he makes an Effect Test against the target\'s Willpower Step. If successful, the magician may change one fact that the target remembers about a particular topic or event per Result Level. A successful Disbelief Test ends the spell. The target also makes a Perception Test as a Sensing Test each time he \"recalls\" the false memory. If successful, or when the spell ends, the target\'s memory returns to normal. The magician may extend the spell\'s duration to a year and a day by taking 3 Blood Magic Damage. This damage cannot be healed until the spell ends.'),
(231, 'Mental Library', 6, 3, 12, 19, 'Target\'s Spell Defense', 'Self', 'Rank hours', '+10 to Book Memory Rank', 0, 'This spell greatly increases the magician\'s capacity for memorizing text using the Book Memory talent (p. 63). The magician makes a Spellcasting Test against his natural Spell Defense. If successful, he adds +10 Ranks to his Book Memory Rank, also improving his Book Memory Step. During the spell\'s duration, the magician should copy down any memorized texts in excess of his normal Book Memory Rank limit if he wants to retain them. Otherwise, he cannot retrieve them once the spell ends, even through use of the Book Recall talent (p. 63).'),
(232, 'Metal Scream', 5, 1, 11, 17, 'Target\'s Spell Defense', '40 yards ', 'Rank + 1 rounds', 'WIL + 5', 0, 'Earth—Metal. This spell causes metal objects to scream and wail. The magician grimaces and silently mouths horrible cries, then makes a Spellcasting Test against the highest Spell Defense among the target group, +1 for each additional target. If successful, all metal objects carried or wielded by those affected begin to scream and shriek with a piercing, unnerving effect. Affected targets make a Willpower Test against the Effect Step. If failed, the target f lees away from the magician at his fastest Movement Rate until out of range of the spell. If successful, the target suffers a –5 penalty to Willpower-based Tests from the high-pitched screaming while he remains within range. The magician may affect up to Spellcasting Rank targets.'),
(233, 'Metal Wings', 5, 2, 8, 18, 'Target\'s Spell Defense', 'Touch', 'Rank + 20 minutes', 'Flight; +5 bonus to lifting Strength Tests', 0, 'Earth—Metal. This spell creates shiny metal wings, which sprout forth from a character\'s shoulders, allowing him to fly. The magician touches the shoulder of the target, then spreads his arms wide and makes a Spellcasting Test against the target\'s Spell Defense. If successful, gleaming silver metal wings appear on the target\'s back. The wings allow him to fly at a Movement Rate of 8.'),
(234, 'Mind Dagger', 1, 0, 0, 7, 'Target\'s Spell Defense', '16 yards ', '1 round', 'WIL + 2/Mystic', 0, 'This spell attacks an opponent by sheer force of will. The magician whips his arm forward as if throwing a dagger and makes a Spellcasting Test against the target\'s Spell Defense. If successful, his Effect Test determines how much damage is inflicted.'),
(235, 'Mind Fog', 3, 1, 8, 15, 'Target\'s Spell Defense', '24 yards ', 'Rank rounds', 'WIL + 6', 0, 'This spell makes a character forget what he was about to do. The magician scratches his temple as if trying to remember something, then makes a Spellcasting Test against the target\'s Spell Defense. If successful, the target can only react to actions made against him, until he remembers what it is he wants to do. The magician\'s Effect Test determines how effective the spell\'s masking effect is. Each round, the target may make a Willpower Test against the Test Result. If successful, the target recovers his wits and can act normally again.');
INSERT INTO `ed_spells_v3` (`id`, `name`, `circle`, `threads`, `weaving_diff`, `reattunement_diff`, `casting_diff`, `range`, `duration`, `effect`, `illusion`, `description`) VALUES
(236, 'Monstrous Mantle', 2, 2, 8, 13, 'Target\'s Spell Defense', 'Touch', 'Rank + 5 rounds', 'Increases the combat prowess of a target character', 1, 'Illusion. This spell improves a character\'s combat prowess. The magician makes snarling and growling sounds, then touches the target and makes a Spellcasting Test against the target\'s Spell Defense. If successful, twin helixes of light form around the target, rotating and spinning into the form of a monstrous creature. The target gains a +3 bonus to his Attack and Damage Tests and adds +3 to his Physical Defense. The illusion does not give the target any special attack forms or abilities. For example, if the magician places the illusion of a giant crakbill onto a Swordmaster, the target does not get the breath attack, nor can he make the running attack, of a crakbill. The illusion of the \"breath attack\" appears to those viewing it, but the Swordmaster can only inflict damage by striking an opponent with his sword—the \"breath attack\" does no damage at all, illusory or real. This illusion is most effective if the magician has fought the creature depicted. If this isn\'t the case, those interacting with the illusion gain a +3 bonus to their Sensing and Disbelief Tests. If the magician has never encountered this type of creature, those interacting with the illusion gain a further +3 bonus to their Sensing Tests. Any Attack Tests made against the target are considered Sensing Tests.'),
(237, 'Moonglow', 1, 0, 0, 10, '6', '10 yards ', 'Rank + 5 minutes', 'Creates sphere of light', 0, 'This spell creates a small sphere of light. The magician points where the spell is centered and makes a Spellcasting (6) Test. If successful, a globe of softly glowing light fills a 10-yard (5-hex) radius sphere. The light is bright enough to see by at night or in Complete darkness—equivalent to torchlight. It does not provide adequate illumination to read or execute precise work for an extended period.'),
(238, 'Mount Scare', 1, 1, 5, 13, 'Target\'s Spell Defense', '20 yards ', 'Rank + 5 rounds', 'Spooks mount', 0, 'This spell scares an opponent\'s mount. The magician snorts loudly, then makes a Spellcasting Test against the higher of the rider\'s or his mount\'s Spell Defense. If successful, the target mount runs away from the magician in fear at its fastest Movement Rate for the spell\'s duration. On an Extraordinary Result, the animal bucks its rider off before bolting. The rider makes a Knockdown Test against the Spellcasting Test. If failed, he falls off the mount and is Knocked Down, taking Step 5/D8 Falling damage (see Mounted Combat, p. 233). Each round, the target may make a Willpower Test against the magician\'s Willpower Step. If successful, the mount overcomes its fear and the spell ends. The spell works equally well against tame and wild animals, though it was originally designed to be used against mounted troops during times of war.'),
(239, 'Move on Through', 7, 0, 0, 17, 'Target\'s Spell Defense', '48 yards ', '1 round (see text)', 'WIL + 4', 0, 'This spell forces a character into continuous movement. The magician nods his head at a moving target, then bows low in a mocking fashion and makes a Spellcasting Test against the target\'s Spell Defense. If successful, the magician makes an Effect Test against the target\'s Strength Step. If successful, the target is forced to continue his current movement during the next round in the same direction and at the same speed.'),
(240, 'Multi-Mind Dagger', 6, 0, 9, 22, 'Target\'s Spell Defense', '16 yards ', '1 round', 'WIL + 2/Mystic', 0, 'A variant of the Mind Dagger spell (p.185), this spell attacks multiple targets at once. The magician declares up to Spellcasting Rank targets within range and line of sight, before he begins weaving spell threads. He must weave one thread for each declared target. Once all the threads have been woven, the magician compares his Spellcasting Test against each target\'s Spell Defense. If successful, his Effect Test determines how much damage is inflicted. Targets that move out of range or line of sight cannot be affected, although the magician must still weave the declared number of spell threads to be able to be cast the spell against any remaining targets.'),
(241, 'Multi-Missile', 4, 2, 8, 17, 'Target\'s Spell Defense', 'Touch', '1 round', 'Creates four missiles', 1, 'Illusion. This spell adds a number of illusory missiles to a character\'s missile attack. The magician mimics loading a missile weapon of the same type that the target is wielding, then touches the target\'s weapon and makes a Spellcasting Test against the higher of the wielder\'s or his weapon\'s Spell Defense. If successful, four additional missiles of the type appropriate to the weapon are added to those fired by the target. The target makes an Attack Test as normal. If the real missile hits, so do all of the illusory missiles; if the real missile misses, so do all of the duplicates. Each of the four duplicate missiles inflicts Step 4/D6 damage on the target, rolled separately for each missile (Physical Armor provides protection). The defender\'s Avoid Blow Test (or similar defensive Action Tests) is considered a Sensing Test (see Illusions, p. 139).'),
(242, 'Mystic Net', 7, 3, 13, 20, 'Target\'s Spell Defense', 'Self', 'Rank + 2 minutes', 'WIL + 8', 0, 'This spell is an area-effect version of the Binding Threads spell (p. 153). The magician mimics tying several lengths of string together in a complex knot, then makes a Spellcasting Test against the highest Spell Defense among any character within the area of effect. If successful, a mass of glowing magical threads leaps from his hands, forming a net to entangle the targets. Bound targets struggle to use their limbs and are Harried, except for Strength Tests to break free. The magician\'s Effect Test determines the net\'s Strength Value, used to determine the Strength Step for any Strength Tests made to escape the bonds. The magician may affect up to Spellcasting Rank targets.'),
(243, 'Mystic Shock', 5, 2, 11, 21, 'Target\'s Spell Defense', '4 yards ', '1 round', 'WIL + 10/Mystic', 0, 'This spell damages a character by channeling astral energy through an object or surface. The spell does not require line of sight and can be cast through any object or surface, including floors and walls, that both magician and target are touching. The magician makes a Spellcasting Test against the target\'s Spell Defense. If successful, his Effect Test determines how much damage is inflicted.'),
(244, 'Netherblade', 8, 2, 14, 17, 'Target\'s Spell Defense', 'Touch', 'Rank + 6 rounds', 'WIL + 8/Mystic', 0, 'This spell magically enhances a melee weapon so it can be used against opponents in astral space. The magician touches the melee weapon and makes a Spellcasting Test against the higher of the wielder\'s or the weapon\'s Spell Defense. If successful, he makes an Effect Test against a Difficulty Number equal to the weapon\'s Damage Step + the wielder\'s Strength Step. If successful, the melee weapon takes on a dark, smoky luster. During the spell\'s duration the weapon cannot be used against targets in the physical world—it simply passes through them, leaving them slightly chilled but unharmed. The wielder must be able to see a target in astral space to hit it. Most often, this means the wielder must use the Astral Sight talent, or a similar ability or spell.'),
(245, 'Nightflyer\'s Cloak', 4, 2, 7, 17, 'Target\'s Spell Defense', 'Self', 'Rank + 10 minutes', 'Transforms caster into a nightflyer', 0, 'This spell allows the magician to assume the form of any creature able to be affected by the Command Nightflyer spell (p. 159). The magician must know the Command Nightflyer spell as a prerequisite. The magician mimics pulling on a cape or cloak, then whispers the type of creature he is attempting to turn into and makes a Spellcasting Test against his natural Spell Defense. If successful, he transforms into the designated type of nightflyer. Clothing or equipment worn by the magician is transformed with him—it reappears when the spell ends. While in nightflyer form, the magician can use all of that creature\'s normal abilities, including flight and enhanced senses. He cannot speak or cast spells, however, but he can use talents and other abilities requiring only thought or eye contact. Because the magician \"becomes\" a nightflyer, he also becomes vulnerable to Command Nightflyer spells cast by others against him. The magician may dispel the transformation anytime he wishes by spending a Standard Action.'),
(246, 'Nightmare of Foreboding', 4, 5, 10, 17, 'Target\'s Spell Defense', '20 yards ', 'Rank days', '–6 to target\'s Wound Threshold', 0, 'This spell dramatically weakens a victim through the sending of sinister dreams. The magician must be able to see the sleeping target. He faces the target and throws sand and soot into the air, then draws an \"X\" in the falling debris and makes a Spellcasting Test against the target\'s Spell Defense. If successful, the target experiences a terrifying nightmare of helplessness and weakness in the face of danger. When the target wakes, he subtracts –6 from his Wound Threshold (to a minimum of 1) for the spell\'s duration. This spell is often used as a death threat or to cause convenient \"accidents.\" Rumor has it that the spell was first created and used by members of the Hand of Corruption—a secret society—and those who use it are often suspected of working with the group.'),
(247, 'Noble Manner', 5, 0, 0, 10, 'Target\'s Spell Defense', 'Touch', 'Rank + 3 minutes', '+5 bonus to target\'s Interaction Tests', 1, 'Illusion. This spell makes a character appear of a higher social status than he actually is. The magician adopts a haughty expression, slowly softening it to a smile, then makes a Spellcasting Test against the target\'s Spell Defense. If successful, the target gains a +5 Interaction Test bonus during the spell\'s duration, as long as he acts as if he were from a superior social station. The target may be arrogant, gracious, friendly, condescending, etc, but he must behave as if he is from a social class a cut above the listener or any Interaction Tests made against him are considered Sensing Tests.'),
(248, 'Nobody Here', 3, 1, 10, 18, 'Target\'s Spell Defense', 'Self', 'Rank + 8 minutes', 'WIL + 8', 1, 'Illusion. This spell hides characters from others. The magician concentrates on the thought of \"nobody here\" and makes a Spellcasting Test against the highest Spell Defense among any targets (including himself) within the area of effect. If successful, those affected become invisible to anyone outside the area of effect able to view them. Once cast, the spell\'s effect does not move with the magician. Targets who exit the area of effect become visible to others—they regain their invisibility by moving back inside the circle. The magician\'s Effect Test determines the spell\'s Sensing Difficulty. A character who walks into the area of the illusion makes a Perception Test as a Sensing Test (see Illusions, p. 139). The viewing character adds a +3 bonus to his Perception Test if a concealed target manipulates the environment in a way that requires explanation, such as moving books in plain sight, opening or shutting doors, and so on; the viewing character gains a +5 bonus to his Perception Test if a concealed target makes physical contact with him. If successful, the illusion is revealed. If failed, the viewing character\'s sensory feedback is magically suppressed—his senses detect any characters that would normally be visible, but the knowledge is suppressed by the spell. If a concealed target causes damage to another character, the spell ends.'),
(249, 'Notice Not', 3, 1, 7, 15, 'Target\'s Spell Defense', 'Touch', 'Rank + 1 minutes', '+3 bonus to stealthy Action Tests', 0, 'This spell masks a character, making him less noticeable to others. The magician quietly touches the target and makes a Spellcasting Test against the target\'s Spell Defense. If successful, the target gains a +3 bonus to any Action Tests he makes that are aimed at concealment or stealth, such as Silent Walk Tests.'),
(250, 'Nutritious Earth', 5, 4, 8, 15, 'Target\'s Spell Defense', 'Touch', 'A year and a day', 'Makes land fertile', 0, 'Earth. This spell uses Blood Magic to enhance the rate at which land grows food. The magician pricks his hand with a sharp object and lets a drop of blood fall on the earth, taking 1 Blood Magic Damage (this damage can be healed after the spell ends), then makes a Spellcasting Test against the ground\'s Spell Defense. (usually 6) If successful, an area of soil up to 100 yards (50 hexes) in radius is enriched by magic, making the land especially fertile for a year and a day. Plants grow in this soil at roughly double their normal rate— the gamemaster determines the exact effects of this growth. Many kaers survived the Scourge by using this spell and it enabled many towns rebuilt in areas prone to bad weather to thrive on the surface. Rumor has it that questors of Jaspree from the town of Trosk are attempting to heal the Badlands through liberal use of the Nutritious Earth spell.'),
(251, 'Ork Stoke', 3, 1, 7, 15, 'Target\'s Spell Defense', '30 yards ', 'Instant', 'Sets off orkish gahad', 0, 'This spell sets off an ork\'s gahad in response to any comment, subject, or situation. The magician mutters under his breath, then openly makes a rude comment or gesture and makes a Spellcasting Test against the target\'s Spell Defense. If successful, the ork\'s gahad is stirred, but does not force them to succumb to it. The target may resist gahad as normal, incurring the usual penalties for doing so (p. 22). The spell can overcome the conditions which never set off an ork\'s gahad. Obviously, the spell only affects orks.'),
(252, 'Other Place', 8, 3, 9, 21, 'Target\'s Spell Defense', '1 mile', 'Rank + 3 hours', 'Links two doorways', 1, 'Illusion. This spell connects two entrances that are no more than a mile apart. The spell must be cast twice within a two-hour period, first on the destination portal and then on the departure portal. The magician makes a Spellcasting Test against his own natural Spell Defense for each portal. If both Tests are successful, characters passing through the departure entrance instantly cross the distance to the destination. The portals are linked by a warping of astral space. The warping is real, but the spell takes a number of illusory \"shortcuts\" that can be broken to disrupt the link. A successful Disbelief Test destroys the links and ends the spell.'),
(253, 'Pack Bags', 3, 1, 7, 11, '6', '6 yards ', '1 round', 'WIL–1', 0, 'This spell summons small spirits to pack the magician\'s belongings for him. The magician gathers all the items to be packed, ensuring the chests, satchels, or other containers to be packed are open, then makes a Spellcasting (6) Test. If successful, the air fills with swarming, multi-colored points of light—tiny spirits come to pack the bags. The magician\'s Effect Test determines the combined Strength Value of the spirits, which can pack a total weight of goods equal to their Carrying Capacity (p. 29).'),
(254, 'Pain', 3, 0, 0, 11, 'Target\'s Spell Defense', '4 yards ', 'Rank + 3 rounds', 'WIL', 0, 'This spell inflicts excruciating agony on a character. The magician makes stabbing motions with his hands and makes a Spellcasting Test against the target\'s Spell Defense. If successful, the target is racked with crippling waves of agony. Each round, the magician concentrates to make an Effect Test against the target\'s Willpower Test. If successful, the target is overcome by the pain and cannot perform any actions that round. While doubled over in agony, the target is considered Knocked Down. The spell has no effect on creatures that don\'t feel pain or are used to or inured against it. This includes undead, most Horrors and Horror constructs, and blood elves. If used against cadaver men (see the Gamemaster\'s Guide, p. 278) it immediately sends them into a frenzy, but doesn\'t immobilize them.'),
(255, 'Pass Ward', 5, 5, 13, 21, '6', 'Touch', 'Rank weeks (see text)', 'WIL + 12/Mystic', 0, 'This difficult spell places a ward on an area. The duration is determined by the number of spell threads woven. The minimum number of spell threads required is 5. If the magician weaves 6 threads, the duration is Spellcasting Rank months. If he weaves 7 threads, the duration is Spellcasting Rank years. The magician must weave all of the spell threads in seven rounds or less. If he fails, the spell fails, and the magician takes 5 Strain. The magician touches the area to be warded and makes a Spellcasting (6) Test. If successful, the ward is created with a Spellcasting Step equal to that of the magician at the time of casting. The magician may attach a key word or phrase to the ward when it is created, allowing those who speak it aloud to pass without triggering it. Whenever someone comes within 4 yards (2 hexes) of the ward without first uttering the correct key word or phrase, the ward makes a Spellcasting Test against the target\'s Spell Defense. If successful, the ward places a white star on the target and tells him to \"halt\" (or some other command chosen by the magician when the ward was created). Unless the target immediately stops or backs away, the ward makes another Spellcasting Test. If successful, the ward\'s Effect Test determines how much damage is inflicted. The ward can affect any number of targets in the same round—if a character enters the warded area in the same round as another target, the ward targets him as well. Once it has discharged, the ward expires at the end of the round.'),
(256, 'Path Home', 2, 2, 7, 14, 'Target\'s Spell Defense', '60 yards ', 'Rank + 20 minutes', 'Summons spirit wings to guide the caster home', 0, 'This spell summons a pair of spirit wings to guide the magician to a familiar place. The magician closes his eyes and envisions where he last slept, then makes a Spellcasting Test against the spirit\'s Spell Defense. If successful, a pair of shimmering wings appears, translucent and sparkling green or gold, which fly at a Movement Rate of 8 toward the last place the magician slept. The wings slow down or speed up on verbal command, but never stray beyond spell range of the magician.'),
(257, 'Pauper\'s Purse', 1, 0, 0, 7, 'Target\'s Spell Defense', 'Touch', 'Rank + 1 minutes', 'WIL + 4', 0, 'This spell makes a container hold less money than it really does. The magician touches the purse, cash box, or other container holding the money, then makes a Spellcasting Test against the higher of the wearer\'s or the item\'s Spell Defense. If successful, a number of coins are temporarily transferred from the container into an extra-dimensional pocket, invisible to those without any means of astral perception. The magician makes an Effect Test, transferring Test Result × 10 coins into the pocket. Those able to see into astral space can see the pocket if they make a successful Perception Test against the Effect Step. Even if successful, the coins remain inaccessible until the spell ends.'),
(258, 'Peacebond', 8, 3, 11, 21, 'Target\'s Spell Defense', 'Touch', 'Rank + 5 minutes', 'WIL + 10/NA', 0, 'This spell enforces peace. The magician touches the target and makes a Spellcasting Test against the target\'s Spell Defense. If successful, the target is peacebonded for the spell\'s duration. Whenever a successful attack is made against the target, he makes an Effect Test against the attacker\'s Spell Defense. If successful, the attacker takes the same damage from the attack as he inflicts on the target. The peace works both ways, however. If the target attacks someone, he makes an Effect Test against his opponent\'s Spell Defense. If successful, the target suffers the same damage inflicted from his own attack. The magician may extend the duration to a year and a day by taking 2 Blood Magic Damage. This damage can be healed when the spell ends.'),
(259, 'Perimeter Alarm', 8, 3, 10, 20, '6', 'Touch', 'Rank + 4 hours', 'WIL + 12', 0, 'This spell creates an alarm that alerts to activity within the area of effect. The magician walks the perimeter of the area that he intends to alarm, then stands in the center and makes a Spellcasting (6) Test. If successful, the area of effect glows briefly red and sounds twice to indicate it is armed. Whenever someone or something crosses this zone, the magician makes an Effect Test against the trespasser\'s Spell Defense. If successful, the trespasser is detected and the spell sounds an alert audible to every character within the perimeter, including the intruder. Those outside the perimeter hear nothing. The magician may freely pass the area defined by the spell without setting it off, as may those characters present when the spell was cast and who were standing within the area of effect. The magician may also define the minimum and maximum size of creature that the alarm will react to at the time of casting, thus ensuring the alarm is not accidentally set off by the normal activities of local fauna.'),
(260, 'Phantom Fireball', 5, 1, 11, 21, 'Target\'s Spell Defense', '40 yards ', '1 round', 'WIL + 8/Physical', 1, 'Illusion. This spell creates an illusory ball of flame, similar to that produced by the Fireball spell (p. 170). The magician makes a Spellcasting Test against the highest Spell Defense of any character in the area of effect. If successful, a small globe of fire erupts from his hand, moving quickly to the designated point of impact, expanding to the size of a beach ball then suddenly exploding in an intense gout of flame. The magician\'s Effect Test determines how much damage is inflicted on each target. If any target suffers a Wound, his Knockdown Test is considered a Sensing Test.'),
(261, 'Phantom Warrior', 3, 1, 7, 15, 'Target\'s Spell Defense', '4 yards ', 'Rank + 3 rounds', 'Creates three images of the target', 1, 'Illusion. This spell forms three phantom images of a character, making him more difficult to hit in combat. The magician moves his hands in slow, abstract patterns, then points at the target and makes a Spellcasting Test against the target\'s Spell Defense. If successful, three identical images of the target appear, remaining within 1 yard of the target at all times, occasionally overlapping with him as they move around. The images do not move in complete sync with the target—one image may swing a sword high, another swing low, and the third thrust home, while the target adopts a defensive stance. The images confuse opponents—the target adds +3 to his Physical Defense during the spell\'s duration. Attacks made by the target are more difficult for opponents to avoid or defend against—a –3 penalty is applied to any Avoid Blow, Parry, Riposte, or other defensive Action Test made in response to the target\'s attack. These Tests are considered Sensing Tests.'),
(262, 'Plant Feast', 3, 3, 6, 16, '6', '24 yards ', 'Rank + 1 hours', 'WIL + 8', 0, 'Wood. This spell converts any kind of plant material into a tasty feast. The spell requires three intact plants, no matter how scrawny. The magician cuts or tears the plants into small pieces, then makes a Spellcasting (6) Test. If successful, his Effect Test determines the number of meals produced. Each meal has the following parts: appetizer, soup, salad, bread, entree, vegetable, and dessert. All of the meals are identical. Although they can appear to contain meat, none actually do. They are as nutritious and tasty as their \"real\" counterparts, however. The spell only creates types of food that the magician has tasted within the last year and a day—a good reason for him to occasionally eat to excess on fine gourmands. Uneaten meals vanish when the spell ends.'),
(263, 'Plant Talk', 1, 0, 0, 7, '6', 'Touch', 'Rank + 10 minutes', 'Allows conversation with plant spirits', 0, 'Wood. This spell allows conversation with plants. The magician puts his ear to the target plant and makes a Spellcasting (6) Test. If successful, he can converse with the spirits who inhabit the plant, rather than with the plant itself. Plant spirits vary widely in intellect, but are a considerable Step up from the plants they inhabit. They vary in temperament as much as characters do—some may be willing to talk, or grumpy and taciturn, or even sleepy from lying in the sun. Plant spirits are only aware of events that happen within 4 yards (2 hexes) of their roots. The spirits only inhabit living plants. When their old host dies, they must seek a new plant.'),
(264, 'Pleasant Visions', 5, 1, 9, 18, 'Target\'s Spell Defense', '24 yards ', 'Rank + 3 minutes', 'Creates visions that prevent targets from acting', 1, 'Illusion. This spell distracts characters with pleasant thoughts and fantasies. The magician remembers a pleasant scene or experience, then makes a Spellcasting Test against the highest Spell Defense among the target group, +1 for each additional target. If successful, the targets\' heads are filled with pleasant thoughts and sensations. They will not take any actions, other than Disbelief Tests, until the visions are dispelled or they take damage. An affected target who suffers damage makes a Willpower Test with a +5 bonus as a Sensing Test (see Illusions, p. 139). The magician may affect up to Spellcasting Rank targets.'),
(265, 'Pocket Guardian', 2, 3, 7, 13, 'Target\'s Spell Defense', 'Self', 'Rank + 1 days', 'Summons diminutive spirit guardian', 0, 'This spell summons a diminutive spirit to guard the magician\'s pocket or pouch. The magician pats his pocket or pouch and makes a Spellcasting Test against the spirit\'s Spell Defense. If successful, a guardian spirit is summoned to reside within the pocket, often appearing as a small rat or large stinging insect. It will permit the magician to insert and remove items from the pocket, but cannot leave it. The spirit attacks anyone else who reaches into the pocket, making as much noise as possible to alert the magician. Unless the character is forewarned of the guardian\'s presence, the spirit usually gains Surprise (p. 228) against the pickpocket.'),
(266, 'Porter', 3, 2, 9, 15, 'Target\'s Spell Defense', '15 yards', 'Rank days', 'WIL', 0, 'This spell creates a semi-sentient being to carry gear. The magician spends half an hour making an earthen mound, molding it into a humanoid shape. Running his hands over the length of the figure, he makes a Spellcasting Test against the porter\'s Spell Defense. If successful, the mound becomes animated, lifting its body up from where it lies and standing upright. The porter travels with its feet still attached to the ground, which ripples under and around it to let it pass. Once the porter is animated, the magician\'s Effect Test determines its Strength Value, from this the porter\'s Strength Step and Carrying Capacity are derived (see Determining Characteristics, p. 27, and Carrying Capacity, p. 29). The porter must remain within range of the magician at all times or the spell ends. While animated, the porter obeys the magician\'s commands to \"halt\" or \"follow.\" It understands and carries out simple instructions involving loading and unloading goods. The magician must provide suitable containers (backpacks, sacks, and so on) to hold goods he wants the porter to carry.'),
(267, 'Preserve', 3, 2, 7, 12, '6', 'Touch', 'Rank days', 'Stops target decaying', 0, 'This spell keeps inanimate matter from spoiling or decaying. The magician touches an item and makes a Spellcasting (6) Test. If successful, all items within a 2-yard (1-hex) radius of the item touched are held in stasis and do not decay or rot for the spell\'s duration. Magicians often use this spell to preserve cadavers for study, as well as for more mundane tasks such as preserving alchemical ingredients.'),
(268, 'Puddle Deep', 3, 1, 7, 15, '6', '6 yards ', 'Rank + 3 minutes', 'WIL/NA', 0, 'Water. This spell increases the depth of a small puddle. The puddle must be a body of water no bigger than the area of effect. The magician makes a Spellcasting (6) Test. If successful, he compares his Effect Test against the Spell Defense of anyone standing in or attempting to cross the puddle. If failed, the puddle as treated as a normal puddle. If successful, the target falls into the puddle, which increases in depth by Effect Step yards, and must climb out or risk drowning. While in the puddle, the target is Harried for all actions except attempts to clamber out. Each round, the target makes a Dexterity or Climbing Test against the Effect Test. If successful, he crawls out. If failed, he remains in the puddle. On a Pathetic Result, the target breathes in a lungful of dirty water— the magician makes a separate Effect Test to determine how much damage is inflicted. Anyone in the puddle when the spell ends finds himself sitting, wet and bedraggled, in the original pool of water. The excess water in the puddle disappears when the spell ends.'),
(269, 'Purify Earth', 1, 1, 5, 13, '6', '10 yards ', '1 round', 'Purifies earth and soil', 0, 'Earth. This spell removes any impurities or foreign materials preventing soil from supporting plant life. The magician points at the center of the spell\'s area of effect, then makes a Spellcasting Test against the earth\'s Spell Defense. Soil that is largely untainted has a Spell Defense of 6; disease-ridden or poisoned earth resists with the Spell Defense of the disease or poison; earth that is Horror-tainted has a Spell Defense equal to that of the Horror. If successful, an area of soil is cleansed of impurities and is again able to sustain plant life.'),
(270, 'Purify Water', 1, 1, 5, 13, '6', 'Touch', '1 round', 'WIL + 8', 0, 'Water. This spell removes impurities from water. The magician smears a drop of water on his lips, then makes a Spellcasting Test against the water\'s Spell Defense. Water that is simply muddy has a Spell Defense of 6; disease-ridden or poisoned water resists with the Spell Defense of the disease or poison; water that is Horror-tainted has a Spell Defense equal to that of the Horror. Beverages with high water content, such as wine, juice, beer, or milk, can be purified by the spell, but the magician requires a Good Result. If successful, all of the flavorful \"impurities\" are removed, leaving behind pure water. The magician\'s Effect Test determines how many quarts of water or beverage are purified.'),
(271, 'Putrefy', 1, 0, 0, 9, 'Target\'s Spell Defense', '24 yards ', '1 round', 'Putrefies food', 0, 'This spell putrefies food with just a glance. The magician makes a swallowing noise and grimaces slightly, then looks at the food he wishes to putrefy and makes a Spellcasting Test against the higher of the Spell Defense of the food or anyone eating it. If successful, up to 20 pounds of food immediately turns rotten. When cast on the diner, all of the food he has eaten is putrefied.'),
(272, 'Quicken Pace', 3, 2, 10, 13, 'Target\'s Spell Defense', 'Touch', 'Rank + 4 hours', 'WIL + 4', 0, 'This spell increases walking speed. The magician walks briskly in a circle around the target, then touches him and makes a Spellcasting Test against the target\'s Spell Defense. If successful, the magician makes an Effect Test against the target\'s Dexterity Step. If successful, the target increases his Movement Rate by +1 per Result Level achieved for the spell\'s duration.'),
(273, 'Rampage', 6, 2, 12, 19, 'Target\'s Spell Defense', '10 yards ', 'Instant', 'Sets off orkish gahad', 0, 'This spell is an area-effect version of the Ork Stoke spell, p. 187, triggering a group of orks\' gahads in response to any comment, subject, or situation. The magician mutters under his breath, openly making a rude comment or gesture, then makes a Spellcasting Test against the highest Spell Defense among the target group, +1 for each additional target. If successful, the orks\' gahads are stirred. Affected targets may resist their gahads as normal, incurring the usual penalties for doing so. The spell overcomes conditions which never set off an ork\'s gahad (p. 22). Obviously, this spell only affects orks. The magician may affect up to Spellcasting Rank targets.'),
(274, 'Razor Orb', 6, 2, 11, 19, 'Target\'s Spell Defense', '40 yards ', '1 round', 'WIL + 15/Physical', 0, 'This spell creates a gleaming, spinning, orb of green light and force that is directed to deliver a devastating strike against a tough opponent. The magician makes a Spellcasting Test against the target\'s Spell Defense. The Result Level required to deliver an Armor-Defeating Hit is one lower than normal (a Good Result instead of an Excellent Result, for instance). If the target\'s armor does not allow an Armor-Defeating Hit, an Extraordinary Result will bypass it. If successful, the magician\'s Effect Test determines how much damage is inflicted.'),
(275, 'Rebel Limb', 7, 1, 16, 18, 'Target\'s Spell Defense', '24 yards ', 'Rank + 10 rounds', 'WIL + 4', 1, 'Illusion. This spell takes control of a limb. The magician shakes one of his own limbs loosely at the target, then makes a Spellcasting Test against the target\'s Spell Defense. If successful, he takes over one of the target\'s limbs, controlling its movement as long as the target is within range. The limb acts with any applicable physical talents or skills possessed by the owner—an arm can attack, a leg can kick, and so on. The magician\'s Effect Test determines how much control he has over the target\'s limb. Each round, the target may regain control by making a successful Disbelief Test against the Effect Test. If his limb is attacking him, the target gains a +3 Disbelief Test bonus.'),
(276, 'Recovery', 6, 3, 9, 20, 'Target\'s Spell Defense', 'Touch', '1 round', 'WIL + 15', 0, 'This spell boosts a character\'s life force. The magician touches the target and makes a Spellcasting Test against the target\'s Spell Defense. If successful, the target makes an Effect Test in place of one of his own Recovery Tests. If he has no Recovery Tests available, the spell has no effect.'),
(277, 'Relax', 4, 3, 9, 13, 'Target\'s Spell Defense', 'Touch', '1 round', 'WIL + 4', 0, 'This spell reduces the amount of time a character must wait between Recovery Tests (see Recovering From Damage, p. 220). Both magician and target must be sitting or lying down. The magician runs his hands over the target\'s body, then makes a Spellcasting Test against the target\'s Spell Defense. If successful, the magician makes an Effect Test, reducing the time that the target waits before he can make his next Recovery Test (usually an hour) by Test Result minutes. The target gains a +4 bonus to his next Recovery Test. If he has no Recovery Tests available, the spell has no effect.'),
(278, 'Remove Shadow', 2, 1, 6, 14, 'Target\'s Spell Defense', 'Touch', 'Rank + 5 minutes', 'Removes target\'s shadow and reflection', 0, 'This spell removes a character\'s shadow. The magician touches the target, pulling away what appears to be a fine veil of silky gray material that seems to fold in on itself and vanish, then makes a Spellcasting Test against the target\'s Spell Defense. If successful, the target casts no shadow, even in strong light, and shows no reflection in mirrors or other reflective surfaces. During the spell\'s duration, the target gains a +1 bonus to any Action Tests he makes to remain unseen or hidden. He also becomes immune to spells and powers that affect someone\'s shadow or reflection, such as the Shadow Tether spell, p. 195. Unfortunately, those without shadows or reflections are often believed to be Horror-touched.'),
(279, 'Repair', 3, 1, 9, 16, '6', 'Touch', 'Rank + 3 months', 'WIL + 5', 0, 'This spell uses elemental force to temporarily mend broken mundane objects. The magician touches the target object and imagines it whole, then makes a Spellcasting (6) Test. If successful, the pieces of the object rearrange themselves into their original shape. The magician\'s Effect Test determines the Strength Value of the bond holding the object together. Any missing parts remain missing, though generally, as long as the object has most of its pieces bound together, it can still function as it was originally intended.'),
(280, 'Repair Lock', 4, 3, 7, 15, 'Target\'s Spell Defense', 'Touch', 'Permanent', 'WIL + 8', 0, 'This spell fixes broken mundane locks, such as those forced open by the Shatter Lock spell, p. 196. The magician makes a clicking sound, then touches the broken lock and makes a Spellcasting Test against the lock\'s Spell Defense. If successful, his Effect Test determines how much damage to the locking mechanism is repaired. Most ordinary locks have a Death Rating ranging from 8 to 12; a solid wood bar might have a Death Rating of 20 or more, depending on the size; metal bars start at a Death Rating of 18. Once the lock\'s Death Rating is restored to its original level, the mechanism may be locked.'),
(281, 'Repel Animal', 2, 2, 6, 13, '6', '6 yards ', 'Rank + 1 hours', 'WIL + 6', 0, 'This spell creates a glowing white magical circle to keep out animals. The magician draws a circle on the ground, then touches the center and makes a Spellcasting (6) Test. If successful, his Effect Test determines the circle\'s Repulsion Difficulty. Any animal attempting to enter the circle makes a Willpower Test against the Repulsion Difficulty. If successful, the animal enters unhindered. If failed, the animal is gently pushed away from the circle. Any animal that leaves the circle must make another Willpower Test to re-enter. Only animals are affected by this spell—undead, Horrors, Horror constructs, or sentient beings can enter the circle freely.'),
(282, 'Resist Cold', 1, 0, 0, 7, 'Target\'s Spell Defense', 'Touch', 'Rank + 6 minutes', '+3 Physical and Mystic Armor vs. cold', 0, 'Water–Cold. This spell allows a character to better handle sudden or prolonged drops in temperature. The magician conjures frost upon the palm of his hand and makes a Spellcasting Test against the target\'s Spell Defense. If successful, the frost melts away as he touches the target. The target adds +3 to his Physical and Mystic Armor against cold-based damage.'),
(283, 'Resist Fire', 1, 0, 0, 7, 'Target\'s Spell Defense', 'Touch', 'Rank + 6 minutes', '+3 Physical and Mystic Armor vs. fire', 0, 'Fire. This spell allows a character to better handle sudden or prolonged rises in temperature. The magician conjures a small flame on the tip of each index finger and makes a Spellcasting Test against the target\'s Spell Defense. If successful, he touches the target on the eyebrows (or ridge above the eyes)—a bright flash singes the target\'s brows, but does no harm. The target adds +3 to his Physical and Mystic Armor against fire-based damage.'),
(284, 'Resist Poison', 5, 2, 11, 21, 'Target\'s Spell Defense', 'Touch', 'Rank hours', '+8 Toughness Test bonus vs. poison', 0, 'This spell enhances a character\'s resistance to poison. The magician prepares an infusion of herbs and fresh water, then administers it to the target and makes a Spellcasting Test against the target\'s Spell Defense. If successful, the target gains a +8 bonus to his Toughness Tests against the effects of poison for the spell\'s duration. The spell is ineffective against poisons that do not require a Toughness Test to resist, nor does it provide any benefit against corrosive substances such as acid.'),
(285, 'Restrain Entity', 7, 2, 14, 20, 'Target\'s Spell Defense', '10 yards ', 'Rank + 3 minutes', 'WIL + 12', 0, 'This spell traps an undead creature, Horror, Horror construct, or physically manifested spirit. The magician makes a Spellcasting Test against the target\'s Spell Defense. If successful, a brilliant circle of red light, limned with gold writing, encircles the target, preventing it from moving. The target can still communicate, assuming the magician wishes to talk to such a creature. Each round, the target may attempt to free itself by making a Willpower Test against the Effect Step. If successful, the restraint is broken and the spell ends.'),
(286, 'Restrain Horror', 8, 1, 13, 19, 'Target\'s Spell Defense', '10 yards ', 'Rank rounds', 'WIL + 16', 0, 'A quicker, more powerful version of the Restrain Entity spell, p. 192, this spell traps a Horror (not a Horror construct). The magician makes a Spellcasting Test against the target Horror\'s Spell Defense. If successful, a brilliant circle of red light encircles the Horror, preventing it from moving. The spell has a short duration, so a backup plan is advised. The magician\'s Effect Test determines the spell\'s Dispel Difficulty. Each round, the Horror may attempt to free itself by making a Willpower or Dispel Magic Test against the Dispel Difficulty. If successful, the restraint is broken and the spell ends.'),
(287, 'Reversal of Passion', 7, 2, 13, 20, 'Target\'s Spell Defense', '30 yards ', 'Rank + 3 rounds', 'WIL + 8', 0, 'This spell reverses a character\'s emotions. The magician mimics the target\'s facial expressions, then abruptly changes his expression to the opposite of what he is displaying and makes a Spellcasting Test against the target\'s Spell Defense. If successful, the target\'s emotions are reversed so that he feels the opposite of whatever he was feeling when the spell took effect—hate becomes love, greed becomes generosity, and so on. The target acts in accordance with the new emotion during the spell\'s duration. The magician makes an Effect Test. Each round, the target may make a Willpower Test against the Effect Test result. If successful, he regains control of his emotions and the spell ends. If the target is a questor, he may add his Questor Rank as a bonus to his Willpower Test.'),
(288, 'Reverse Withering', 7, 3, 11, 18, 'Target\'s Spell Defense', 'Touch', 'Rank + 3 rounds', 'Restores withered limb', 0, 'This spell reverses the effects of the Wither Limb spell, p. 209, restoring the injured limb. The magician touches the limb, infusing it with energy from another plane, then makes a Spellcasting Test against the target\'s Spell Defense. If successful, the limb returns to its normal condition. The withered limb is not instantly restored to full health. The target still suffers a –3 penalty to Action Tests made using the limb until the Wound associated with the withering is healed. After this Wound is healed, the limb returns to full strength.'),
(289, 'Ricochet Attack', 6, 1, 12, 19, 'Target\'s Spell Defense', '30 yards ', '1 round', 'WIL + 12/Physical', 0, 'This spell creates a ball of energy filled with glowing, glass-like shards which ricochet to hit multiple characters. The magician decides how many spell threads he will weave, which determines how many attacks he makes and which targets he intends to affect. He may weave a maximum number of threads equal to his Thread Weaving Rank. The magician conjures a glowing shard, which he gingerly pushes into the shape of a ball, then makes a Spellcasting Test and compares the result against each target\'s Spell Defense. If successful, his Effect Test determines how much damage is inflicted. If the number of attacks exceeds the number of declared targets, the ricocheting shards may attack the same target again. At least one attack must be directed against each target before the shards ricochet back into a target that has already been attacked. The Result Level required to hit the same target increases by one level for each successive attack above the first, to a maximum of an Extraordinary Result. The magician uses the same Spellcasting Test to determine the success of each additional attack. He must make a second attack against each target, even if unsuccessful, before he can make a third attack, and so on.'),
(290, 'Root Trap', 4, 0, 0, 20, '6', '4 yards ', 'Rank + 5 rounds', 'WIL + 2', 0, 'Wood. This spell creates a living trap from the roots of a nearby tree. The magician points at the tree, then makes a Spellcasting (6) Test. If successful, the tree roots become animated, attempting to grapple any character standing on them. A tree\'s roots usually grow out to a radius equal to the height of the tree—the bigger the tree, the larger the area of effect. The magician makes an Effect Test in place of an unarmed Attack Test as a Grappling attack (p. 230) against the target\'s Physical Defense. If successful, the tree roots grapple the target.'),
(291, 'Rope Guide', 1, 0, 0, 7, '6', 'Touch', 'Rank + 3 rounds', 'WIL + 4', 0, 'This spell animates the movement of a piece of rope. The magician touches the target rope and makes a Spellcasting (6) Test. If successful, the rope animates to wriggle along the ground within the area of effect at a Movement Rate of 5. By concentrating, the magician can direct the rope\'s movement. The rope uses the spell\'s Effect Step in place of its Dexterity Step if it is required to tie itself off or tie something up. The rope cannot pull any weight. A magician could direct the rope to tie itself around the bars of a window, but characters would still have to climb up or down the rope themselves.'),
(292, 'Rope Ladder', 2, 2, 6, 14, '6', 'Touch', 'Rank minutes', 'Create ladder from rope', 0, 'This spell creates a ladder out of a length of rope. The magician uncoils the rope, then makes a Spellcasting (6) Test. If successful, the rope moves at a Movement Rate of 5 to a location of the magician\'s choosing within the area of effect. The magician cannot control the rope with precision—it cannot tie itself off on the bars of a window, for example. The rope simply moves directly from point A to point B. Those climbing the rope gain a +4 bonus to their Climbing Tests. The rope can hold a maximum weight of 600 pounds.'),
(293, 'Rust', 3, 1, 7, 15, 'Target\'s Spell Defense', '12 yards ', '1 round', 'Reduces a weapon\'s Damage Step or an armor/shield\'s Physical Armor', 0, 'Water—Acid. This spell rapidly corrodes mundane metal items, generally those made of iron, steel, or other ferrous metals. The magician flings a handful of water at the target item, then makes a Spellcasting Test against the higher of the item\'s or its bearer\'s Spell Defense. If successful, the object quickly rusts away, permanently reducing a weapon\'s Damage Step, or a set of armor or a shield\'s Physical Armor, by –1 per Result Level. If the item\'s Damage Step or Physical Armor is reduced to zero, it rusts completely away to a gritty powder. If the item remains intact, it can be repaired using the Craft Weapon (p. 95) or Craft Armor skill (p. 94). A successful repair requires a week of work and a Good Result against a Difficulty Number equal to the item\'s original Damage Step or Physical Armor Rating. The effect of this spell on other metal objects is determined by the gamemaster.'),
(294, 'Safe Opening', 8, 2, 12, 19, 'Target\'s Spell Defense', '6 yards ', 'Rank + 5 rounds', 'WIL + 8', 0, 'This spell protects against traps or wards on doors or chests. The magician mimics opening the door or chest, then makes a Spellcasting Test against the object\'s Spell Defense. If successful, the magician makes an Effect Test against the highest Disarm Difficulty or Spell Defense of any traps or wards protecting the object from being opened. If successful, any wards or traps on the object are frozen for the spell\'s duration—they are not disarmed, merely temporarily inactive.'),
(295, 'Sanctuary', 5, 3, 11, 18, '6', 'Touch', 'Rank + 10 minutes', 'WIL + 8', 0, 'This spell magically seals all portals and entrances to a building, reinforcing them to keep out intruders. The spell must be cast inside a dwelling or other building no bigger than 100 square yards in size. The magician touches a window or door and makes a Spellcasting (6) Test. If successful, he adds his Effect Test to the building\'s Death Rating and his Spellcasting Rank to the building\'s Physical Armor.'),
(296, 'Sculpt Darkness', 5, 2, 11, 18, '6', '10 yards ', 'Rank + 4 minutes', '+4 bonus to stealth-based Action Tests', 0, 'This spell molds an existing area of darkness or shadow into any shape the magician desires. The darkness cannot change in volume, nor can actual objects be formed from it—only the shape of a given shadow can be made. The magician moves his hands as if shaping or sculpting an invisible medium, then makes a Spellcasting (6) Test. If successful, the darkness is molded into the desired shape. The spell masks the activity of anyone hidden within the darkness\'s depths—the character gains a +4 bonus to any stealth-based Action Tests he makes and adds +4 to the Detection Difficulty for Perception Tests made to detect him while he hides in the sculpted shadow. A shadow can only hide one character. At the gamemaster\'s discretion, this spell also adds a bonus of up to +4 to Spellcasting or Effect Tests for other shadow / darkness spells, such as Shadow Hunter or Ethereal Darkness, cast by a magician hiding in the sculpted shadow.'),
(297, 'Seal', 2, 1, 6, 11, '6', '20 yards ', 'Rank + 8 minutes', 'WIL + 6', 0, 'This spell magically closes and locks doors, windows, gates, or sealable containers. The magician makes a Spellcasting (6) Test. If successful, the target door, gate, window, or container shuts and remains closed for the spell\'s duration. The magician\'s Effect Test determines the Difficulty Number for Strength Tests made to open the sealed object. This spell cannot be cast on empty doorways or gateways—its use requires an actual door or container lid.');
INSERT INTO `ed_spells_v3` (`id`, `name`, `circle`, `threads`, `weaving_diff`, `reattunement_diff`, `casting_diff`, `range`, `duration`, `effect`, `illusion`, `description`) VALUES
(298, 'See the Unseen', 3, 1, 7, 15, 'Target\'s Spell Defense', 'Touch', 'Rank + 5 minutes', '+8 bonus to sight-based Perception Tests', 0, 'This spell allows a character to better see hidden things. The magician lightly touches the target\'s eyes, then makes a Spellcasting Test against the target\'s Spell Defense. If successful, he gains a +8 bonus to sight-based Perception Tests made to detect hidden objects or characters. The spell does not enable the target to see things that cannot normally be seen, such as Horrors lurking in astral space, although it will help when combined with a talent or ability that allows such astral viewing.'),
(299, 'Seeking Sight', 3, 1, 7, 15, 'Target\'s Spell Defense', 'Touch', 'Rank + 1 minutes', '+3 bonus to ranged Attack Tests made against the target', 0, 'This spell marks a character, making him easier to hit with ranged weapons. The magician makes a Spellcasting Test against the target\'s Spell Defense. If successful, glowing circles appear on the target. Anyone firing missile weapons at the target add a +3 bonus to their ranged Attack Tests.'),
(300, 'Send Message', 2, 1, 6, 14, 'Target\'s Spell Defense', 'Self (see text)', 'Rank rounds', 'Passes a paper message to a chosen target', 1, 'Illusion. This spell creates and transfers a message to a character within line of sight of the magician. The magician makes tiny, rapid gestures in the air to represent writing the note\'s text, then makes a Spellcasting Test against the target\'s Spell Defense. If successful, an illusory paper message is conjured in the target\'s hand, pocket, pouch, or elsewhere on his body (according to the magician\'s choice). The note may contain no more than a few short sentences, with a maximum number of words equal to the magician\'s Spellcasting Rank × 10.'),
(301, 'Sense Horror', 5, 2, 11, 18, '6', 'Self', 'Rank + 5 minutes', 'WIL + 8', 0, 'This spell senses the presence of Horrors or Horror constructs. The magician makes a Spellcasting (6) Test. If successful, he compares his Effect Test against the Spell Defense of any Horrors or Horror constructs within the area of effect. If successful, the magician senses the target\'s presence, though not its exact location or nature. The spell does not detect Horror Marks, but may pick up lingering traces of Horror corruption in a place, at the gamemaster\'s discretion.'),
(302, 'Shadow Hunter', 5, 3, 11, 18, 'Target\'s Spell Defense', '4 yards ', 'Rank + 1 hours', 'Summons a hunter spirit', 0, 'This spell conjures a vaguely humanoid form—featureless, save for faintly glowing red eyes—from a nearby dark or shadowy area. The magician makes a Spellcasting Test against the shadow hunter\'s Spell Defense. If successful, a hunter is summoned, which carries out a single task before dissolving back into its formless state. Shadow hunters can track and hunt their prey unerringly if the magician possesses a personal item belonging to the target—any Tracking Test the hunter is required to make is automatically successful. Shadow hunters can be affected by all types of weapons and magic, though their high Physical Defense reflects the difficulty of harming them with mundane weaponry. Although able to slip around in the shade during the day, shadow hunters are susceptible to light. Those employing a light-based attack against a shadow hunter gain a +4 bonus to Effect or Damage Tests. A shadow hunter that is trapped in an area of sunlight without any shadows to hide in is destroyed if it cannot get to shade within a round.'),
(303, 'Shadow Meld', 3, 2, 7, 15, 'Target\'s Spell Defense', 'Touch', 'Rank minutes', 'WIL + 6', 0, 'This spell allows a character to become virtually invisible in the shadows. The magician makes a Spellcasting Test against the target\'s Spell Defense. If successful, his Effect Test determines the Detection Difficulty for sight-based Perception Tests made to spot the target while he is in the cover of shadows or darkness. Though the target can still be seen normally in light, the presence of light does not end the spell—the target becomes near-invisible again by simply Stepping back into a shadow.'),
(304, 'Shadow Spell', 8, 2, 14, 21, 'Target\'s Spell Defense', '24 yards ', 'Rank + 1 rounds', 'WIL + 12', 0, 'This potent spell reduces the effectiveness of a magician\'s spells by diverting most of the power back into astral space. The magician makes a Spellcasting Test against the target magician\'s Spell Defense. If successful, the magician\'s Effect Test is subtracted from any spell Effect Tests made by the target. If the spell reduces a target\'s Effect Test to zero, the spell becomes a harmless shadow of itself—appearance without substance. Each round, the target may make a Willpower Test against the Effect Step. If successful, the spell ends. This spell does not affect talents, creature powers, or any form of magic other than spell magic.'),
(305, 'Shadow Tether', 8, 2, 16, 19, 'Target\'s Spell Defense', '20 yards ', 'Rank + 10 minutes', 'WIL + 7', 0, 'This spell anchors characters to the ground by their shadows. The magician may target a number of characters equal to his Spellcasting Rank. Both targets and their shadows must be visible to him. The magician makes a Spellcasting Test against the highest Spell Defense among the target group, +1 for each additional target. If successful, the targets\' shadows are affixed to the ground, holding their owners in place. The magician\'s Effect Test determines the strength of the bond. Each round, a target may make a Strength Test against the Effect Test to pull free of the spell\'s effect. If successful, he breaks free of his shadow. Targets who are tethered by their shadows are Harried.'),
(306, 'Shadow\'s Whisper', 2, 1, 6, 11, '6', '100 yards ', 'Rank + 3 minutes', 'WIL + 6', 0, 'This spell allows the magician to hear anything spoken next to any nearby shadows. The magician makes a Spellcasting (6) Test. If successful, he may make an Effect Test against the Spell Defense of a target within range. If successful, the magician hears any sound the target makes while he is within 2 yards (1 hex) of any shadow, including the target\'s own. The target may make a Perception Test against the Effect Test. If successful, he detects that he is being somehow observed.'),
(307, 'Shatter Lock', 3, 2, 6, 13, 'Target\'s Spell Defense', '6 yards ', '1 round', 'WIL + 8', 0, 'This spell forces locks open. The magician makes a cracking sound, then gestures toward the lock and makes a Spellcasting Test against the lock\'s Spell Defense. Against magical locks, if successful, he makes an Effect Test against the higher of the lock\'s Spell Defense or Dispel Difficulty. If successful, the lock opens or the locking spell is dispelled. Against mechanical locks, the Effect Test determines how much damage is inflicted to the locking mechanism. Most ordinary locks have a Death Rating ranging from 8 to 12; a solid wood bar might have a Death Rating of 20 or more, depending on the size; metal bars start at a Death Rating of 18. Once the damage to a mundane lock\'s Death Rating is equaled, the lock opens.'),
(308, 'Shattering Stone', 5, 1, 11, 21, 'Target\'s Spell Defense', '10 yards ', '1 round', 'WIL + 6/Physical', 0, 'Earth. This spell turns an ordinary stone into an explosive missile. The magician picks up a fist-sized stone, then throws it at the target and makes a Spellcasting Test against the highest Spell Defense of any character within the area of effect. If successful, the stone explodes into sharp fragments that scatter in all directions. The magician compares his Spellcasting Test against the Spell Defense of all characters within the area of effect. If successful, his Effect Test determines how much damage is inflicted on each target.'),
(309, 'Shield Mist', 2, 1, 6, 13, 'Target\'s Spell Defense', 'Self', 'Rank + 3 rounds', 'WIL + 6', 0, 'Air. This spell creates a shield of mist that hardens and moves to deflect blows directed against the magician. The magician moves his hands over his body while wisps of mist pour from his fingertips, then makes a Spellcasting Test against his natural Spell Defense. If successful, he makes an Effect Test in place of an Avoid Blow Test (p. 62) against close and ranged combat Attack Tests directed at him. If the Avoid Blow Test succeeds, the mist deflects the blow and the magician suffers no harm. There is no Strain cost for this Test. The shielding effect only works against attacks that the magician can see. The magician may make a number of Effect Tests each round equal to his Spellcasting Rank. Only one Test may be made against a single attack. The magician is visible within the mist and can easily see out. The mist does not hinder his actions.'),
(310, 'Shield of Warping', 4, 1, 10, 17, 'Target\'s Spell Defense', 'Touch', 'Rank + 5 rounds', 'WIL + 6', 0, 'Wood. This spell causes wooden weapons to bend and twist out of shape. The magician ties a strip of bark, grass, or other plant material to the target and makes a Spellcasting Test against the target\'s Spell Defense. If successful, the target is surrounded by a magical field that causes wooden or wooden-hafted weapons to bend and warp when they strike him. He makes an Effect Test against the Damage Step of any wooden weapon used to attack him. If successful, the weapon flexes wildly and the attack is deflected away from the target, missing him. On an Extraordinary Result, the weapon remains permanently warped, reducing its Damage Step by –3. If this reduces the weapon\'s Damage Step to zero, the weapon is ruined. Regardless of the number of attacks made against the target, the spell\'s warping effect can only be used once per round.'),
(311, 'Shield Willow', 2, 2, 6, 14, '6', 'Touch', 'Rank minutes', '+6 to shield\'s Shatter Threshold and +1 to its Physical', 0, 'and Mystic Armor Wood. This spell improves the resiliency of mundane shields. The magician joins his fingers together, then touches the target shield and makes a Spellcasting (6) Test. If successful, the shield sprouts roots and leaves and gains the resiliency of a willow tree, adding +6 to its Shatter Threshold and +1 to its Physical and Mystic Armor for the spell\'s duration.'),
(312, 'Silence Metal', 8, 3, 13, 20, 'Target\'s Spell Defense', 'Touch', 'Rank + 1 hours', 'WIL + 7', 0, 'Earth–Metal. This spell suppresses any noise made by metal weapons, armor, or other tools that a character is carrying. The magician takes a dagger or other metal object from the target, puts the item to his lips, makes a shushing noise, and hands it back. He then makes a Spellcasting Test against the higher of the target\'s Spell Defense or the Spell Defense of any metal items he is carrying or wearing. If successful, the magician\'s Effect Test determines the Detection Difficulty of any Perception Tests made to hear the target, based on the sounds that the metal objects he is carrying would normally make. The target can move at his full Movement Rate during the spell\'s duration—the noises from anything metallic he is carrying are completely suppressed regardless of whether he is walking, running, or jumping.'),
(313, 'Silent Converse', 1, 1, 5, 13, 'Target\'s Spell Defense', '100 yards ', 'Rank + 5 minutes', 'Allows whispered conversation', 0, 'This spell allows the magician to carry on a whispered conversation with a character within line of sight and range, regardless of intervening noise. The magician makes a Spellcasting Test against the target\'s Spell Defense. If successful, the magician and target may whisper to each other, both characters hearing each clearly. The magician may change the target who he is whispering to by making a successful Spellcasting Test against the new target\'s Spell Defense. The conversation can only be overheard by someone standing within 2 yards (1 hex) of either participant.'),
(314, 'Silent Stampede', 7, 6, 11, 20, 'Target\'s Spell Defense', 'Touch', 'Rank hours', 'Silences sound', 1, 'Illusion. This spell silences the sounds made by a group of characters or animals, including movement, talking, breathing, horse whinnying, and so on. The magician wanders around the group touching each person and animal affected by the spell, then makes a Spellcasting Test against the highest Spell Defense among the target group, +1 for each additional target. If successful, any sounds made by the target group are suppressed—all members of the group gain a +4 bonus to their stealth-based Action Tests. The Detection Difficulty of hearing-based Perception Tests made to detect any members of the target group is increased by +4. The magician may affect up to Spellcasting Rank targets × 3. The spell does not conceal the target group from sight, smell, or touch-based Perception Tests. Any Action Tests that could reveal the target group\'s existence are considered Sensing Tests.'),
(315, 'Silver Shadow', 8, 3, 12, 19, 'Target\'s Spell Defense', '40 yards ', 'Rank + 1 hours', 'WIL + 3', 0, 'This spell turns a character\'s mundane metal objects gauzy and insubstantial. The magician waves a hand in front of his face, inhaling and exhaling gently, then makes a Spellcasting Test against the target\'s Spell Defense. If successful, all of the non-magical metal items that the target is wearing or carrying—weapons, armor, coins, and tools—turn into silvery shadowlike versions of the originals. The objects lose their intended use during the spell\'s duration—tools do not carve or dig or sew, weapons cannot harm an opponent, armor provides no protection, and so on. While small metal objects, like coins, and tools are automatically affected, larger metal items are only affected if the magician makes a successful Effect Test against the item\'s Damage Step (weapons) or Physical Armor (armor or shields). Items constructed primarily from non-metal materials are not affected.'),
(316, 'Sky Lattice', 3, 3, 8, 17, '6', '120 yards ', 'Rank + 10 minutes', 'WIL + 3', 0, 'Air. This spell creates a shimmering web of energy. The magician makes a series of crisscross gestures in the air, then makes a Spellcasting (6) Test. If successful, the lattice appears within reach of the magician—it is attached to the air and needs not to touch the ground. A sky lattice is always 2 yards (1 hex) wide, but the magician may vary the length, up to the spell\'s range. The force of the lattice helps grip those climbing it. The magician\'s Effect Test is the Strength Step of the bond holding climber to lattice. The climber uses this Strength Step in place of his own for Action Tests where he could be dislodged from the lattice, such as when making Knockdown Tests. The grip secures the climber but does not hinder his movement in any way. Because of this, the climber does not need to make Climbing tests to scale the sky lattice. A sky lattice can support a maximum of 1,500 pounds of weight. The magician may extend the duration to a year and a day by taking 1 Blood Magic Damage. This damage can be healed when the spell ends.'),
(317, 'Sleep', 6, 2, 9, 17, 'Target\'s Spell Defense', '24 yards ', 'Rank + 10 rounds', 'Puts target to sleep', 0, 'This spell causes one or more characters to fall into a deep sleep. The magician yawns widely, then makes a Spellcasting Test against the highest Spell Defense among the target group, +1 for each additional target. If successful, the targets immediately fall into a magical slumber, waking only if they take any damage or the spell ends. Each round, a sleeping target may make a Willpower Test against the magician\'s Willpower Step. If successful, he wakes up. The spell only affects characters or creatures that need sleep—it does not work against most undead, for example. The magician may affect up to Spellcasting Rank targets.'),
(318, 'Slow', 5, 2, 7, 15, 'Target\'s Spell Defense', 'Touch', 'Rank + 5 rounds', 'Halves movement; –5 penalty to Dexterity-based Tests', 0, 'This spell reduces movement. The magician pantomimes casting in slow motion, then makes a Spellcasting Test against the target\'s Spell Defense. If successful, the target\'s Movement Rate is halved (round down) and he suffers a –5 penalty to his Dexteritybased Tests, including Initiative Tests.'),
(319, 'Slow Metal Weapon', 2, 1, 9, 13, 'Target\'s Spell Defense', '24 yards ', 'Rank + 8 rounds', '–3 Damage Test penalty', 0, 'Earth–Metal. This spell slows a weapon with a metal edge or point, reducing its ability to inflict damage. The magician mimes a slow-moving attack, then makes a Spellcasting Test against the higher of the wielder\'s or his weapon\'s Spell Defense. If successful, the target weapon slows each time it hits an opponent, causing the wielder to suffer a –3 penalty to his Damage Tests. Nothing prevents the wielder from dropping the slowed weapon and swapping to another if he desires. Anyone picking up and using the weapon suffers the Damage Test penalty until the spell ends.'),
(320, 'Small Slayer', 2, 1, 6, 14, 'Target\'s Spell Defense', '4 yards ', 'Rank + 3 minutes', 'Summons a poisonous creature', 0, 'This spell summons a tiny poisonous creature such as a spider, snake, or scorpion to attack an opponent. The magician utters low crooning sounds and makes slow, sinuous hand movements, then makes a Spellcasting Test against his natural Spell Defense. If successful, a venomous creature appears and sneaks up to its victim, repeatedly attacking the target until it successfully bites or stings him or the spell ends, after which it disappears. The small slayer\'s venom is a Damage Step 8/2D6 poison with a Spell Defense of 8, an Instant Onset Time, and a Duration of 4 rounds. The creature\'s attack cannot penetrate armor—if necessary, the small slayer attempts to strike unarmored areas on the target\'s body using the Called Shot combat option (p. 222). If the creature attacks successfully, the bite or sting penetrates the target\'s flesh, allowing the poison to take effect.'),
(321, 'Smoke Cloud', 3, 1, 10, 15, '6', 'Self', 'Rank + 8 rounds', 'Causes a Complete Darkness penalty', 0, 'Fire. This spell creates a cloud of smoke from a torch-sized or larger source of fire that obscures vision. The magician puffs out his cheeks and exhales, then makes a Spellcasting (6) Test. If successful, the fire belches forth a thick cloud of black smoke, quickly spreading to fill the area of effect. The magician can see and act normally in the smoke, but all others within it suffer a Complete Darkness penalty to their sight, taste, and smell-based Action Tests from their restricted vision and choking.'),
(322, 'Snuff', 3, 2, 7, 15, 'Target\'s Spell Defense', 'Touch', '1 round', 'WIL + 5', 0, 'Fire. This spell extinguishes a fire. The magician exhales sharply through his nose, then waves his hand over the fire and makes a Spellcasting Test against the higher of the fire\'s or it\'s creator\'s Spell Defense. If successful, the magician makes an Effect Test against the fire\'s Damage Step. If successful, the Damage Step is reduced by –2 per Result Level. If not completely extinguished, the fire\'s Damage Step increases by +1 per minute to its original intensity. Librarians of the Great Library of Throal are rumored to keep crystal spell boxes (see the Gamemaster\'s Guide, p. 133) containing the Snuff spell in numerous places throughout the library.'),
(323, 'Solo Flight', 5, 2, 7, 18, 'Target\'s Spell Defense', 'Self', 'Rank + 15 minutes', 'Grants flight', 0, 'This spell grants the power of flight. The magician flaps his arms up and down and makes a Spellcasting Test against his natural Spell Defense. If successful, he gains the ability to fly at a Movement Rate of 8.'),
(324, 'Soothe the Savage Beast', 3, 1, 7, 15, 'Target\'s Spell Defense', '4 yards ', 'Rank + 3 minutes (see text)', 'Hypnotizes animal into passivity', 0, 'This spell hypnotizes an animal into passivity. The magician stretches out his hands, causing softly glowing tendrils of blue light to move in an intricate pattern between them, then makes a Spellcasting Test against the target animal\'s Spell Defense. If successful, the target becomes completely passive—it will not attack for any reason, including hunger or aggression. On an Extraordinary Result, the spell creates a weak rapport between magician and target, as the animal finds the spell\'s effect pleasurable. The target follows the magician around for a number of hours equal to his Spellcasting Rank, purring or making appropriately pleasurable animal sounds. If the target is attacked or affected by a disorienting spell or talent, the spell ends.'),
(325, 'Soul Armor', 6, 1, 7, 17, 'Target\'s Spell Defense', 'Touch', 'Rank + 15 minutes', '+5 Mystic Armor', 0, 'This spell enhances a character\'s Mystic Armor. The magician touches the target and makes a Spellcasting Test against the target\'s Spell Defense. If successful, a glimmering suit of blue chain mail appears, momentarily covering the target before it sinks into his body. The target adds +5 to his Mystic Armor.'),
(326, 'Spell Cage', 7, 3, 11, 19, 'Target\'s Spell Defense', '40 yards ', 'Rank + 8 rounds', '–5 penalty to Spellcasting Tests', 0, 'This spell captures a character in a magical cage. The magician makes a descending whistling sound, followed by a \"clang!\" and makes a Spellcasting Test against the target\'s Spell Defense. If successful, a cage forms around the target—if the target is bigger than the area of effect, the spell fails. Once conjured, the cage cannot be moved. The target cannot move from the cage, as it has no door. While trapped, the target suffers a –5 penalty to Spellcasting and Thread Weaving Tests, including attempts to cast spells against the cage itself.'),
(327, 'Spell Snatcher', 8, 2, 14, 24, 'Target\'s Spell Defense', '24 yards ', '1 round (see text)', 'WIL + 10', 0, 'This spell seizes a spell from a magician\'s spell matrix and places it in one of the magician\'s own matrices. Magicians commonly replace their Spell Snatcher spell with the snatched spell, but may replace any of the spells in their matrices. The magician makes a Spellcasting Test against the target magician\'s Spell Defense. If successful, the gamemaster randomly selects one of the target\'s spell matrices. The magician makes an Effect Test against a Dispel Difficulty based on the Spell Circle. If successful, the spell leaves the target\'s matrix and appears in one of his own matrices. The snatched spell remains in the magician\'s spell matrix until cast or replaced, depending on the specific spell. The snatched spell can be of any Spell Circle or type. If casting the snatched spell is beyond the magician\'s abilities (he does not have the proper Thread Weaving talent or is not a high enough Circle), he may still cast it from the matrix as if it were a grimoire-cast spell (p. 136) or by using raw magic (p. 136). Either way, the snatched spell vanishes from his spell matrix as soon as it is cast. If the magician is capable of casting the snatched spell, he may use it normally, in which case the spell remains in his spell matrix until replaced by another spell or erased by a Reattuning failure. If the snatched spell is unknown to the magician, he can attempt a Read/Write Magic Test to learn the spell (see Learning Spells, p. 130). If successful, he may add the spell to his grimoire.'),
(328, 'Spellstore', 6, 2, 12, 19, '6', 'Touch', 'Rank hours', 'WIL + 6', 0, 'This spell allows places a spell pattern within an object, allowing the spell to be cast at a later time. The object can be anything and does not require any special enchanting. The magician touches the object and makes a Spellcasting (6) Test. If successful, he makes an Effect Test against the Dispel Difficulty of the spell to be stored. If successful, the spell is placed within the object. Anyone holding the object can matrix-cast the spell using his own Spellcasting ability. If the spell requires threads, the caster must know the appropriate Thread Weaving talent. The object\'s wielder must be touching it to cast the spell stored within. Once the stored spell has been cast, or the Spellstore spell ends, the spell pattern vanishes from the item. The magician may extend the duration to a year and a day by taking his Wound Threshold as Blood Magic Damage (and a Blood Wound as well). During this time, the object\'s wielder may cast the stored spell any number of times. The magician can heal this damage and the Wound when the object is destroyed or the spell ends.'),
(329, 'Spirit Bolt', 7, 1, 13, 23, 'Target\'s Spell Defense', '24 yards ', '1 round', 'WIL + 12/Mystic', 0, 'This spell directs a beam of violet energy against a spirit, disrupting its pattern. The magician makes a Spellcasting Test against the target spirit\'s Spell Defense. If successful, his Effect Test determines how much damage is inf licted. The spell does not affect Namegivers or physical Horrors or Horror constructs, such as cadaver men, but can harm astral Horrors and physically manifested spirits. The magician can use this spell against a spirit in astral space if he can see it, using the Astral Sight talent or a similar ability.'),
(330, 'Spirit Dart', 1, 0, 0, 7, 'Target\'s Spell Defense', '10 yards ', '1 round', 'WIL + 2/Mystic', 0, 'This spell attacks a character with a small dart shaped from astral energy. The magician pinches himself and flicks his wrist as if throwing a dart, then makes a Spellcasting Test against the target\'s Spell Defense. If successful, his Effect Test determines how much damage is inflicted.'),
(331, 'Spirit Double', 3, 1, 11, 19, '10', 'Self', 'Rank + 10 rounds', 'Creates spirit double of the magician', 0, 'This spell allows the magician to summon a spirit to act as his double. The magician makes a Spellcasting (10) Test. If successful, a spirit appears and assumes a shaggy material form resembling the magician. The magician can issue verbal commands to the spirit, which it loyally obeys. The spirit can travel anywhere its form allows. Though the spirit possesses the same Attribute Values as the magician, it has a Spell Defense of 10, but knows no magical abilities.'),
(332, 'Spirit Grip', 1, 0, 0, 7, 'Target\'s Spell Defense', 'Touch', '1 round', 'WIL + 6/Physical', 0, 'This spell draws on the malevolent energy of the spirits of the dead to harm others. The magician touches his victim and makes a Spellcasting Test against the target\'s Spell Defense. If successful, his Effect Test determines how much damage is inflicted. The spell cannot be cast on sacred ground, such as a shrine devoted to one of the Passions, or zones that have been proofed against spirits. Even a Life Circle of One (p. 181) is enough to prevent this spell being cast.'),
(333, 'Spirit Portal', 7, 4, 14, 19, '6', 'Touch', '10 × Rank minutes', 'WIL + 10 (see text)', 0, 'This spell creates a doorway into astral space through which spirits may enter the physical plane or characters enter astral space. The spell must be cast within a Bone Circle (p. 155) built by the magician. The magician makes a Spellcasting (6) Test. If successful, he punctures a hole into astral space, continuing to widen the opening until he has created a doorway. The magician has control over who uses the Spirit Portal, but must be within sight of the portal to contest entry. To prevent a being from crossing through the portal, the magician makes an Effect Test against the being\'s Willpower Test. If failed, the being can pass through the portal. If successful, it is prevented from passing through. Regardless of the outcome, the magician suffers 1 Strain from the exertion.'),
(334, 'Spirit Servant', 4, 3, 8, 20, 'Target\'s Spell Defense', 'Touch', 'Rank + 3 days', 'Summons a spirit servant', 0, 'This spell conjures a spirit servant to do the magician\'s bidding. The magician draws a circle on the ground and inscribes it with the Name he has chosen for his servant. The circle must lie undisturbed for a full night, before the magician makes a Spellcasting Test against the spirit\'s Spell Defense. If successful, a spirit servant appears within the circle, appearing as an ethereal humanoid of a gender and race of the magician\'s choosing. For the spell\'s duration, the servant loyally serves the magician as a porter, scullery help, or even a butler, for it is not much good at combat. The spirit servant will protect itself should it be attacked, but will never initiate combat against another being, even if commanded to do so. They have a Carrying Capacity of 60 pounds (see p. 29). Usually quiet, spirit servants are quite intelligent and capable of speech. Many magicians become attached to a particular servant, summoning the same spirit time and again.'),
(335, 'Spirits of Death\'s Sea', 4, 3, 10, 17, 'Target\'s Spell Defense', 'Touch', 'Rank hours', 'WIL + 6', 0, 'Fire. This spell creates a potent invigorating drink. The magician needs a cupful of an alcoholic beverage such as ale or hurlg (the latter being an extremely alcoholic ork beverage brewed from fermented animal fat). The magician waves his hands over the cup, then makes a Spellcasting Test against the target\'s Spell Defense. If successful, the beverage turns into a smoking, molten liquid resembling lava. The cup\'s entire contents must be consumed to gain any benefit from the spell. Swallowing the liquid requires the target to make a Toughness (7) Test. If failed, the target gains no benefit, but takes Step 4/D6 damage from the hot liquid scalding his insides (no armor provides protection). If successful, the target becomes energized and invigorated, much like the Air Sailors who sail Death\'s Sea. During the spell\'s duration, the target makes an Effect Test in place of Willpower Tests to resist fear-causing spells, talents, or abilities. The target also makes an Effect Test after drinking the liquid to determine the Difficulty Number for any Talent (like Battle Shout or Battle Bellow) or Interaction Tests intended to intimidate him.'),
(336, 'Spiritual Guidance', 5, 3, 8, 18, 'Target\'s Spell Defense', 'Self', '30 rounds', 'Summons a spirit guide to answer a question', 0, 'This spell summons an ally spirit to lead the magician on a journey to one of the netherworlds where he can find the answer to a question. The magician focuses his mind on the question he wants answered, then makes a Spellcasting Test against the spirit\'s Spell Defense. If successful, a spirit appears and asks the magician to pose his question. The spirit then leads the magician into astral space, taking him to a specific netherworld where he can obtain an answer. The answer is never straightforward, but rather comes in a vision that provides hints. For example, a magician asking where to find a legendary object might relive events of the object\'s history (from the object\'s point of view) that point the way to its current location. While traveling in astral space, the spirit uses its Astral Portal power to lead the magician through any gates necessary to reach the netherworld. The magician still faces the usual challenges and dangers of traveling in astral space, however (see the Gamemaster\'s Companion). The spirit guide is a Strength Rating 5 ally spirit.'),
(337, 'Spotlight', 6, 2, 11, 20, 'Target\'s Spell Defense', '40 yards ', 'Rank + 7 rounds', 'WIL + 8', 0, 'This spell creates spotlights to illuminate characters. The magician clicks his fingers and makes a Spellcasting Test against the highest Spell Defense among the target group in the area of effect. If successful, a spotlight is created over each target, sitting about 2 yards (1 hex) above his head, brightly illuminating him. If a target tries to evade an attack or avoid detection, the magician makes an Effect Test against the target\'s Test Result. If successful, the target\'s attempt to evade or use stealth fails. If failed, the target avoids the spotlight\'s beam and the light goes out. A spotlight remains with its target until he successfully avoids it, moves out of range, or the spell ends. The magician may affect a number of target\'s equal to his Spellcasting Rank.'),
(338, 'Stampede', 7, 4, 12, 17, 'Target\'s Spell Defense', '48 yards ', 'Rank + 1 rounds', 'Causes targets to become Harried', 1, 'Illusion. This spell creates the illusion of a stampede. The magician stamps and snorts, then makes a Spellcasting Test against the highest Spell Defense among the target group within range, +1 for each additional target. If successful, the targets believe a stampede is about to hit them and become Harried. Casting this spell in an area where a stampede would normally be impossible (indoors, on an airship, and so on) allows those affected to make a Disbelief Test (p. 139). The magician may affect up to Spellcasting Rank targets.'),
(339, 'Star Shower', 5, 1, 11, 17, 'Target\'s Spell Defense', 'Self', '1 round', 'WIL + 9/Physical', 0, 'This spell sprays a cloud of multicolored sparks from the magician\'s outstretched hand. The magician makes a Spellcasting Test against the highest Spell Defense among any characters within the area of effect. If successful, his Effect Test determines how much damage is inflicted on each target.'),
(340, 'Steal Strength', 7, 3, 13, 23, '6', 'Touch', 'Rank + 5 minutes', 'WIL + 4', 0, 'This spell saps a character\'s strength, imbuing the magician with the stolen energy. The magician makes a Spellcasting (6) Test. If successful, his hands glow with a faint blue aura. The magician touches the target and makes a Spellcasting Test against the target\'s Spell Defense. If successful, his Effect Test is subtracted from the target\'s Strength Value and added to his own. The target\'s Strength Value cannot be reduced below 1. Every 3 points of Strength stolen reduces the target\'s Strength Step by –1, to a minimum of Step 1. The magician only increases his Strength Value by the amount he is able to steal from the target—a weak target correspondingly increases the magician\'s Strength to a lesser degree. The magician\'s Strength Value may only reach twice its original Value from the Strength stolen. Instead of increasing his Strength Value, the magician my use the stolen Strength points to heal Damage Points at a 1-to-1 ratio. Stolen Strength vanishes when the spell ends, but damage healed is permanently restored. The target\'s Strength returns to him when the spell ends.'),
(341, 'Stench', 6, 3, 12, 22, 'Target\'s Spell Defense', '16 yards ', 'Rank + 3 rounds', 'WIL + 6', 1, 'Illusion. This spell creates a horrid smell, causing those subjected to it to retch and puke. The magician crushes several blossoms from a stinkweed or similarly pungent plant, then makes a Spellcasting Test against the highest Spell Defense among any characters in the area of effect. If successful, a hideous odor arises that renders affected targets unable to do anything except try to hang on to their last meal. The magician\'s Effect Test determines the stench\'s potency. An affected target must make a successful Willpower Test against the Effect Test to take any action, including movement. If successful, he can act normally, but is still affected by the smell while he remains within the area of effect. If failed, he can do nothing except double up and vomit and is considered Knocked Down. Willpower Tests are considered Sensing Tests (see Illusions, p. 139).'),
(342, 'Step Through Shadow', 7, 3, 12, 24, 'Target\'s Spell Defense', 'Self', 'Rank + 3 rounds', 'Creates astral passageway', 0, 'This spell allows the magician to move from shadow to shadow through astral space. The magician, who must be standing next to a shadow—including his own—makes a Spellcasting Test against his natural Spell Defense. If successful, the nearby shadows become temporary \"gates\" at the ends of a \"tunnel\" through the astral plane. The maximum distance that the magician can travel between shadows is 100 yards (50 hexes). He must move through astral space at his normal Movement Rate and encounters the usual astral perils when traveling. Once the magician passes through the gateway opposite to the one he entered, the spell ends. If the magician does not exit the opposite gate before the spell ends, he is trapped in astral space. Trapped magicians can leave the astral plane via other means, if available to them. The shadow-gates also allow astral entities to pass into the physical world.'),
(343, 'Sterilize Object', 2, 1, 5, 14, '6', '10 yards ', '1 round', 'WIL + 7', 0, 'This spell cleanses an object of poison or disease. The magician rubs his wrists together, generating a white spark which leaps to the target object, then makes a Spellcasting (6) Test. If successful, he makes an Effect Test against the disease\'s or poison\'s Spell Defense or Step Number. If successful, the object is cleansed of that disease or poison. An item with multiple diseases or poisons requires several Sterilize Object spells to be cast on it to be completely cleansed. The spell is only effective against inanimate objects. If cast on food, the food becomes sterile, losing flavor and texture, and requiring a successful Willpower (4) Test to be consumed.'),
(344, 'Stick Together', 2, 1, 5, 13, 'Target\'s Spell Defense', '10 yards ', 'Rank + 3 minutes', 'WIL + 7', 0, 'This spell bonds two targets tightly together. The magician mimes putting his hands together and trying to pull them apart, then points both hands (still stuck together) at the two targets and makes a Spellcasting Test against the highest Spell Defense among the targets. If successful, the targets instantly bond together as soon as they touch. The magician can choose to bond two targets already in contact, such as a character and the floor, otherwise the targets must be within 2 yards (1 hex) of each other. The magician\'s Effect Test determines the magical bond\'s Strength Value and Carrying Capacity (p. 29). Each round, a target may make a Strength Test against the bond\'s Strength Step (derived from its Strength Value). If successful, the bond breaks and the spell ends.'),
(345, 'Stone Cage', 5, 1, 11, 19, 'Target\'s Spell Defense', '24 yards ', 'Rank + 10 rounds', 'Traps target in a cage of stone', 0, 'Earth. This spell traps a character in an earthen or stone cage. The target must be standing on earth or stone and must be smaller in size than the area of effect. The magician spreads his fingers wide, then locks them together (representing the bars closing) and makes a Spellcasting Test against the target\'s Spell Defense. If successful, the earth or stone on which he is standing forms a cage up to area of effect in size, trapping him inside. The cage can be attacked to free the trapped target, but is resistant to attempts to destroy it—no Armor-Defeating Hits are possible against the stone cage. A character who fails his Attack Test against the cage has still struck it, but his blow has no effect. Once the spell ends, or if the cage takes damage equal to or greater than its Death Rating, it immediately crumbles apart, freeing the target. The entrapped target may attempt to destroy the cage from within, but because he is constricted in his efforts, he is Harried.'),
(346, 'Stone Rain', 6, 2, 15, 22, 'Target\'s Spell Defense', '12 yards ', 'Rank rounds', 'WIL + 4/Physical', 0, 'Earth. This spell showers fist-sized stones from the sky. The magician points at where the stones will fall and makes a Spellcasting Test against the highest Spell Defense among any characters within the area of effect. If successful, affected targets are struck by falling stones. The magician\'s Effect Test determines how much damage is inflicted. Each round, more stones rain down on the targets, who continue to take damage as long as they remain within the area of effect.'),
(347, 'Stop Right There', 4, 0, 0, 9, 'Target\'s Spell Defense', '24 yards ', 'Rank rounds', 'WIL + 3', 0, 'This spell immobilizes a character. The magician holds up a hand and shouts \"Stop!\" as loudly as possible, then makes a Spellcasting Test against the target\'s Spell Defense. If successful, the target\'s feet freeze in place—he cannot move, but may otherwise act normally, though he is Harried. The magician makes an Effect Test. Each round, the target may make a Willpower Test against the Test Result, with a +5 bonus if he has taken any damage that round. If successful, he regains movement and the spell ends.'),
(348, 'Storm Manacles', 7, 2, 12, 18, 'Target\'s Spell Defense', '24 yards ', 'Rank + 12 rounds', 'WIL + 5/Mystic', 0, 'Air–Electric. This spell restrains a character with cloudy shackles. The magician works a drop of water into a wisp of cloud which he blows toward the target and makes a Spellcasting Test against the target\'s Spell Defense. If successful, the wisp darkens and grows to form a set of manacles that shackle the target\'s arms or legs—while manacled, the target is Harried. If the target attempts any hostile action against the magician or his obvious allies, the manacles zap him with lightning. The magician\'s Effect Test determines how much damage is inflicted.'),
(349, 'Study Thread', 5, 2, 11, 15, 'Target\'s Spell Defense', '10 yards ', 'Rank minutes', 'WIL + 5', 0, 'This spell allows the study of a thread woven to a pattern. The magician makes a Spellcasting Test against the Spell Defense of the pattern to which the thread is tied. If successful, he may make Effect Tests in place of Astral Sensing Tests when viewing the thread.'),
(350, 'Suffocating Paste', 4, 2, 9, 18, 'Target\'s Spell Defense', '10 yards ', 'Rank + 6 rounds', 'WIL + 3/NA', 0, 'Water. This spell creates a blob of greenish-yellow paste which blinds or suffocates whoever it is thrown at. The magician sniffs loudly then spits into his hand, hurling the contents at his victim, and making a Spellcasting Test against the target\'s Spell Defense. If successful, the paste covers the part of the body which the target uses to breathe (usually the head), smothering him and causing Step 4/D6 suffocation damage each round. If the area struck by the paste also contains the target\'s sensory organs (usually the eyes), he is blinded as well and suffers a Partial Darkness penalty. Targets that do not require vision to \"see\" are still affected—the paste is thick enough to inhibit the effectiveness of their sensory organs. The paste adheres tightly and is not easily removed. The magician makes an Effect Test. If someone other than the target makes a successful Strength Test against the Effect Test, the paste is pulled off the target and the spell ends. Each round, the target may make a Strength Test against the Effect Step. If successful, he removes enough paste from his mouth to draw breath and takes no damage that round. However, the paste quickly adjusts to cover the victim\'s mouth again, so the respite is temporary.'),
(351, 'Suffocation', 3, 3, 7, 18, 'Target\'s Spell Defense', '48 yards ', 'Rank + 3 rounds', 'WIL + 8/Mystic', 1, 'Illusion. This spell suffocates characters. The magician holds his breath, then exhales and makes a Spellcasting Test against the highest Spell Defense among the target group in the area of effect. If successful, affected targets lose their breath and start suffocating— they are Harried for all actions except Disbelief Tests and their Movement Rate is halved until they move out of range or the spell ends. Each round, the magician\'s Effect Test determines how much damage is inflicted.'),
(352, 'Summon Bone Ghost', 3, 1, 7, 15, '9', '4 yards ', 'Rank + 1 minutes', 'Summons a bone spirit', 0, 'This spell summons the bone spirit from one of the magician\'s Bone Circles (p. 155) within Spellcasting Rank × 10 miles, allowing the spirit to exist outside the circle for a brief period. The magician makes a Spellcasting (9) Test. If successful, the bone spirit appears before him. The bone spirit cannot move more than 4 yards (2 hexes) from the magician. If it is forced to do so, the spell ends and the spirit returns to its bone circle. The bone spirit obeys any command the magician gives it—entering combat, reporting happenings within sight of its bone circle, and so on. Bone spirits do not enjoy leaving their circles, so they resist frequent summoning attempts. The Result Level increases by one level (from Average to Good, for example), for each additional attempt to summon the same bone spirit within a day. The bone spirit returns to its circle when the spell ends. If the spirit is destroyed in combat, its Bone Circle is also destroyed.'),
(353, 'Sunlight', 3, 2, 10, 15, '6', 'Self', 'Rank + 5 minutes', 'Creates daylight', 0, 'This spell creates sunlight. The magician moves his arms in a circle and makes a Spellcasting (6) Test. If successful, natural sunlight emanates from him, filling the area of effect, even if cast at night or indoors. Creatures affected by sunlight are affected by this spell. The light created does not provide any protection from Horrors or any other creatures unaffected by sunlight.'),
(354, 'Switch', 5, 5, 11, 18, 'Target\'s Spell Defense', '4 yards ', 'Rank minutes', 'Switches magician\'s appearance with target', 1, 'Illusion. This spell switches the magician\'s appearance with another character. The magician makes a Spellcasting Test against the target\'s Spell Defense. If successful, the magician takes on the target\'s appearance, and vice-versa. Action Tests made against the target or magician are considered Sensing Tests (see Illusions, p. 139).'),
(355, 'Tailor', 2, 2, 6, 7, 'Target\'s Spell Defense', 'Touch', '10 × Rank minutes', 'WIL + 4', 0, 'This spell alters the style and color of a character\'s clothes, improving or worsening his appearance. The magician clenches his teeth as if biting a thread, then touches the target and makes a Spellcasting Test against the target\'s Spell Defense. If successful, the target\'s clothes change, taking on a more fashionable and flattering cut or appearing threadbare and bedraggled, as the magician desires. When the target interacts with another, he makes an Effect Test against the other person\'s Social Defense. If successful, the other character\'s Attitude toward the target is moved one degree better or worse, as determined by the clothing look chosen by the magician.'),
(356, 'Target Portal', 5, 4, 10, 19, 'Target\'s Spell Defense', '1,000 yards (see text)', 'Rank minutes', 'WIL + 7', 0, 'This spell creates a small gap in astral space, forming a pathway that allows the magician to cast spells at another as if he was much closer. The magician must be able to see the target to create a path to him. The magician makes tearing pulling motions with his hands, then makes a Spellcasting Test against the target\'s Spell Defense. If successful, a portal opens to the target—as long as he remains within range, the magician may cast any spell with a range greater than \"Touch\" against him through the portal. Each round, the target may make a Willpower Test against the Effect Step. If successful, the portal closes and the spell ends.'),
(357, 'Tears of the Scourge', 5, 2, 11, 21, 'Target\'s Spell Defense', '4 yards ', 'Rank rounds', 'WIL + 4', 0, 'This spell calls on the spirits of the legions of people killed, tortured, or emotionally destroyed by Horrors during the Scourge to make others realize how terrible it truly was. A little salt water (tears or sweat will suffice) is required to cast the spell. The magician makes a Spellcasting Test against the highest Spell Defense among targets in the area of effect. If successful, the area fills with the screaming, wailing spirits of the dead. The magician compares his Effect Test against each target\'s Spell Defense. If successful, the target collapses to the ground, weeping uncontrollably—he is incapacitated and considered Knocked Down. Each round, the target may make a Willpower Test against the Effect Step. If successful, he recomposes himself and breaks free of the effect. The magician may affect up to Spellcasting Rank targets. He cannot directly or indirectly harm an affected target. If he or his allies do, the magician automatically suffers the spell effect for an entire day, with no chance to resist it or break free.'),
(358, 'Thorny Retreat', 4, 1, 11, 13, '6', '16 yards ', 'Rank + 7 rounds', 'WIL + 2', 0, 'Wood. This spell conjures a barrier of magical thorns. The magician pricks his hand then makes a Spellcasting (6) Test. If successful, he summons and places a number of wall sections equal to his Spellcasting Rank within range, each section filling the area of effect with gnarled and twisted thorns. The magician makes an Effect Test. Anyone passing through a thorn section makes a Dexterity Test against the Test Result. If successful, he passes through unscathed. If failed, the character is halted by the thorns and takes Step 4/D6 damage (Physical Armor provides protection). The thorns roll around the magician like seaweed in water and are no hindrance to him.'),
(359, 'Thrive', 3, 1, 7, 15, '8', 'Touch', '1 round', 'Accelerates plant growth', 0, 'Wood. This spell accelerates plant growth. The magician sprinkles water on the ground and makes a Spellcasting (8) Test. If successful, plants in the area of effect experience the equivalent of one week\'s growth over the remainder of the round. After the spell ends, their growth rate returns to normal, but the plants do not revert to their normal size—the effect is permanent.');
INSERT INTO `ed_spells_v3` (`id`, `name`, `circle`, `threads`, `weaving_diff`, `reattunement_diff`, `casting_diff`, `range`, `duration`, `effect`, `illusion`, `description`) VALUES
(360, 'Throne of Air', 3, 2, 8, 17, '6', 'Self', 'Rank + 10 minutes', 'WIL + 7', 0, 'Air. This spell creates a throne from air. The magician assumes a seated position and makes a Spellcasting (6) Test. If successful, the throne forms underneath him, appearing as a wavering, turbulent image. By concentrating, the magician can move the throne around above the ground at a maximum height of 4 yards (2 hexes) with a Movement Rate of 8. The magician may make an Effect Test in place of an Avoid Blow Test for any physical attacks directed against him while he is seated on the throne. He suffers the Strain cost for the Avoid Blow Test due to the additional concentration required to dodge the attack, as the throne provides stabilization. If the magician is unseated from the throne, intentionally or not, the spell ends.'),
(361, 'Thunderclap', 7, 3, 13, 17, 'Target\'s Spell Defense', 'Self', '2 rounds', '–8 penalty to Action Tests; causes deafness', 0, 'Air. This spell creates a loud clap of thunder that stuns and deafens those hearing it. The magician claps his hands and compares his Spellcasting Test against the Spell Defense of each character, friend or foe, within the area of effect. If successful, the target suffers a –8 penalty to his Action Tests until the end of the following round and is deafened for a further Step 8/2D6 rounds, during which he suffers a –8 penalty to his hearing-based Perception Tests. Most unintelligent creatures flee in fear of the sound.'),
(362, 'Time Flies', 7, 4, 10, 23, '6', 'Touch', 'Rank hours', 'WIL + 3', 1, 'Illusion. This spell alters the perception of time. The magician lights a candle or torch, then makes a Spellcasting (6) Test, specifying whether he is speeding up or slowing down time and to what degree (up to a factor of 10 times). If successful, he makes an Effect Test against the Spell Defense of any character within or entering the area of effect. If successful, the target\'s temporal perception (perception of time) alters—time seems to pass faster or slower, as determined at the time of casting, within the area of effect. For example, a target may believe that ten hours have passed for every hour of real time, or only one hour has passed when ten hours have actually gone by. The spell only changes the target\'s perceptions—it has no effect on the duration of spells and talents or on Recovery Tests. If an affected target notices that time seems to be passing differently, he may make a Perception Test as a Sensing Test (see Illusions, p. 139).'),
(363, 'Tossing Earth', 6, 3, 11, 17, '6', '40 yards ', 'Rank + 1 hours', 'WIL + 1', 0, 'Earth. This spell tosses those standing on an area of earth or stone wildly into the air. The magician makes loud noises as he hurls pebbles, dirt, or small stones on the ground, then makes a Spellcasting (6) Test. If successful, the area of effect becomes explosive when touched. The magician makes an Effect Test. Each round, anyone moving through the area of effect makes a Willpower Test against the Test Result. If successful, the character moves and acts normally. If failed, the earth or stone beneath the character explodes, throwing him Step 5/D8 yards into the air, inflicting Falling damage based on the height fallen (see the Gamemaster\'s Guide, p. 109). The area remains volatile until the spell ends.'),
(364, 'Translator Spirit', 8, 4, 11, 19, 'Target\'s Spell Defense', '4 yards ', 'Rank × 10 minutes', 'WIL + 5', 0, 'This spell summons an ally spirit to act as a translator. The magician makes a Spellcasting Test against the spirit\'s Spell Defense. If successful, a spirit is summoned which can speak any language the magician desires and translates anything he says. The spirit will defend itself if attacked, but will otherwise only serve as an interpreter. When the spirit is talking, the magician makes an Effect Test in place of a Speak Language Test to determine if its quavering voice is understood by those listening. The translator spirit is a Strength Rating 2 ally spirit.'),
(365, 'Tree Merge', 6, 3, 16, 23, 'Target\'s Spell Defense', 'Self', 'Rank + 6 hours', 'Merges caster\'s body with a tree to hide him', 0, 'Wood. This spell hides the magician by merging his body with a larger tree. The magician makes a Spellcasting Test against his natural Spell Defense. If successful, he melds into the tree trunk and is completely hidden from physical view. To detect him in astral space, an observer must achieve a Good Result with an Astral Sensing Test against the magician\'s Spell Defense. The magician may communicate with the tree\'s spirit while merged (if one exists) as if he had successfully cast the Plant Talk spell, p. 189.'),
(366, 'Triangulate', 1, 0, 0, 10, 'Target\'s Spell Defense', '500 yards', '1 round', 'Determines distance to target', 0, 'This spell determines the exact distance between the magician and an object or person within line of sight. The magician makes a Spellcasting Test against the target\'s Spell Defense. If successful, he determines the distance to the target in yards and feet.'),
(367, 'True Blazing Fists of Rage', 1, 0, 0, 16, 'Target\'s Spell Defense', 'Touch', 'Rank + 4 rounds', 'WIL + 2/Physical', 0, 'This spell looks and acts exactly like the Blazing Fists of Rage spell, p. 153, but is less powerful than its illusory twin. The spell engulfs a character\'s hands or feet in real flames that augment the damage he inflicts with unarmed attacks. The magician touches one of the target\'s limbs and makes a Spellcasting Test against the target\'s Spell Defense. If successful, the target\'s limb glows cherryred, leaving a slowly fading after-image trailing behind. The target\'s body audibly \"hums\" with power. When he strikes an opponent with an unarmed Attack Test, brilliant red sparks fly from the area struck, accompanied by an explosive sound effect. The target\'s Effect Test determines how much damage is inflicted.'),
(368, 'True Ephemeral Bolt', 2, 0, 0, 8, 'Target\'s Spell Defense', '24 yards ', '1 round', 'WIL + 3/Physical', 0, 'This spell looks and acts exactly like the Ephemeral Bolt spell, p. 167, but packs less punch than its illusory twin. The magician wriggles his finger and makes a Spellcasting Test against the target\'s Spell Defense. If successful, a glowing green bolt squirms through the air and hits the target. The magician\'s Effect Test determines how much damage is inflicted.'),
(369, 'Trust', 4, 1, 13, 17, 'Target\'s Spell Defense', '20 yards ', 'Rank minutes', 'WIL + 3', 0, 'This spell inspires a character to trust the magician. The magician smiles and nods toward the target, then makes a Spellcasting Test against the target\'s Spell Defense. If successful, he makes an Effect Test against the target\'s Social Defense. If successful, the target will not deceive or harm the magician (or others obviously Friendly to him) as long as the magician (and his colleagues) do not deceive or harm the target.'),
(370, 'Twisted Tongues', 7, 1, 14, 18, 'Target\'s Spell Defense', '24 yards ', 'Rank + 3 minutes', 'Jumbles targets\' speech', 1, 'Illusion. This spell jumbles speech. The magician mutters nonsense syllables, then makes a Spellcasting Test against the highest Spell Defense among the target group, +1 for each additional target. If successful, the targets\' words are rendered nonsensical. For example, someone saying \"Kill them all!\" might translate to \"Slig covo bebop buttery!\" No one understands anything said by the affected targets. Any Speak Language Tests made by affected targets are considered Sensing Tests (see Illusions, p. 139). The magician may affect up to Spellcasting Rank targets.'),
(371, 'Undead Struggle', 1, 0, 0, 7, 'Target\'s Spell Defense', '4 yards ', 'Rank + 3 rounds', 'WIL + 4/Mystic', 0, 'Considered risky, this spell allows direct engagement with the undead in magical combat. The magician makes a Spellcasting Test against the undead target\'s Spell Defense. If successful, magician and target are locked in a magical force of will—neither may take any actions other than those required for Undead Struggle until one contestant is destroyed or the spell ends. Each round, the magician compares his Effect Test against the target\'s Willpower Test. The loser takes Damage Points equal to the difference between the Test Results. Ties are won by the magician.'),
(372, 'Uneven Ground', 4, 1, 11, 18, 'Target\'s Spell Defense', 'Self', 'Rank + 4 rounds', 'Penalizes to enemy character actions', 0, 'Earth. This spell makes the ground around the magician shake and move violently. The magician places his hands on the ground and makes a Spellcasting Test against the highest Spell Defense among any characters in the area of effect. If successful, the ground lurches suddenly and violently, causing affected targets to become Harried and halving their Movement Rates (round down) until they move out of the area of effect or the spell ends. The magician is not affected by the shaking.'),
(373, 'Unmask', 4, 1, 10, 20, 'Target\'s Spell Defense', '8 yards ', 'Rank + 3 minutes', 'WIL + 6', 0, 'This spell reveals a character\'s true physical appearance to anyone watching. The magician makes a Spellcasting Test against the target\'s Spell Defense. If successful, he makes an Effect Test against the highest Dispel Difficulty of any power, spell, or talent concealing the target\'s appearance. If successful, the effects of those enchantments are suspended (not dispelled) and the target\'s true appearance is revealed.'),
(374, 'Unseen Voices', 1, 0, 0, 7, 'Target\'s Spell Defense', '40 yards ', 'Rank + 15 rounds', 'Creates unseen illusory voices', 1, 'Illusion. This spell creates the illusion of hidden voices to distract a character. The magician mutters quietly to himself and makes a Spellcasting Test against the target\'s Spell Defense. If successful, he creates a number of illusory voices equal to his Spellcasting Rank. The spell provides a nearly limitless number of different voices that can be used. A magician need only use whatever voices are required to achieve the desired result. By concentrating, the magician controls what each voice says—if he loses concentration, the voices repeat what they said in the previous round. The magician does not gain any special ability to hear what is being said by the target, but he must able to hear what the target is saying if he wants to use the voices in a real conversation.'),
(375, 'Vertigo', 7, 3, 12, 16, 'Target\'s Spell Defense', '30 yards ', 'Rank + 7 rounds', 'Effect:–6 penalty to Action Tests', 0, 'This spell totally disorients a character. The magician spins quickly around in circles, making himself slightly dizzy in the process, then makes a Spellcasting Test against the target\'s Spell Defense. If successful, the target can no longer tell which way is up or down and becomes severely disoriented, suffering a –6 penalty to his Action Tests.'),
(376, 'Viewpoint', 4, 1, 9, 17, '6', 'Touch', 'Rank + 6 minutes', 'WIL + 9', 0, 'This spell creates a one-way window through a wall or similar barrier no more than 2 yards (1 hex) thick. The magician makes a Spellcasting (6) Test. If successful, a window up to one square yard in size is created on the wall, allowing the magician to see through it. The barrier\'s material is unaffected—a stone wall is still as tough as stone, a wooden fence still provides the same protection, and so on. There is a chance that someone on the other side notices the window. The magician\'s Effect Test determines the Detection Difficulty for attempts to spot the window.'),
(377, 'Vines', 2, 1, 6, 15, 'Target\'s Spell Defense', '20 yards ', 'Rank + 3 rounds', 'WIL + 4', 0, 'Wood. This spells forces local flora to animate and grab a character. The magician animatedly waves his hands, then makes a Spellcasting Test against the target\'s Spell Defense. If successful, vines or roots erupt from the undergrowth, grabbing and clutching at the target. The target is held firmly and is Harried until he escapes. If the target makes a successful Strength Test against the Effect Step, he breaks free. Alternatively, the vines can be attacked, being slashed and torn until they relax sufficiently to release their victim. If the vines take Damage Points equal to or greater than their Death Rating, the target escapes. Either way, if the target escapes, the spell ends.'),
(378, 'Visions of Death', 4, 1, 9, 17, 'Target\'s Spell Defense', '40 yards ', 'Rank + 6 rounds', 'Immobilizes target with horror and fear', 0, 'This spell calls upon the spirit world to present a personal horror show to a character. The magician makes a Spellcasting Test against the target\'s Spell Defense. If successful, the target sees a detailed vision of his own death, the exact method decided by the magician. While watching the vision unfold, the target knows he is not dying, but the fear and horror has a mesmerizing effect, preventing him from moving or acting. Each round, the target may make a Willpower Test against the magician\'s Willpower Step. If successful, he shakes off his fear and the spell ends.'),
(379, 'Visit Death', 8, 4, 11, 24, 'Target\'s Spell Defense', 'Touch', 'Rank + 1 days', 'WIL + 4', 0, 'This spell inflicts a vision of death on a character. The magician touches the target and makes a Spellcasting Test against the target\'s Spell Defense. If successful, the target briefly sees himself dying a horrific and painful death in a manner of the magician\'s choosing, the experience leaving him disoriented and disturbed. The magician makes an Effect Test against the target\'s Spell Defense. If successful, the target suffers a –1 penalty per Result Level to his Action Tests. Each day, after waking from his nightly sleep, the target may make a Willpower Test against the Effect Step. If successful, his disorientation fades and the spell ends.'),
(380, 'Wake-Up Call', 2, 4, 6, 15, 'Target\'s Spell Defense', 'Touch', 'Up to 24 hours', 'Sets alarm to go off at specified time', 0, 'This spell sets an alarm to go off at a specified time. The magician imitates the clanging of a bell, then touches the target and makes a Spellcasting Test against the target\'s Spell Defense. If successful, the magician determines when the alarm will go off and whether the alarm noise (clanging bells) is audible to the target only or everyone within earshot.'),
(381, 'Walk Through', 7, 1, 13, 17, 'Target\'s Spell Defense', 'Touch', 'Rank + 6 rounds', 'Creates temporary pathway through an obstacle', 0, 'This spell creates a temporary pathway through a wall, gate, or other obstacle no more than 2 yards (1 hex) thick. The magician makes a Spellcasting Test against the obstacle\'s Spell Defense. If successful, an opening is created, although not a very stable one—it writhes, expands, and contracts randomly. The Result Level determines how large the opening is in comparison to humans. On an Average Result, one character can wriggle through each round, requiring a successful Dexterity (7) Test to do so; a Good Result allows one character to move easily through the gap each round; an Excellent Result allows a number of characters equal to the magician\'s Spellcasting Rank to move easily through the opening each round.'),
(382, 'Wall of Bones', 8, 4, 14, 21, '7', 'Touch', 'Rank + 3 minutes', 'Creates a wall of bones', 0, 'This spell creates a wall from the bones of those interred nearby. The magician must be standing where dead are buried, such as a cemetery or old battleground. The magician draws a line along the ground, then makes a Spellcasting (7) Test. If successful, the earth erupts along the line drawn, drawing up the bones of those buried within it to form a wall from a number of contiguous sections equal to the magician\'s Spellcasting Rank, each section equal to the area of effect in size. The wall can be physically or magically attacked. A character who fails an Attack Test against the wall has still struck it, but his blow has no effect—only an Extraordinary Result can defeat the bone wall\'s Physical or Mystic Armor. A section of wall takes damage equal to or greater than its Death Rating, the bones crumble to the ground.'),
(383, 'Wall of Darkness', 6, 2, 12, 19, '6', '4 yards ', 'Rank + 3 rounds', 'WIL + 6', 0, 'This spell conjures a barrier of darkness. The magician closes his eyes and makes a Spellcasting (6) Test. If successful, a wall of inky blackness appears, equal in size to the area of effect, that blocks sight from both sides. The wall absorbs attacks made through it, banishing the force of the attack to astral space. The magician makes an Effect Test against any Attack Test made through the wall. If successful, the attack fails. Characters on either side of the wall add +3 to their Physical Defense against attacks launched through the wall. The wall of darkness has no physical substance—anyone can Step through without being harmed.'),
(384, 'Wall of Unfire', 5, 3, 7, 15, '6', '24 yards ', 'Rank + 3 minutes', 'WIL + 8/Mystic', 1, 'Illusion. This spell creates a wall of illusory fire. The magician makes crackling hissing noises, like a roaring fire, then makes a Spellcasting (6) Test. If successful, a wall of flame equal in size to the area of effect appears within range. If a character attempts to pass through the wall, the magician makes a Spellcasting Test against the target\'s Spell Defense. If successful, his Effect Test determines how much damage is inflicted. If the target takes a Wound, his Knockdown Test is considered a Sensing Test (see Illusions, p. 139).'),
(385, 'Wall Walker', 1, 1, 6, 14, 'Target\'s Spell Defense', 'Touch', 'Rank + 10 rounds', 'WIL + 5', 0, 'This spell improves a character\'s climbing ability. The magician crouches down on all fours, then touches the target and makes a Spellcasting Test against the target\'s Spell Defense. If successful, the target makes an Effect Test in place of his Climbing Tests.'),
(386, 'Water Wings', 3, 1, 7, 15, 'Target\'s Spell Defense', 'Touch', 'Rank hours', 'Waterproofs windling wings', 0, 'Water. This spell waterproofs a windling\'s wings using a few drops of natural seed oil. The magician sprinkles the oil on the target\'s wings, then makes a Spellcasting Test against the target\'s Spell Defense. If successful, the target\'s wings are waterproofed for the spell\'s duration. This protection extends only to light rain, splashes of water, or a brief dunking, such as falling into a river or washbasin. It does not provide protection if the target decides to go swimming or immerses himself in water for a period, or if he is exposed to torrential rain for longer than a few minutes. The spell only works on windlings.'),
(387, 'Waterspout', 8, 2, 14, 21, 'Target\'s Spell Defense', '1 mile', '1 round', 'WIL + 15/Physical', 0, 'Water. This spell creates an enormous column of water to attack large waterborne targets, including riverboats, sailing ships, and creatures such as dragons and leviathans. The magician must be standing within ten yards of a large body of water, such as a river, lake, or sea. When attacking a riverboat or sailing ship, the magician makes a Spellcasting Test against the vessel\'s Maneuverability Rating. If successful, his Effect Test determines how much damage is inflicted. When attacking a creature or character, the magician makes a Spellcasting Test against the target\'s Spell Defense. Attacking a target smaller than a rowboat requires a Good Result. If successful, the magician\'s Effect Test determines how much damage is inflicted. If the target suffers a Wound he adds +7 to the Knockdown Difficulty.'),
(388, 'Weapon Back', 4, 2, 5, 16, 'Target\'s Spell Defense', 'Touch', 'Rank weeks (see text)', 'WIL + 6', 0, 'This ritual spell creates a link between a weapon and a character, allowing the weapon to find its way back should it somehow be lost. At dawn each day for a week, the magician spends half an hour inscribing a small design, using a drop of his own blood, on the weapon. He weaves the first spell thread at the end of the week. The magician then spends half an hour at dawn each day for another week, inscribing a scar of the same design on the character to be linked to the weapon. He weaves the last spell thread at the end of the second week. After all of the threads have been woven, a sympathetic link is created between the character and the weapon. The death of a character or destruction of a weapon destroys the link between them, causing both scar-design and weapon-inscription to fade away without a trace. Once the ritual is complete, the magician makes a Spellcasting Test against the higher of the target weapon\'s or character\'s Spell Defense. If successful, the designs glow brightly, then fade to their normal state. The link is now active. Anytime that the weapon is lost to the character, he may make an Effect Test against the weapon\'s Spell Defense. If successful, and the weapon is within the spell\'s area of effect, it moves to the character at a Movement Rate of 3. The character does not require line of sight to the weapon to retrieve it. Should the weapon need to make an Attribute Test— for example, to break out of a cabinet (Strength) or slide along a narrow window-sill (Dexterity)—the character makes an Effect Test in place of the Attribute Test.'),
(389, 'Weather Cloak', 2, 1, 6, 9, 'Target\'s Spell Defense', 'Touch', 'Rank × 10 minutes', 'WIL + 3', 0, 'This spell creates a cloak that provides protection against the elements. The magician holds his hands over his head, then makes a Spellcasting Test against the target\'s Spell Defense. If successful, a shimmering blue-silver cloak is woven around the target, protecting him from the elements. The target gains a +3 bonus to any Action Tests he makes to resist the effects of heat or cold caused by weather. The weather cloak also provides protection against the effects of supernatural weather, such as the Death Rain spell, p. 161. Each round, the cloak\'s wearer makes an Effect Test against the higher of the creator\'s or the weather\'s Spell Defense. If successful, he is unaffected by the weather that round.'),
(390, 'Whirlwind', 7, 2, 12, 18, '6', '24 yards ', 'Rank + 6 rounds', 'WIL + 9/Physical', 0, 'Air. This spell creates a spinning turbulent column of air. The magician makes whirling motions with his fingers, then makes a Spellcasting (6) Test. If successful, he forms a swirling pillar of wind, 4 yards (2 hexes) high, which spins wildly around him. Each round, the magician may concentrate to direct the whirlwind against one or more characters in range. The magician makes a Spellcasting Test against the highest Spell Defense among all characters in the area of effect. If successful, his Effect Test determines how much damage is inflicted. If the magician ceases to concentrate, the wind dissipates and the spell ends.'),
(391, 'Whisper Through the Night', 5, 1, 11, 18, 'Target\'s Spell Defense', '10 yards ', 'Rank + 1 rounds', 'WIL + 6', 0, 'This spell forces a previously-summoned ally spirit to answer questions truthfully. The magician makes a Spellcasting Test against the spirit\'s Spell Defense. If successful, he makes an Effect Test against the spirit\'s Willpower Step. If successful, each Result Level achieved allows him to ask one question, which the spirit must answer truthfully to the best of its ability (though it can tell half-truths). Each question takes at least one round to ask. If the spell ends before the magician asks all the questions he is allowed, he loses the opportunity to ask any remaining questions.'),
(392, 'Winds of Deflection', 3, 1, 8, 15, 'Target\'s Spell Defense', 'Self', 'Rank + 5 rounds', 'WIL + 6', 0, 'Air. This spell creates a wall of swirling wind strong enough to deflect physical attacks. The magician makes whooshing noises and makes a Spellcasting Test against his natural Spell Defense. If successful, a wave of roiling and surging air surrounds him. The magician makes an Effect Test against each physical Attack Test made against him during the spell\'s duration. If successful, the attack has no effect, otherwise, it affects the magician as normal. The swirling wind does not block attacks that cannot be resisted by Physical Armor, such as from certain spells and creature powers.'),
(393, 'Wit Friend', 7, 2, 8, 19, 'Target\'s Spell Defense', 'Touch', 'Rank + 10 minutes', 'WIL + 5', 0, 'This spell summons a spirit to assist with mental activities. The magician taps the target\'s head and makes a Spellcasting Test against the target\'s Spell Defense. If successful, he summons a spirit, which glides into the target\'s mind. During the spell\'s duration, any time the target fails a mental Skill or Talent Test (except for Spellcasting or Thread Weaving Tests), the spirit allows him a second chance. The target makes an Effect Test in place of the Skill or Talent Test. If this test fails, the action fails.'),
(394, 'Wither Away', 8, 5, 11, 21, 'Target\'s Spell Defense', 'Touch', 'Rank months', 'WIL/Mystic', 0, 'This spell causes a character to slowly wither away to the point of death. The magician utters a dire prophecy about the target, then touches him and makes a Spellcasting Test against the target\'s Spell Defense. If successful, his Effect Test determines the number of pounds of weight the target loses each month. This continues until the spell ends or the character dies. The spell may only be dispelled or removed with talents or spells that affect curses. If the target\'s weight sinks below 50 percent of his racial average, he becomes weak and dizzy and is considered Harried while in this condition. If the target\'s weight drops below 25 percent of his racial average, he takes Effect Step damage each month, in addition to the weight loss.'),
(395, 'Wither Limb', 5, 3, 8, 19, 'Target\'s Spell Defense', '24 yards ', '1 round', 'WIL + 8/Mystic', 0, 'This feared spell atrophies legs, arms, wings, and tails. The magician points at one of the victim\'s limbs and whispers \"wither,\" then makes a Spellcasting Test against the target\'s Spell Defense. If successful, his Effect Test determines how much damage is inflicted. If the target suffers a Wound, his limb shrivels and weakens as the muscle wastes away. The target is considered Harried in any round he uses that limb for any Action Tests. Additionally, if an arm is withered, he cannot carry an object weighing more than 2 pounds in or on that arm, including weapons or shields. If a leg or wing is withered, the appropriate Movement Rate is halved. If both legs or wings are withered, the target cannot use the appropriate form of movement, which usually means he is Knocked Down (no Knockdown Test is made), allowing only to crawl. The Wound remains with the target until the limb is restored. Only powerful healing magic, such as the Reverse Withering spell (see the Player\'s Companion), will allow full use of the limb to be regained.'),
(396, 'Wizard Mark', 3, 2, 6, 15, 'Target\'s Spell Defense', 'Touch', 'Rank + 1 hours', 'Places astral mark on target', 0, 'This spell places a symbol or mark on the target\'s astral pattern. The magician makes a Spellcasting Test against the target\'s Spell Defense. If successful, a mark is placed on the target\'s astral imprint, visible to anyone using astral sight (such as the Astral Sight talent, p. 61) and which can serve to brand the target for a crime or other offense. It also serves as a link between the magician and the target, acting as a weaker version of a Horror Mark. As such, it allows the magician to cast spells on the target while he is within the magician\'s line of sight, as if the magician was touching the subject. The mark\'s design is personal to the magician. Rumors suggest that a Horror may have taught Namegivers this spell, so its use is often regarded with suspicion.'),
(397, 'Wizard\'s Cloak', 4, 2, 10, 17, 'Target\'s Spell Defense', 'Touch', 'Rank + 5 minutes', 'WIL + 8', 0, 'This spell creates a magical cloak that masks the target\'s presence. The magician pantomimes placing a cloak over his shoulders and drawing the hood over his head, then touches the target and makes a Spellcasting Test against the target\'s Spell Defense. If successful, a faintly shimmering cloak of mystical energy momentarily appears, then vanishes into the target\'s body. The magician\'s Effect Test determines the target\'s Spell Defense against any spells or abilities intended to detect his presence or gain information about him.'),
(398, 'Wound Mask', 8, 3, 13, 15, 'Target\'s Spell Defense', 'Touch', 'Rank + 5 rounds', 'WIL + 10', 0, 'This spell conjures a mask that provides protection by drawing attacks made against the wearer onto itself. The magician pushes and prods the target\'s face, as if fitting something onto it, then makes a Spellcasting Test against the target\'s Spell Defense. If successful, a thin copper mask completely covers the target\'s face. Although there are no eye, nose, or mouth holes in the mask, the target sees, breathes, and speaks normally. The magician\'s Effect Test becomes the target\'s Physical Defense. Any physical Attack Test that fails to hit the target, hits the mask instead. The mask has a Death Rating of 25, Physical Armor 10, and can only be Armor- Defeated on an Extraordinary Result. At the end of each combat round, if the mask\'s Death Rating is at least 1, it fully recovers from any damage taken. If the damage taken in a single combat round equals or exceeds the mask\'s Death Rating, it is destroyed. The wearer is spared any damage until the next attack that hits—the destruction of the mask completely absorbs all of the damage from the blow that shatters it.'),
(399, 'You Got Me', 2, 1, 6, 14, '6', 'Self', 'Rank + 6 minutes', '+6 bonus to Charisma-based Tests', 1, 'Illusion. This spell enhances the caster\'s ability to pass himself off as another person. It is similar to the Best Face spell, p. 152, but changes one\'s entire appearance. The magician makes a ripping motion, as if peeling a mask or pulling his clothes off, and makes a Spellcasting (6) Test. If successful, his appearance—including clothing, equipment, and voice—changes, as desired. The magician gains a +6 bonus to his Charisma-based Tests when trying to convince others of his false identity or attempting to persuade them to act according to that misperception. During the spell\'s duration, the magician may make another Spellcasting (6) Test to alter the illusion. He may even create an illusion of his regular appearance. Magicians use this spell for everything from quick changes of clothes to appearing as their worst enemy while committing crimes. If the magician is mimicking someone else, he must have previously seen that individual on a prior occasion. The illusion can change the magician\'s apparent size, making him as large as a troll or as small as a windling. Any Action Tests made against the magician while the spell is in effect are considered Sensing Tests (see Illusions, p. 139).'),
(400, 'Dispel Shamanism Magic', 3, 1, 6, 13, '6', '30 yards ', '1 round', 'WIL', 0, 'This spell dispels Shamanism spells. It otherwise works in the same way as the Dispel Magic spell, p. 163.');

-- --------------------------------------------------------

--
-- Table structure for table `ed_status_group`
--

CREATE TABLE `ed_status_group` (
  `id` tinyint(1) UNSIGNED NOT NULL,
  `name` varchar(15) COLLATE utf8mb4_unicode_ci NOT NULL
) ENGINE=InnoDB DEFAULT CHARSET=utf8mb4 COLLATE=utf8mb4_unicode_ci;

--
-- Dumping data for table `ed_status_group`
--

INSERT INTO `ed_status_group` (`id`, `name`) VALUES
(1, 'Initiate'),
(3, 'Journeyman'),
(5, 'Master'),
(2, 'Novice'),
(4, 'Warden');

-- --------------------------------------------------------

--
-- Table structure for table `ed_support_talents`
--

CREATE TABLE `ed_support_talents` (
  `discipline_id` tinyint(3) UNSIGNED NOT NULL,
  `talent_id` smallint(5) UNSIGNED NOT NULL,
  `status_group_id` tinyint(1) UNSIGNED NOT NULL,
  `count` tinyint(1) UNSIGNED NOT NULL DEFAULT 1
) ENGINE=InnoDB DEFAULT CHARSET=utf8mb4 COLLATE=utf8mb4_unicode_ci;

--
-- Dumping data for table `ed_support_talents`
--

INSERT INTO `ed_support_talents` (`discipline_id`, `talent_id`, `status_group_id`, `count`) VALUES
(1, 2, 2, 1),
(1, 28, 3, 1),
(1, 46, 5, 1),
(1, 50, 1, 1),
(1, 52, 4, 1),
(1, 58, 4, 1),
(1, 62, 4, 1),
(1, 66, 3, 1),
(1, 70, 3, 1),
(1, 82, 4, 1),
(1, 90, 4, 1),
(1, 93, 2, 1),
(1, 94, 5, 1),
(1, 101, 4, 1),
(1, 107, 2, 1),
(1, 117, 3, 1),
(1, 119, 3, 1),
(1, 121, 2, 1),
(1, 136, 3, 1),
(1, 140, 5, 1),
(1, 142, 5, 1),
(1, 148, 2, 1),
(1, 149, 5, 1),
(1, 155, 4, 1),
(1, 156, 2, 1),
(1, 157, 3, 1),
(1, 165, 3, 1),
(1, 169, 2, 1),
(1, 176, 5, 1),
(1, 178, 5, 1),
(1, 180, 2, 1),
(1, 184, 3, 1),
(1, 189, 4, 1),
(1, 190, 5, 1),
(1, 197, 4, 1),
(1, 206, 1, 1),
(1, 213, 5, 1),
(1, 219, 4, 1),
(1, 222, 4, 1),
(1, 226, 4, 1),
(1, 231, 3, 1),
(1, 238, 2, 1),
(1, 250, 1, 1),
(1, 269, 3, 1),
(1, 271, 3, 1),
(2, 12, 2, 1),
(2, 17, 5, 1),
(2, 19, 3, 1),
(2, 22, 1, 1),
(2, 32, 4, 1),
(2, 40, 3, 1),
(2, 50, 1, 1),
(2, 56, 4, 1),
(2, 57, 3, 1),
(2, 58, 4, 1),
(2, 61, 3, 1),
(2, 62, 5, 1),
(2, 63, 5, 1),
(2, 66, 2, 1),
(2, 82, 3, 1),
(2, 93, 2, 1),
(2, 94, 3, 1),
(2, 98, 5, 1),
(2, 99, 3, 1),
(2, 107, 2, 1),
(2, 139, 4, 1),
(2, 142, 5, 1),
(2, 144, 4, 1),
(2, 155, 5, 1),
(2, 180, 3, 1),
(2, 183, 3, 1),
(2, 185, 4, 1),
(2, 187, 5, 1),
(2, 190, 5, 1),
(2, 195, 4, 1),
(2, 201, 2, 1),
(2, 206, 3, 1),
(2, 217, 2, 1),
(2, 218, 3, 1),
(2, 225, 4, 1),
(2, 231, 3, 1),
(2, 240, 4, 1),
(2, 241, 4, 1),
(2, 244, 2, 1),
(2, 248, 4, 1),
(2, 250, 1, 1),
(2, 251, 5, 1),
(2, 258, 4, 1),
(2, 269, 2, 1),
(2, 271, 2, 1),
(3, 2, 2, 1),
(3, 9, 4, 1),
(3, 10, 2, 1),
(3, 22, 1, 1),
(3, 30, 4, 1),
(3, 34, 3, 1),
(3, 41, 5, 1),
(3, 44, 2, 1),
(3, 50, 1, 1),
(3, 51, 4, 1),
(3, 52, 4, 1),
(3, 61, 3, 1),
(3, 65, 3, 1),
(3, 70, 4, 1),
(3, 79, 4, 1),
(3, 93, 3, 1),
(3, 95, 3, 1),
(3, 112, 3, 1),
(3, 113, 2, 1),
(3, 121, 2, 1),
(3, 133, 3, 1),
(3, 138, 4, 1),
(3, 139, 4, 1),
(3, 142, 4, 1),
(3, 148, 2, 1),
(3, 171, 5, 1),
(3, 172, 5, 1),
(3, 173, 3, 1),
(3, 178, 5, 1),
(3, 183, 3, 1),
(3, 185, 5, 1),
(3, 186, 4, 1),
(3, 195, 3, 1),
(3, 197, 5, 1),
(3, 213, 4, 1),
(3, 217, 2, 1),
(3, 230, 5, 1),
(3, 240, 4, 1),
(3, 242, 1, 1),
(3, 256, 5, 1),
(3, 269, 2, 1),
(3, 271, 3, 1),
(3, 279, 3, 1),
(3, 287, 5, 1),
(3, 308, 2, 1),
(4, 10, 2, 1),
(4, 12, 2, 1),
(4, 14, 4, 1),
(4, 22, 1, 1),
(4, 27, 5, 1),
(4, 28, 4, 1),
(4, 30, 5, 1),
(4, 34, 2, 1),
(4, 38, 4, 1),
(4, 46, 5, 1),
(4, 57, 3, 1),
(4, 58, 5, 1),
(4, 66, 3, 1),
(4, 77, 3, 1),
(4, 79, 4, 1),
(4, 81, 3, 1),
(4, 93, 2, 1),
(4, 95, 4, 1),
(4, 107, 2, 1),
(4, 113, 3, 1),
(4, 119, 3, 1),
(4, 121, 1, 1),
(4, 123, 3, 1),
(4, 133, 4, 1),
(4, 136, 3, 1),
(4, 138, 4, 1),
(4, 141, 4, 1),
(4, 142, 5, 1),
(4, 145, 5, 1),
(4, 155, 5, 1),
(4, 156, 2, 1),
(4, 183, 3, 1),
(4, 186, 4, 1),
(4, 190, 5, 1),
(4, 206, 1, 1),
(4, 216, 4, 1),
(4, 219, 3, 1),
(4, 231, 3, 1),
(4, 238, 2, 1),
(4, 240, 4, 1),
(4, 242, 2, 1),
(4, 247, 4, 1),
(4, 250, 2, 1),
(4, 251, 5, 1),
(4, 264, 3, 1),
(5, 4, 3, 1),
(5, 5, 2, 1),
(5, 6, 2, 1),
(5, 9, 4, 1),
(5, 16, 4, 2),
(5, 19, 3, 1),
(5, 22, 2, 1),
(5, 43, 5, 1),
(5, 50, 1, 1),
(5, 84, 4, 1),
(5, 95, 4, 1),
(5, 97, 3, 2),
(5, 105, 4, 1),
(5, 107, 2, 1),
(5, 108, 5, 1),
(5, 117, 3, 1),
(5, 118, 5, 1),
(5, 125, 4, 1),
(5, 134, 3, 1),
(5, 139, 4, 1),
(5, 150, 3, 1),
(5, 180, 1, 1),
(5, 190, 5, 1),
(5, 194, 5, 1),
(5, 195, 3, 1),
(5, 196, 5, 2),
(5, 203, 5, 1),
(5, 206, 2, 1),
(5, 209, 1, 1),
(5, 209, 2, 2),
(5, 213, 4, 1),
(5, 214, 3, 1),
(5, 248, 4, 1),
(5, 250, 2, 1),
(5, 258, 4, 1),
(5, 259, 4, 1),
(5, 266, 3, 1),
(5, 268, 2, 1),
(5, 270, 3, 1),
(5, 273, 5, 1),
(5, 278, 3, 1),
(6, 13, 2, 1),
(6, 16, 4, 3),
(6, 19, 2, 1),
(6, 25, 5, 1),
(6, 31, 4, 1),
(6, 43, 5, 1),
(6, 45, 5, 1),
(6, 53, 4, 1),
(6, 65, 3, 1),
(6, 96, 3, 1),
(6, 97, 3, 2),
(6, 107, 2, 1),
(6, 108, 5, 1),
(6, 119, 3, 1),
(6, 121, 2, 1),
(6, 123, 3, 1),
(6, 125, 4, 1),
(6, 132, 4, 1),
(6, 136, 3, 1),
(6, 139, 4, 1),
(6, 141, 4, 1),
(6, 149, 5, 1),
(6, 151, 4, 1),
(6, 153, 3, 1),
(6, 179, 5, 1),
(6, 180, 2, 1),
(6, 183, 3, 1),
(6, 195, 4, 1),
(6, 196, 5, 3),
(6, 201, 2, 1),
(6, 202, 3, 1),
(6, 206, 1, 1),
(6, 209, 1, 1),
(6, 209, 2, 2),
(6, 218, 3, 1),
(6, 219, 4, 1),
(6, 231, 1, 1),
(6, 266, 3, 1),
(6, 269, 2, 1),
(7, 1, 3, 1),
(7, 9, 3, 1),
(7, 11, 4, 1),
(7, 13, 2, 1),
(7, 16, 4, 2),
(7, 18, 4, 1),
(7, 57, 2, 1),
(7, 64, 5, 1),
(7, 77, 3, 1),
(7, 90, 3, 1),
(7, 95, 4, 1),
(7, 97, 3, 2),
(7, 98, 5, 1),
(7, 107, 2, 1),
(7, 108, 5, 1),
(7, 113, 2, 1),
(7, 115, 4, 1),
(7, 121, 2, 1),
(7, 125, 4, 1),
(7, 134, 3, 1),
(7, 138, 4, 1),
(7, 141, 3, 1),
(7, 180, 1, 1),
(7, 183, 3, 1),
(7, 187, 5, 1),
(7, 196, 5, 3),
(7, 201, 3, 1),
(7, 206, 2, 1),
(7, 209, 1, 1),
(7, 209, 2, 2),
(7, 213, 4, 1),
(7, 215, 5, 1),
(7, 218, 3, 1),
(7, 219, 4, 1),
(7, 231, 2, 1),
(7, 232, 4, 1),
(7, 233, 4, 1),
(7, 256, 5, 1),
(7, 266, 3, 1),
(7, 283, 1, 1),
(8, 12, 3, 1),
(8, 38, 3, 1),
(8, 51, 4, 1),
(8, 53, 3, 1),
(8, 57, 2, 1),
(8, 61, 3, 1),
(8, 64, 5, 1),
(8, 65, 2, 1),
(8, 66, 2, 1),
(8, 69, 2, 1),
(8, 70, 4, 1),
(8, 71, 3, 1),
(8, 75, 2, 1),
(8, 82, 4, 1),
(8, 93, 2, 1),
(8, 95, 4, 1),
(8, 98, 5, 1),
(8, 117, 3, 1),
(8, 120, 3, 1),
(8, 138, 4, 1),
(8, 139, 4, 1),
(8, 146, 3, 1),
(8, 148, 2, 1),
(8, 149, 5, 1),
(8, 150, 1, 1),
(8, 155, 4, 1),
(8, 156, 1, 1),
(8, 166, 5, 1),
(8, 172, 5, 1),
(8, 173, 4, 1),
(8, 176, 5, 1),
(8, 180, 2, 1),
(8, 187, 5, 1),
(8, 195, 4, 1),
(8, 202, 5, 1),
(8, 233, 4, 1),
(8, 238, 1, 1),
(8, 244, 3, 1),
(8, 246, 3, 1),
(8, 250, 2, 1),
(8, 271, 3, 1),
(8, 287, 4, 1),
(8, 291, 4, 1),
(8, 302, 5, 1),
(8, 309, 3, 1),
(9, 6, 3, 1),
(9, 21, 5, 1),
(9, 22, 2, 1),
(9, 34, 3, 1),
(9, 50, 2, 1),
(9, 53, 3, 1),
(9, 58, 5, 1),
(9, 62, 4, 1),
(9, 66, 2, 1),
(9, 70, 4, 1),
(9, 78, 5, 1),
(9, 79, 3, 1),
(9, 82, 4, 1),
(9, 95, 4, 1),
(9, 106, 4, 1),
(9, 117, 3, 1),
(9, 121, 3, 1),
(9, 123, 4, 1),
(9, 136, 3, 1),
(9, 140, 5, 1),
(9, 142, 5, 1),
(9, 152, 5, 1),
(9, 155, 5, 1),
(9, 156, 2, 1),
(9, 169, 1, 1),
(9, 183, 3, 1),
(9, 192, 4, 1),
(9, 197, 4, 1),
(9, 201, 2, 1),
(9, 206, 2, 1),
(9, 213, 4, 1),
(9, 218, 4, 1),
(9, 226, 3, 1),
(9, 227, 2, 1),
(9, 238, 1, 1),
(9, 240, 3, 1),
(9, 244, 3, 1),
(9, 247, 3, 1),
(9, 250, 1, 1),
(9, 256, 5, 1),
(9, 258, 4, 1),
(9, 260, 5, 1),
(9, 268, 2, 1),
(9, 271, 2, 1),
(9, 282, 4, 1),
(10, 2, 2, 1),
(10, 12, 2, 1),
(10, 22, 1, 1),
(10, 31, 4, 1),
(10, 44, 3, 1),
(10, 51, 4, 1),
(10, 53, 3, 1),
(10, 58, 4, 1),
(10, 61, 3, 1),
(10, 66, 2, 1),
(10, 94, 4, 1),
(10, 96, 3, 1),
(10, 107, 1, 1),
(10, 119, 3, 1),
(10, 121, 2, 1),
(10, 131, 5, 1),
(10, 132, 4, 1),
(10, 136, 3, 1),
(10, 138, 4, 1),
(10, 141, 3, 1),
(10, 142, 5, 1),
(10, 149, 5, 1),
(10, 155, 5, 1),
(10, 185, 5, 1),
(10, 190, 5, 1),
(10, 197, 4, 1),
(10, 198, 3, 1),
(10, 206, 1, 1),
(10, 213, 4, 1),
(10, 216, 4, 1),
(10, 217, 2, 1),
(10, 219, 4, 1),
(10, 221, 4, 1),
(10, 226, 3, 1),
(10, 227, 3, 1),
(10, 233, 4, 1),
(10, 238, 2, 1),
(10, 240, 3, 1),
(10, 244, 3, 1),
(10, 250, 2, 1),
(10, 255, 5, 1),
(10, 259, 5, 1),
(10, 269, 2, 1),
(10, 271, 2, 1),
(10, 301, 5, 1),
(11, 22, 1, 1),
(11, 23, 4, 1),
(11, 31, 4, 1),
(11, 36, 3, 1),
(11, 51, 4, 1),
(11, 53, 3, 1),
(11, 58, 5, 1),
(11, 60, 5, 1),
(11, 61, 3, 1),
(11, 62, 5, 1),
(11, 63, 4, 1),
(11, 65, 2, 1),
(11, 66, 2, 1),
(11, 75, 2, 1),
(11, 95, 4, 1),
(11, 96, 3, 1),
(11, 99, 3, 1),
(11, 113, 2, 1),
(11, 120, 3, 1),
(11, 121, 2, 1),
(11, 127, 5, 1),
(11, 134, 3, 1),
(11, 138, 4, 1),
(11, 139, 5, 1),
(11, 140, 5, 1),
(11, 150, 1, 1),
(11, 153, 3, 1),
(11, 154, 4, 1),
(11, 156, 2, 1),
(11, 165, 3, 1),
(11, 173, 4, 1),
(11, 176, 5, 1),
(11, 180, 3, 1),
(11, 192, 4, 1),
(11, 193, 5, 1),
(11, 195, 4, 1),
(11, 206, 2, 1),
(11, 216, 5, 1),
(11, 217, 2, 1),
(11, 238, 1, 1),
(11, 240, 3, 1),
(11, 246, 3, 1),
(11, 269, 2, 1),
(11, 291, 4, 1),
(11, 306, 4, 1),
(12, 21, 5, 1),
(12, 22, 2, 1),
(12, 27, 4, 1),
(12, 28, 3, 1),
(12, 36, 3, 1),
(12, 46, 5, 1),
(12, 60, 4, 1),
(12, 62, 5, 1),
(12, 63, 4, 1),
(12, 68, 3, 1),
(12, 70, 4, 1),
(12, 75, 2, 1),
(12, 90, 3, 1),
(12, 94, 3, 1),
(12, 99, 3, 1),
(12, 108, 5, 1),
(12, 112, 3, 1),
(12, 115, 5, 1),
(12, 119, 3, 1),
(12, 121, 2, 1),
(12, 123, 2, 1),
(12, 127, 4, 1),
(12, 133, 4, 1),
(12, 136, 2, 1),
(12, 138, 5, 1),
(12, 140, 5, 1),
(12, 141, 3, 1),
(12, 142, 4, 1),
(12, 145, 4, 1),
(12, 150, 1, 1),
(12, 154, 4, 1),
(12, 170, 2, 1),
(12, 178, 4, 1),
(12, 180, 2, 1),
(12, 187, 4, 1),
(12, 189, 5, 1),
(12, 202, 3, 1),
(12, 214, 3, 1),
(12, 218, 2, 1),
(12, 222, 5, 1),
(12, 231, 1, 1),
(12, 235, 4, 1),
(12, 238, 1, 1),
(12, 269, 2, 1),
(12, 309, 3, 1),
(13, 2, 1, 1),
(13, 4, 1, 1),
(13, 27, 4, 1),
(13, 30, 5, 1),
(13, 47, 2, 1),
(13, 50, 2, 1),
(13, 58, 4, 1),
(13, 62, 5, 1),
(13, 66, 3, 1),
(13, 70, 3, 1),
(13, 89, 4, 1),
(13, 90, 3, 1),
(13, 105, 3, 1),
(13, 117, 3, 1),
(13, 123, 2, 1),
(13, 141, 3, 1),
(13, 144, 3, 1),
(13, 148, 2, 1),
(13, 149, 4, 1),
(13, 152, 5, 1),
(13, 155, 4, 1),
(13, 156, 2, 1),
(13, 157, 3, 1),
(13, 169, 1, 1),
(13, 171, 4, 1),
(13, 173, 5, 1),
(13, 183, 3, 1),
(13, 191, 5, 1),
(13, 192, 3, 1),
(13, 197, 4, 1),
(13, 198, 3, 1),
(13, 217, 2, 1),
(13, 218, 4, 1),
(13, 219, 3, 1),
(13, 220, 5, 1),
(13, 227, 2, 1),
(13, 233, 4, 1),
(13, 238, 2, 1),
(13, 240, 2, 1),
(13, 252, 4, 1),
(13, 255, 5, 1),
(13, 258, 5, 1),
(13, 260, 5, 1),
(13, 264, 4, 1),
(13, 265, 4, 1),
(14, 1, 2, 1),
(14, 22, 2, 1),
(14, 53, 3, 1),
(14, 58, 5, 1),
(14, 59, 5, 1),
(14, 65, 3, 1),
(14, 70, 4, 1),
(14, 71, 4, 1),
(14, 84, 4, 1),
(14, 90, 3, 1),
(14, 98, 5, 1),
(14, 105, 3, 1),
(14, 106, 3, 1),
(14, 107, 2, 1),
(14, 108, 5, 1),
(14, 109, 4, 1),
(14, 118, 5, 1),
(14, 123, 2, 1),
(14, 124, 4, 1),
(14, 138, 4, 1),
(14, 146, 2, 1),
(14, 148, 3, 1),
(14, 152, 4, 1),
(14, 156, 2, 1),
(14, 157, 4, 1),
(14, 169, 1, 1),
(14, 180, 2, 1),
(14, 182, 5, 1),
(14, 183, 3, 1),
(14, 190, 5, 1),
(14, 192, 4, 1),
(14, 193, 4, 1),
(14, 194, 3, 1),
(14, 197, 4, 1),
(14, 198, 2, 1),
(14, 206, 1, 1),
(14, 219, 4, 1),
(14, 231, 3, 1),
(14, 232, 3, 1),
(14, 234, 3, 1),
(14, 238, 1, 1),
(14, 258, 3, 1),
(14, 260, 5, 1),
(14, 271, 2, 1),
(14, 301, 5, 1),
(15, 1, 2, 1),
(15, 13, 1, 1),
(15, 16, 4, 3),
(15, 18, 5, 1),
(15, 24, 5, 1),
(15, 38, 3, 1),
(15, 52, 4, 1),
(15, 57, 3, 1),
(15, 63, 5, 1),
(15, 65, 3, 1),
(15, 66, 3, 1),
(15, 69, 3, 1),
(15, 90, 3, 1),
(15, 93, 2, 1),
(15, 96, 4, 1),
(15, 97, 3, 2),
(15, 99, 2, 1),
(15, 107, 2, 1),
(15, 108, 5, 1),
(15, 112, 3, 1),
(15, 121, 2, 1),
(15, 138, 4, 1),
(15, 139, 4, 1),
(15, 154, 4, 1),
(15, 167, 5, 1),
(15, 180, 1, 1),
(15, 187, 4, 1),
(15, 190, 5, 1),
(15, 195, 4, 1),
(15, 196, 5, 3),
(15, 201, 2, 1),
(15, 206, 2, 1),
(15, 209, 1, 1),
(15, 209, 2, 2),
(15, 213, 4, 1),
(15, 231, 3, 1),
(15, 266, 3, 1),
(15, 269, 3, 1),
(15, 303, 4, 1),
(16, 13, 2, 1),
(16, 16, 4, 2),
(16, 22, 2, 1),
(16, 30, 4, 1),
(16, 33, 4, 1),
(16, 34, 3, 1),
(16, 44, 1, 1),
(16, 50, 2, 1),
(16, 52, 3, 1),
(16, 63, 4, 1),
(16, 77, 2, 1),
(16, 95, 3, 1),
(16, 97, 3, 2),
(16, 113, 2, 1),
(16, 125, 5, 1),
(16, 134, 3, 1),
(16, 149, 4, 1),
(16, 150, 3, 1),
(16, 166, 5, 1),
(16, 167, 5, 1),
(16, 179, 5, 1),
(16, 182, 4, 1),
(16, 190, 5, 1),
(16, 196, 5, 2),
(16, 201, 2, 1),
(16, 206, 1, 1),
(16, 209, 1, 1),
(16, 209, 2, 2),
(16, 210, 4, 1),
(16, 211, 3, 1),
(16, 213, 4, 1),
(16, 217, 2, 1),
(16, 218, 3, 1),
(16, 233, 3, 1),
(16, 242, 3, 1),
(16, 252, 4, 1),
(16, 256, 5, 1),
(16, 258, 4, 1),
(16, 266, 3, 1),
(16, 270, 4, 1),
(16, 272, 5, 1),
(17, 1, 2, 1),
(17, 2, 1, 1),
(17, 4, 1, 1),
(17, 33, 5, 1),
(17, 50, 2, 1),
(17, 52, 3, 1),
(17, 57, 2, 1),
(17, 62, 4, 1),
(17, 65, 2, 1),
(17, 66, 3, 1),
(17, 68, 4, 1),
(17, 85, 5, 1),
(17, 93, 3, 1),
(17, 95, 4, 1),
(17, 98, 5, 1),
(17, 105, 3, 1),
(17, 115, 5, 1),
(17, 123, 2, 1),
(17, 144, 3, 1),
(17, 146, 3, 1),
(17, 149, 5, 1),
(17, 152, 4, 1),
(17, 167, 4, 1),
(17, 168, 4, 1),
(17, 173, 5, 1),
(17, 178, 5, 1),
(17, 180, 2, 1),
(17, 183, 3, 1),
(17, 185, 4, 1),
(17, 187, 4, 1),
(17, 189, 4, 1),
(17, 201, 1, 1),
(17, 210, 3, 1),
(17, 211, 3, 1),
(17, 217, 2, 1),
(17, 232, 4, 1),
(17, 235, 4, 1),
(17, 238, 2, 1),
(17, 240, 3, 1),
(17, 244, 2, 1),
(17, 252, 3, 1),
(17, 256, 4, 1),
(17, 262, 5, 1),
(17, 270, 3, 1),
(17, 272, 5, 1),
(18, 2, 2, 1),
(18, 27, 3, 1),
(18, 46, 5, 1),
(18, 58, 5, 1),
(18, 61, 3, 1),
(18, 63, 4, 1),
(18, 66, 3, 1),
(18, 70, 3, 1),
(18, 78, 4, 1),
(18, 82, 4, 1),
(18, 90, 4, 1),
(18, 94, 5, 1),
(18, 98, 5, 1),
(18, 107, 3, 1),
(18, 121, 1, 1),
(18, 123, 2, 1),
(18, 136, 3, 1),
(18, 140, 5, 1),
(18, 141, 3, 1),
(18, 142, 4, 1),
(18, 145, 5, 1),
(18, 148, 2, 1),
(18, 155, 4, 1),
(18, 156, 2, 1),
(18, 165, 3, 1),
(18, 170, 2, 1),
(18, 175, 5, 1),
(18, 178, 4, 1),
(18, 180, 2, 1),
(18, 184, 3, 1),
(18, 190, 5, 1),
(18, 197, 4, 1),
(18, 198, 3, 1),
(18, 202, 4, 1),
(18, 206, 1, 1),
(18, 219, 4, 1),
(18, 222, 4, 1),
(18, 227, 3, 1),
(18, 231, 2, 1),
(18, 238, 2, 1),
(18, 240, 4, 1),
(18, 250, 1, 1),
(18, 265, 5, 1),
(18, 269, 2, 1),
(18, 271, 3, 1),
(20, 8, 5, 1),
(20, 13, 2, 1),
(20, 18, 4, 1),
(20, 22, 2, 1),
(20, 24, 4, 1),
(20, 33, 5, 1),
(20, 36, 3, 1),
(20, 70, 4, 1),
(20, 90, 3, 1),
(20, 93, 3, 1),
(20, 94, 3, 1),
(20, 101, 3, 1),
(20, 107, 1, 1),
(20, 108, 5, 1),
(20, 113, 2, 1),
(20, 121, 2, 1),
(20, 123, 2, 1),
(20, 126, 5, 1),
(20, 129, 4, 1),
(20, 132, 4, 1),
(20, 134, 2, 1),
(20, 138, 4, 1),
(20, 140, 5, 1),
(20, 141, 3, 1),
(20, 150, 1, 1),
(20, 154, 4, 1),
(20, 155, 5, 1),
(20, 170, 2, 1),
(20, 180, 1, 1),
(20, 183, 3, 1),
(20, 187, 4, 1),
(20, 189, 5, 1),
(20, 193, 4, 1),
(20, 204, 4, 1),
(20, 214, 3, 1),
(20, 231, 2, 1),
(20, 235, 4, 1),
(20, 236, 5, 1),
(20, 238, 2, 1),
(20, 238, 3, 1),
(20, 248, 5, 1),
(20, 259, 4, 1),
(20, 280, 3, 1),
(20, 282, 3, 1),
(20, 308, 3, 1),
(21, 4, 3, 1),
(21, 14, 5, 1),
(21, 15, 5, 1),
(21, 47, 2, 1),
(21, 51, 3, 1),
(21, 58, 4, 1),
(21, 62, 4, 1),
(21, 66, 3, 1),
(21, 70, 3, 1),
(21, 102, 3, 1),
(21, 105, 3, 1),
(21, 141, 3, 1),
(21, 148, 2, 1),
(21, 149, 4, 1),
(21, 152, 4, 1),
(21, 155, 5, 1),
(21, 156, 2, 1),
(21, 157, 3, 1),
(21, 161, 5, 1),
(21, 162, 5, 1),
(21, 169, 1, 1),
(21, 171, 4, 1),
(21, 173, 4, 1),
(21, 178, 5, 1),
(21, 183, 3, 1),
(21, 185, 4, 1),
(21, 192, 4, 1),
(21, 197, 4, 1),
(21, 217, 2, 1),
(21, 218, 4, 1),
(21, 219, 3, 1),
(21, 221, 4, 1),
(21, 225, 3, 1),
(21, 227, 2, 1),
(21, 231, 2, 1),
(21, 238, 2, 1),
(21, 240, 2, 1),
(21, 250, 1, 1),
(21, 251, 5, 1),
(21, 255, 5, 1),
(21, 258, 3, 1),
(21, 264, 4, 1),
(21, 271, 2, 1),
(21, 273, 5, 1),
(21, 288, 1, 1),
(22, 2, 3, 1),
(22, 9, 4, 1),
(22, 12, 2, 1),
(22, 14, 5, 1),
(22, 19, 2, 1),
(22, 29, 4, 1),
(22, 33, 5, 1),
(22, 41, 4, 1),
(22, 44, 1, 1),
(22, 53, 4, 1),
(22, 63, 5, 1),
(22, 64, 5, 1),
(22, 65, 2, 1),
(22, 66, 3, 1),
(22, 67, 5, 1),
(22, 69, 3, 1),
(22, 70, 4, 1),
(22, 71, 3, 1),
(22, 79, 4, 1),
(22, 82, 3, 1),
(22, 90, 3, 1),
(22, 93, 2, 1),
(22, 148, 2, 1),
(22, 150, 1, 1),
(22, 155, 5, 1),
(22, 156, 1, 1),
(22, 165, 3, 1),
(22, 172, 5, 1),
(22, 173, 4, 1),
(22, 180, 3, 1),
(22, 190, 5, 1),
(22, 206, 2, 1),
(22, 216, 3, 1),
(22, 217, 2, 1),
(22, 218, 4, 1),
(22, 222, 4, 1),
(22, 226, 3, 1),
(22, 240, 4, 1),
(22, 242, 2, 1),
(22, 244, 3, 1),
(22, 246, 2, 1),
(22, 248, 4, 1),
(22, 251, 5, 1),
(22, 291, 4, 1),
(22, 309, 3, 1),
(23, 7, 2, 1),
(23, 12, 3, 1),
(23, 22, 1, 1),
(23, 23, 4, 1),
(23, 30, 5, 1),
(23, 38, 2, 1),
(23, 51, 4, 1),
(23, 56, 5, 1),
(23, 58, 4, 1),
(23, 62, 5, 1),
(23, 65, 2, 1),
(23, 66, 3, 1),
(23, 69, 3, 1),
(23, 70, 4, 1),
(23, 71, 3, 1),
(23, 75, 2, 1),
(23, 78, 5, 1),
(23, 82, 5, 1),
(23, 93, 3, 1),
(23, 95, 3, 1),
(23, 98, 5, 1),
(23, 99, 4, 1),
(23, 113, 3, 1),
(23, 122, 3, 1),
(23, 139, 4, 1),
(23, 141, 3, 1),
(23, 148, 2, 1),
(23, 150, 1, 1),
(23, 165, 2, 1),
(23, 172, 4, 1),
(23, 185, 5, 1),
(23, 189, 4, 1),
(23, 190, 5, 1),
(23, 191, 4, 1),
(23, 195, 4, 1),
(23, 201, 2, 1),
(23, 216, 5, 1),
(23, 217, 2, 1),
(23, 221, 3, 1),
(23, 238, 1, 1),
(23, 240, 4, 1),
(23, 244, 3, 1),
(23, 246, 3, 1),
(23, 258, 4, 1),
(23, 270, 2, 1),
(24, 2, 2, 1),
(24, 12, 3, 1),
(24, 22, 1, 1),
(24, 33, 5, 1),
(24, 50, 1, 1),
(24, 53, 3, 1),
(24, 58, 4, 1),
(24, 61, 3, 1),
(24, 64, 5, 1),
(24, 70, 3, 1),
(24, 105, 2, 1),
(24, 113, 3, 1),
(24, 114, 5, 1),
(24, 132, 4, 1),
(24, 138, 4, 1),
(24, 142, 3, 1),
(24, 149, 5, 1),
(24, 162, 5, 1),
(24, 171, 4, 1),
(24, 178, 5, 1),
(24, 183, 3, 1),
(24, 187, 4, 1),
(24, 189, 3, 1),
(24, 190, 5, 1),
(24, 200, 5, 1),
(24, 201, 3, 1),
(24, 216, 4, 1),
(24, 217, 2, 1),
(24, 218, 4, 1),
(24, 219, 3, 1),
(24, 226, 3, 1),
(24, 227, 2, 1),
(24, 232, 4, 1),
(24, 233, 4, 1),
(24, 238, 2, 1),
(24, 240, 2, 1),
(24, 250, 1, 1),
(24, 252, 4, 1),
(24, 258, 4, 1),
(24, 260, 5, 1),
(24, 265, 4, 1),
(24, 292, 2, 1),
(24, 296, 3, 1),
(24, 297, 2, 1),
(24, 298, 2, 1),
(25, 2, 1, 1),
(25, 5, 3, 1),
(25, 27, 3, 1),
(25, 50, 2, 1),
(25, 51, 3, 1),
(25, 58, 4, 1),
(25, 62, 5, 1),
(25, 66, 3, 1),
(25, 68, 4, 1),
(25, 70, 4, 1),
(25, 79, 3, 1),
(25, 83, 5, 1),
(25, 84, 3, 1),
(25, 95, 3, 1),
(25, 105, 2, 1),
(25, 120, 2, 1),
(25, 129, 4, 1),
(25, 142, 5, 1),
(25, 148, 2, 1),
(25, 149, 4, 1),
(25, 155, 4, 1),
(25, 156, 3, 1),
(25, 157, 3, 1),
(25, 169, 1, 1),
(25, 171, 4, 1),
(25, 183, 3, 1),
(25, 185, 5, 1),
(25, 190, 5, 1),
(25, 192, 3, 1),
(25, 197, 4, 1),
(25, 213, 5, 1),
(25, 218, 4, 1),
(25, 221, 4, 1),
(25, 227, 2, 1),
(25, 231, 1, 1),
(25, 233, 4, 1),
(25, 238, 2, 1),
(25, 239, 5, 1),
(25, 240, 2, 1),
(25, 258, 4, 1),
(25, 265, 5, 1),
(25, 268, 3, 1),
(25, 270, 2, 1),
(25, 271, 2, 1),
(25, 308, 5, 1),
(26, 1, 2, 1),
(26, 2, 1, 1),
(26, 19, 3, 1),
(26, 22, 1, 1),
(26, 27, 4, 1),
(26, 28, 1, 1),
(26, 29, 4, 1),
(26, 30, 4, 1),
(26, 45, 5, 1),
(26, 50, 2, 1),
(26, 52, 4, 1),
(26, 57, 2, 1),
(26, 58, 4, 1),
(26, 84, 3, 1),
(26, 95, 3, 1),
(26, 105, 3, 1),
(26, 122, 4, 1),
(26, 141, 3, 1),
(26, 142, 4, 1),
(26, 144, 3, 1),
(26, 148, 2, 1),
(26, 152, 4, 1),
(26, 155, 4, 1),
(26, 157, 3, 1),
(26, 159, 5, 1),
(26, 173, 4, 1),
(26, 183, 3, 1),
(26, 190, 5, 1),
(26, 198, 3, 1),
(26, 216, 4, 1),
(26, 217, 2, 1),
(26, 218, 3, 1),
(26, 219, 3, 1),
(26, 220, 5, 1),
(26, 227, 2, 1),
(26, 233, 3, 1),
(26, 238, 2, 1),
(26, 240, 2, 1),
(26, 255, 5, 1),
(26, 259, 4, 1),
(26, 260, 5, 1),
(26, 265, 5, 1),
(26, 270, 2, 1),
(26, 272, 5, 1),
(26, 273, 5, 1),
(27, 1, 2, 1),
(27, 13, 3, 1),
(27, 18, 5, 1),
(27, 19, 2, 1),
(27, 22, 2, 1),
(27, 25, 4, 1),
(27, 33, 5, 1),
(27, 50, 2, 1),
(27, 52, 4, 1),
(27, 57, 3, 1),
(27, 62, 5, 1),
(27, 65, 3, 1),
(27, 69, 3, 1),
(27, 75, 2, 1),
(27, 93, 3, 1),
(27, 94, 4, 1),
(27, 95, 4, 1),
(27, 107, 2, 1),
(27, 108, 5, 1),
(27, 119, 3, 1),
(27, 121, 1, 1),
(27, 138, 4, 1),
(27, 139, 4, 1),
(27, 141, 3, 1),
(27, 150, 2, 1),
(27, 153, 3, 1),
(27, 167, 4, 1),
(27, 172, 5, 1),
(27, 173, 4, 1),
(27, 181, 1, 1),
(27, 183, 4, 1),
(27, 186, 4, 1),
(27, 190, 5, 1),
(27, 193, 4, 1),
(27, 195, 3, 1),
(27, 201, 2, 1),
(27, 213, 5, 1),
(27, 218, 1, 1),
(27, 222, 4, 1),
(27, 225, 3, 1),
(27, 231, 2, 1),
(27, 249, 5, 1),
(27, 256, 5, 1),
(27, 269, 3, 1),
(27, 286, 3, 1);

-- --------------------------------------------------------

--
-- Table structure for table `ed_talents`
--

CREATE TABLE `ed_talents` (
  `id` smallint(5) UNSIGNED NOT NULL,
  `name` varchar(35) COLLATE utf8mb4_unicode_ci NOT NULL,
  `karma` tinyint(1) UNSIGNED NOT NULL DEFAULT 0,
  `action` tinyint(1) UNSIGNED NOT NULL DEFAULT 0,
  `strain` tinyint(1) UNSIGNED NOT NULL DEFAULT 0,
  `attribute` tinyint(1) UNSIGNED DEFAULT NULL,
  `stepbonus` tinyint(2) UNSIGNED NOT NULL DEFAULT 0,
  `description` text COLLATE utf8mb4_unicode_ci DEFAULT NULL
) ENGINE=InnoDB DEFAULT CHARSET=utf8mb4 COLLATE=utf8mb4_unicode_ci;

--
-- Dumping data for table `ed_talents`
--

INSERT INTO `ed_talents` (`id`, `name`, `karma`, `action`, `strain`, `attribute`, `stepbonus`, `description`) VALUES
(1, 'Abate Curse', 0, 1, 1, 5, 0, NULL),
(2, 'Acrobatic Strike', 0, 1, 1, 1, 0, NULL),
(3, 'Aid of Ages', 1, 0, 0, 5, 0, NULL),
(4, 'Air Dance', 0, 0, 1, 1, 0, NULL),
(5, 'Air Sailing', 0, 1, 0, 5, 0, NULL),
(6, 'Air Speaking', 0, 0, 0, NULL, 0, NULL),
(7, 'Animal Bond', 0, 1, 0, 6, 0, NULL),
(8, 'Animal Leadership', 1, 1, 0, 6, 0, NULL),
(9, 'Animal Possession', 0, 1, 2, 5, 0, NULL),
(10, 'Animal Training', 0, 1, 0, 6, 0, NULL),
(11, 'Animate Object', 0, 1, 0, 5, 0, NULL),
(12, 'Anticipate Blow', 0, 0, 1, 4, 0, NULL),
(13, 'Arcane Mutterings', 1, 1, 0, 5, 0, NULL),
(14, 'Armor Mount', 0, 0, 1, 3, 0, NULL),
(15, 'Armor Piercer', 0, 1, 1, 1, 0, NULL),
(16, 'Armored Matrix', 0, 0, 0, NULL, 0, NULL),
(17, 'Arrow Catcher', 0, 1, 4, 1, 0, NULL),
(18, 'Astral Pocket', 0, 0, 1, 4, 0, NULL),
(19, 'Astral Sight', 0, 0, 1, 4, 0, NULL),
(20, 'Attribute Pattern', 1, 1, 3, 4, 0, NULL),
(21, 'Aura Armor', 0, 1, 2, 2, 0, NULL),
(22, 'Avoid Blow', 0, 0, 1, 1, 0, NULL),
(23, 'Bank Shot', 0, 1, 1, 1, 0, NULL),
(24, 'Bardic Lore', 0, 0, 0, 4, 0, NULL),
(25, 'Bardic Voice', 0, 1, 1, 6, 0, NULL),
(26, 'Bargain with Summoned Creature', 0, 0, 0, NULL, 0, NULL),
(27, 'Battle Bellow', 0, 0, 1, 6, 0, NULL),
(28, 'Battle Shout', 0, 0, 1, 6, 0, NULL),
(29, 'Bestial Resilience', 0, 1, 0, 3, 6, NULL),
(30, 'Bestial Toughness', 1, 0, 0, 3, 0, NULL),
(31, 'Blade Juggle', 0, 1, 1, 1, 0, NULL),
(32, 'Blind Fire', 1, 1, 0, 1, 0, NULL),
(33, 'Blood Guilt Weapon', 0, 1, 5, 4, 0, NULL),
(34, 'Blood Share', 0, 1, 0, 3, 0, NULL),
(35, 'Body Blade', 0, 0, 0, NULL, 0, NULL),
(36, 'Book Memory', 1, 1, 0, 5, 0, NULL),
(37, 'Book Recall', 0, 0, 0, NULL, 0, NULL),
(38, 'Borrow Sense', 0, 1, 1, 5, 0, NULL),
(39, 'Buckle Deck', 1, 1, 2, 2, 0, NULL),
(40, 'Call Arrow', 0, 1, 0, 4, 0, NULL),
(41, 'Call Mount', 0, 1, 1, 5, 0, NULL),
(42, 'Called Shot', 0, 0, 0, NULL, 0, NULL),
(43, 'Casting Pattern', 0, 1, 1, 4, 0, NULL),
(44, 'Cat\'s Paw', 0, 0, 1, 1, 0, NULL),
(45, 'Chameleon', 0, 0, 1, 5, 0, NULL),
(46, 'Champion Challenge', 1, 1, 0, 6, 0, NULL),
(47, 'Charge', 0, 0, 0, 2, 0, NULL),
(48, 'Claw Frenzy', 1, 1, 1, 1, 0, NULL),
(49, 'Claw Shape', 1, 0, 0, 2, 3, NULL),
(50, 'Climbing', 0, 0, 0, 1, 0, NULL),
(51, 'Cobra Strike', 0, 0, 1, 1, 0, NULL),
(52, 'Cold Purify', 0, 1, 0, 5, 0, NULL),
(53, 'Conceal Weapon', 0, 1, 1, 4, 0, NULL),
(54, 'Confront Horror', 1, 1, 0, 6, 10, NULL),
(55, 'Counter Missle', 0, 1, 2, 1, 0, NULL),
(56, 'Create Arrow', 0, 1, 2, 5, 0, NULL),
(57, 'Creature Analysis', 0, 1, 1, 4, 0, NULL),
(58, 'Critical Hit', 0, 0, 0, NULL, 0, NULL),
(59, 'Crushing Blow', 1, 0, 0, 2, 0, NULL),
(60, 'Dangerous Shot', 0, 0, 0, 6, 0, NULL),
(61, 'Dead Fall', 0, 0, 0, 5, 0, NULL),
(62, 'Defense', 0, 1, 2, 1, 0, NULL),
(63, 'Detect Falsehood', 0, 1, 1, 4, 0, NULL),
(64, 'Detect Influence', 1, 1, 0, 4, 0, NULL),
(65, 'Detect Trap', 0, 1, 1, 4, 0, NULL),
(66, 'Detect Weapon', 0, 1, 1, 4, 0, NULL),
(67, 'Develop Animal Sense', 0, 1, 1, 4, 0, NULL),
(68, 'Diplomacy', 0, 1, 1, 6, 0, NULL),
(69, 'Direction Arrow', 0, 1, 4, 4, 0, NULL),
(70, 'Disarm', 0, 1, 1, 1, 0, NULL),
(71, 'Disarm Trap', 0, 1, 1, 1, 0, NULL),
(72, 'Disarm Magical Trap', 0, 0, 0, NULL, 0, NULL),
(73, 'Disarm Mechanical Trap', 0, 0, 0, NULL, 0, NULL),
(74, 'Disguise', 0, 0, 0, NULL, 0, NULL),
(75, 'Disguise Self', 1, 1, 0, 4, 0, NULL),
(76, 'Dominate Arrow', 0, 1, 1, 5, 0, NULL),
(77, 'Dominate Beast', 0, 1, 1, 6, 0, NULL),
(78, 'Douse', 0, 1, 2, 5, 0, NULL),
(79, 'Down Strike', 0, 0, 1, 2, 3, NULL),
(80, 'Durability', 0, 0, 0, NULL, 0, NULL),
(81, 'Durability (Mount)', 0, 0, 0, NULL, 0, NULL),
(82, 'Eagle Eye', 0, 0, 0, 4, 0, NULL),
(83, 'Earth Armor', 1, 1, 0, 5, 10, NULL),
(84, 'Earth Skin', 0, 1, 1, NULL, 0, NULL),
(85, 'Echo Location', 0, 1, 1, 4, 0, NULL),
(86, 'Effect Pattern', 0, 0, 1, 4, 0, NULL),
(87, 'Elemental Anvil', 1, 1, 5, 5, 0, NULL),
(88, 'Elemental Hammer', 1, 1, 3, 5, 0, NULL),
(89, 'Elemental Hold', 0, 1, 1, 5, 0, NULL),
(90, 'Elemental Tongues', 0, 0, 0, 4, 0, NULL),
(91, 'Emotion Song', 0, 1, 0, 6, 0, NULL),
(92, 'Empathic Command', 0, 0, 0, 5, 0, NULL),
(93, 'Empathic Sense', 0, 0, 0, 6, 0, NULL),
(94, 'Encore', 1, 0, 1, 6, 0, NULL),
(95, 'Endure Cold', 0, 0, 0, 3, 0, NULL),
(96, 'Engaging Banter', 0, 1, 1, 6, 0, NULL),
(97, 'Enhanced Matrix', 0, 0, 0, NULL, 0, NULL),
(98, 'Ethereal Weapon', 0, 1, 2, 1, 0, NULL),
(99, 'Evidence Analysis', 0, 1, 1, 4, 0, NULL),
(100, 'False Sight', 0, 0, 1, 4, 0, NULL),
(101, 'Fast Hand', 1, 1, 0, 4, 0, NULL),
(102, 'Fearsome Charge', 0, 0, 2, 5, 0, NULL),
(103, 'Fence', 0, 0, 0, NULL, 0, NULL),
(104, 'Fires of the Forge', 0, 1, 3, 4, 0, NULL),
(105, 'Fireblood', 0, 1, 0, 3, 0, NULL),
(106, 'Fire Heal', 0, 1, 0, 5, 0, NULL),
(107, 'First Impression', 1, 1, 0, 6, 0, NULL),
(108, 'First Ring of Perfection', 1, 0, 0, NULL, 0, NULL),
(109, 'Flame Arrow', 1, 0, 2, 5, 3, NULL),
(110, 'Forge Armor', 0, 1, 0, 4, 0, NULL),
(111, 'Forge Blade', 0, 1, 0, 4, 0, NULL),
(112, 'Frighten', 1, 1, 0, 5, 0, NULL),
(113, 'Frighten Animal Servant', 1, 1, 0, 6, 0, NULL),
(114, 'Gain Surprise', 1, 0, 0, 5, 0, NULL),
(115, 'Ghost Speak', 0, 0, 0, 4, 0, NULL),
(116, 'Glamour', 1, 1, 2, 5, 0, NULL),
(117, 'Gliding Stride', 0, 0, 1, 1, 0, NULL),
(118, 'Gold Sense', 1, 1, 0, 4, 0, NULL),
(119, 'Graceful Exit', 0, 1, 0, 6, 0, NULL),
(120, 'Great Leap', 0, 0, 0, 1, 0, NULL),
(121, 'Haggle', 0, 1, 0, 6, 0, NULL),
(122, 'Heal Animal Servant', 0, 1, 0, 3, 0, NULL),
(123, 'Heartening Laugh', 1, 1, 0, 6, 0, NULL),
(124, 'Heat', 0, 1, 2, 5, 0, NULL),
(125, 'Hold Thread', 0, 0, 0, 5, 0, NULL),
(126, 'Howl', 0, 1, 1, 6, 0, NULL),
(127, 'Hypnotize', 0, 1, 0, 4, 0, NULL),
(128, 'Impressive Shot', 0, 1, 1, 1, 0, NULL),
(129, 'Impressive Strike', 0, 1, 2, 1, 0, NULL),
(130, 'Improve Armor', 0, 0, 0, 4, 0, NULL),
(131, 'Improve Blade', 0, 1, 0, 5, 0, NULL),
(132, 'Incite Mob', 0, 1, 1, 5, 0, NULL),
(133, 'Incite Stampede', 0, 1, 1, 5, 0, NULL),
(134, 'Item History', 1, 1, 0, 4, 0, NULL),
(135, 'Karma Ritual', 0, 0, 0, NULL, 0, NULL),
(136, 'Lasting Impression', 1, 0, 0, 6, 0, NULL),
(137, 'Leadership', 1, 0, 0, 6, 0, NULL),
(138, 'Life Check', 0, 0, 0, 3, 0, NULL),
(139, 'Lifesight', 0, 1, 1, 4, 0, NULL),
(140, 'Lightning Throw', 0, 0, 1, 1, 0, NULL),
(141, 'Lion Heart', 0, 0, 0, 5, 0, NULL),
(142, 'Lion Spirit', 0, 0, 0, NULL, 0, NULL),
(143, 'Lip Reading', 0, 0, 0, NULL, 0, NULL),
(144, 'Lizard Leap', 1, 0, 0, 2, 0, NULL),
(145, 'Location Lore', 0, 0, 0, 4, 0, NULL),
(146, 'Lock Pick', 0, 1, 0, 1, 0, NULL),
(147, 'Lock Sense', 0, 0, 0, NULL, 0, NULL),
(148, 'Maneuver', 0, 1, 0, 1, 0, NULL),
(149, 'Matrix Strike', 0, 1, 1, 5, 0, NULL),
(150, 'Melee Weapons', 0, 1, 0, 1, 0, NULL),
(151, 'Memorize Image', 1, 0, 0, 4, 0, NULL),
(152, 'Metal Ward', 0, 1, 2, 4, 5, NULL),
(153, 'Mimic Voice', 0, 1, 0, 4, 0, NULL),
(154, 'Mind Wave', 0, 1, 1, 5, 5, NULL),
(155, 'Missile Twister', 1, 0, 0, 5, 0, NULL),
(156, 'Missile Weapon', 0, 1, 0, 1, 0, NULL),
(157, 'Momentum Attack', 0, 0, 1, 1, 0, NULL),
(158, 'Mount Attack', 0, 0, 1, NULL, 0, NULL),
(159, 'Moving Earth', 1, 1, 0, 5, 0, NULL),
(160, 'Multi-Charge', 1, 1, 1, 1, 0, NULL),
(161, 'Multi-Shot', 0, 1, 1, 1, 0, NULL),
(162, 'Multi-Strike', 1, 1, 1, 1, 0, NULL),
(163, 'Multi-Tongue', 0, 0, 0, NULL, 0, NULL),
(164, 'Multiweaving', 0, 0, 1, 4, 0, NULL),
(165, 'Mystic Aim', 0, 1, 1, 4, 0, NULL),
(166, 'Netherwalk', 1, 0, 0, 5, 0, NULL),
(167, 'Orbiting Spy', 1, 1, 0, 4, 0, NULL),
(168, 'Otherworldly Control', 0, 0, 1, NULL, 0, NULL),
(169, 'Parry', 0, 0, 1, 1, 3, NULL),
(170, 'Pick Pockets', 0, 1, 0, 1, 0, NULL),
(171, 'Pin', 0, 1, 0, 1, 0, NULL),
(172, 'Plant Shelter', 0, 1, 1, 6, 10, NULL),
(173, 'Poison Resistance', 0, 0, 0, 3, 0, NULL),
(174, 'Pulse of Battle', 0, 0, 1, 4, 0, NULL),
(175, 'Quick Shot', 0, 0, 1, 1, 0, NULL),
(176, 'Quickblade', 0, 0, 2, 1, 0, NULL),
(177, 'Raise Ship', 1, 1, 5, 5, 0, NULL),
(178, 'Rally', 1, 1, 0, 6, 0, NULL),
(179, 'Range Pattern', 0, 1, 1, 4, 0, NULL),
(180, 'Read and Write Language', 0, 1, 0, 4, 0, NULL),
(181, 'Read and Write Magic', 0, 1, 0, 4, 0, NULL),
(182, 'Reshape Object', 0, 1, 2, 5, 0, NULL),
(183, 'Resist Taunt', 0, 0, 1, 5, 0, NULL),
(184, 'Riposte', 1, 0, 1, 1, 3, NULL),
(185, 'Rushing Attack', 0, 0, 0, 1, 0, NULL),
(186, 'Safe Path', 1, 1, 0, 4, 0, NULL),
(187, 'Safe Thought', 1, 1, 0, 5, 0, NULL),
(188, 'Screaming Arrow', 0, 1, 1, 6, 0, NULL),
(189, 'Second Attack', 1, 0, 1, 1, 0, NULL),
(190, 'Second Chance', 1, 0, 1, 5, 0, NULL),
(191, 'Second Shot', 0, 0, 2, 1, 0, NULL),
(192, 'Second Weapon', 0, 0, 1, 1, 0, NULL),
(193, 'Sense Magic Weapon', 0, 1, 1, 4, 0, NULL),
(194, 'Sense Metal', 0, 1, 0, 4, 0, NULL),
(195, 'Sense Poison', 0, 0, 1, 4, 0, NULL),
(196, 'Shared Matrix', 0, 0, 0, NULL, 0, NULL),
(197, 'Shield Beater', 0, 1, 1, 1, 0, NULL),
(198, 'Shield Charge', 0, 1, 1, 2, 0, NULL),
(199, 'Show Armor Flaw', 0, 0, 0, NULL, 0, NULL),
(200, 'Siege Blow', 1, 1, 3, 2, 0, NULL),
(201, 'Silent Walk', 0, 0, 0, 1, 0, NULL),
(202, 'Slough Blame', 1, 1, 2, 6, 0, NULL),
(203, 'Soften Blade', 1, 1, 0, 5, 0, NULL),
(204, 'Song of Deflection', 1, 0, 1, 5, 0, NULL),
(205, 'Soul Shatter', 0, 1, 3, 5, 10, NULL),
(206, 'Speak Language', 1, 1, 1, 4, 0, NULL),
(207, 'Spellcasting', 0, 1, 0, 4, 0, NULL),
(208, 'Spell Crystal Lock', 0, 0, 0, NULL, 0, NULL),
(209, 'Spell Matrix', 0, 0, 0, NULL, 0, NULL),
(210, 'Spirit Dodge', 0, 1, 1, 4, 0, NULL),
(211, 'Spirit Hold', 0, 1, 1, 5, 5, NULL),
(212, 'Spirit Mount', 0, 1, 1, 5, 0, NULL),
(213, 'Spirit Strike', 0, 1, 1, 5, 0, NULL),
(214, 'Spirit Talk', 0, 0, 0, 4, 0, NULL),
(215, 'Spirit Weapon', 1, 0, 4, NULL, 0, NULL),
(216, 'Spot Armor Flaw', 0, 0, 2, 4, 0, NULL),
(217, 'Sprint', 0, 0, 1, NULL, 0, NULL),
(218, 'Steel Thought', 0, 0, 1, 5, 0, NULL),
(219, 'Steely Stare', 0, 1, 1, 6, 0, NULL),
(220, 'Stone Skin', 0, 1, 0, 3, 0, NULL),
(221, 'Stopping Aim', 0, 1, 1, 6, 0, NULL),
(222, 'Streetwise', 1, 1, 0, 4, 0, NULL),
(223, 'Summon', 0, 1, 2, 4, 8, NULL),
(224, 'Summoning Circle', 0, 1, 2, 4, 8, NULL),
(225, 'Sure Mount', 0, 0, 0, 2, 0, NULL),
(226, 'Surprise Strike', 1, 1, 0, 1, 0, NULL),
(227, 'Swift Kick', 0, 0, 1, 1, 0, NULL),
(228, 'Tale of the Elements', 1, 0, 3, 6, 0, NULL),
(229, 'Talent Pattern', 1, 1, 3, 4, 0, NULL),
(230, 'Tame Mount', 1, 1, 0, 6, 0, NULL),
(231, 'Taunt', 0, 1, 0, 6, 0, NULL),
(232, 'Temper Other', 0, 1, 0, 5, 0, NULL),
(233, 'Temper Self', 0, 1, 0, 5, 0, NULL),
(234, 'Temperature', 0, 1, 1, 5, 0, NULL),
(235, 'Thought Link', 0, 1, 1, 4, 0, NULL),
(236, 'Thoughtful Expression', 0, 0, 0, 4, 0, NULL),
(237, 'Thread Weaving', 0, 1, 0, 4, 0, NULL),
(238, 'Throwing Weapons', 0, 1, 0, 1, 0, NULL),
(239, 'Thunder Axe', 0, 0, 1, 2, 0, NULL),
(240, 'Tiger Spring', 0, 0, 1, NULL, 0, NULL),
(241, 'Trace Missile', 0, 0, 1, 4, 0, NULL),
(242, 'Tracking', 0, 1, 1, 4, 0, NULL),
(243, 'Trample', 0, 0, 1, 5, 10, NULL),
(244, 'Trap Initiative', 0, 1, 1, 1, 0, NULL),
(245, 'Tread Wind', 1, 1, 1, 5, 0, NULL),
(246, 'Trick Riding', 0, 0, 1, 1, 0, NULL),
(247, 'True Shot', 1, 1, 0, 1, 0, NULL),
(248, 'True Sight', 0, 0, 1, 4, 0, NULL),
(249, 'Truth Skit', 1, 1, 0, 4, 0, NULL),
(250, 'Unarmed Combat', 0, 1, 0, 1, 0, NULL),
(251, 'Unmount', 0, 0, 0, 2, 0, NULL),
(252, 'Unshakable Earth', 0, 0, 1, 2, 5, NULL),
(253, 'Venom', 0, 0, 2, 3, 5, NULL),
(254, 'Versatility', 0, 0, 0, NULL, 0, NULL),
(255, 'Vital Strike', 1, 1, 0, 1, 0, NULL),
(256, 'Vitaltity', 1, 1, 0, 3, 0, NULL),
(257, 'Void', 0, 1, 1, NULL, 0, NULL),
(258, 'Warp Missile', 0, 1, 1, 4, 0, NULL),
(259, 'Water Dancing', 1, 1, 0, 6, 0, NULL),
(260, 'Weapon Breaker', 1, 0, 0, 5, 10, NULL),
(261, 'Weapon History', 0, 0, 0, NULL, 0, NULL),
(262, 'Web Astral', 0, 0, 1, 2, 10, NULL),
(263, 'Wheeling Attack', 0, 1, 1, 1, 0, NULL),
(264, 'Wheeling Defense', 0, 0, 1, 1, 0, NULL),
(265, 'Whirlwind', 1, 1, 0, 1, 0, NULL),
(266, 'Willforce', 0, 0, 0, 5, 0, NULL),
(267, 'Wind Bow', 0, 0, 1, 2, 13, NULL),
(268, 'Wind Catcher', 0, 1, 0, 5, 0, NULL),
(269, 'Winning Smile', 0, 1, 0, 6, 0, NULL),
(270, 'Wood Skin', 0, 1, 0, 3, 0, NULL),
(271, 'Wound Balance', 0, 0, 0, 2, 0, NULL),
(272, 'Wound Transfer', 1, 0, 0, 5, 0, NULL),
(273, 'Wrath of the Sky', 0, 1, 2, 2, 3, NULL),
(274, 'Learn Spell Pattern', 0, 0, 0, NULL, 0, NULL),
(275, 'Create Fetish', 0, 1, 0, 4, 0, NULL),
(276, 'Deathstrike', 1, 0, 0, 4, 0, NULL),
(277, 'Bear Mark', 0, 0, 1, 4, 0, NULL),
(278, 'Air Tracking', 0, 1, 0, 4, 0, NULL),
(279, 'Cast Net', 0, 0, 1, 1, 0, NULL),
(280, 'Dive Attack', 1, 0, 1, 1, 0, NULL),
(281, 'Evaluate', 0, 0, 0, 4, 0, NULL),
(282, 'Fast Grab', 1, 1, 1, 1, 0, NULL),
(283, 'Insect Communication', 0, 0, 0, 4, 0, NULL),
(284, 'Morphism', 0, 0, 0, NULL, 0, NULL),
(285, 'Pilot Boat', 0, 1, 0, 5, 0, NULL),
(286, 'Read River', 0, 1, 0, 4, 0, NULL),
(287, 'Scent Identifier', 0, 0, 0, 4, 0, NULL),
(288, 'Wind Dance', 0, 1, 0, 1, 0, NULL),
(289, 'Armor Bypass', 0, 0, 0, NULL, 0, NULL),
(290, 'Body Control', 0, 0, 1, 2, 0, NULL),
(291, 'Escape Divination', 0, 1, 1, 4, 0, NULL),
(292, 'False Shackles', 0, 1, 0, 1, 0, NULL),
(293, 'Free Mind', 0, 1, 0, 6, 0, NULL),
(294, 'Freedom Search', 0, 1, 0, 4, 0, NULL),
(295, 'Freedom Song', 0, 1, 0, 6, 0, NULL),
(296, 'Heal Slave', 1, 1, 1, 5, 0, NULL),
(297, 'Heart of Freedom', 1, 1, 0, 5, 0, NULL),
(298, 'Heart of Rebellion', 0, 1, 0, 5, 0, NULL),
(299, 'Hoard Blows', 1, 1, 0, 5, 0, NULL),
(300, 'Impossible Hide', 1, 1, 0, 5, 0, NULL),
(301, 'Mind Armor', 0, 1, 2, 5, 0, NULL),
(302, 'Mind Blade', 0, 1, 1, 2, 0, NULL),
(303, 'Power Mask', 0, 1, 1, 5, 0, NULL),
(304, 'Prison Call', 1, 1, 0, 4, 0, NULL),
(305, 'Ritual of Atonement', 1, 1, 10, 5, 0, NULL),
(306, 'Shackle Shrug', 0, 1, 1, 1, 0, NULL),
(307, 'Shout of Justice', 1, 1, 0, 6, 0, NULL),
(308, 'Enduring Art', 0, 1, 0, 4, 0, NULL),
(309, 'Research', 0, 1, 0, 4, 0, NULL),
(310, 'Mother\'s Aid', 0, 1, 2, 6, 0, NULL),
(311, 'Purify', 0, 1, 0, 5, 0, NULL),
(312, 'Ritual of the Ghost Master', 1, 1, 2, 4, 0, NULL);

-- --------------------------------------------------------

--
-- Table structure for table `ed_talents_v3`
--

CREATE TABLE `ed_talents_v3` (
  `id` smallint(5) UNSIGNED NOT NULL,
  `name` varchar(35) COLLATE utf8mb4_unicode_ci NOT NULL,
  `karma` tinyint(1) UNSIGNED NOT NULL DEFAULT 0,
  `action` tinyint(1) UNSIGNED NOT NULL DEFAULT 0,
  `strain` tinyint(1) UNSIGNED NOT NULL DEFAULT 0,
  `attribute` tinyint(1) UNSIGNED DEFAULT NULL,
  `description` text COLLATE utf8mb4_unicode_ci DEFAULT NULL
) ENGINE=InnoDB DEFAULT CHARSET=utf8mb4 COLLATE=utf8mb4_unicode_ci;

--
-- Dumping data for table `ed_talents_v3`
--

INSERT INTO `ed_talents_v3` (`id`, `name`, `karma`, `action`, `strain`, `attribute`, `description`) VALUES
(1, 'Abate Curse', 0, 1, 1, 5, 'The adept\'s presence temporarily nullifies any curses or active spell effects present on an object. It does not alleviate a curse\'s effects on those already affected by it, but it will allow unaffected characters to handle the object without risk of being cursed or affected by spells. The adept makes an Abate Curse Test against the higher of the highest Step Number of any curse or the highest Dispel Difficulty (p. 138) of any spells present on the object, +1 for each additional curse or spell. If successful, all of the curses and spells are neutralized for a number of hours equal to the adept\'s Abate Curse Rank—their effects are suspended, but their duration is still kept track of. The adept must remain within a number of yards equal to his Abate Curse Rank of the target object throughout the talent\'s duration or the effect ends.'),
(2, 'Acrobatic Strike', 0, 0, 1, 1, 'The adept performs flips, somersaults, or similar acrobatic maneuvers, making him harder to hit. He must be able to move and have sufficient space to perform maneuvers in. The adept makes an Acrobatic Strike Test against the highest Physical Defense of any opponents in close combat range (1 hex) and must then attack one of the opponents in close combat. If both the Acrobatic Strike Test and the Attack Test are successful, the adept adds his Acrobatic Strike Rank to his Physical Defense against the opponents for the remainder of the round. If the adept is Knocked Down or otherwise finds his movement restricted, he loses this bonus.'),
(3, 'Air Dance', 0, 0, 1, 1, 'The adept performs quick, gliding movements and rapid attacks in combat. Air Dance requires that the adept be able to move. Windling adepts may use this talent while flying, but it cannot be combined with talents that utilize other forms of magical movement, such as Gliding Stride. The adept substitutes his Air Dance Step for his Dexterity Step when making his Initiative Test (see Determine Initiative, p. 214), incurring Initiative Penalties for armor as normal. If making a close combat attack that round, the adept compares his Initiative Test result against his opponent\'s. On an Excellent Result, the adept may make an additional close combat attack against his opponent, following that character\'s turn.'),
(4, 'Air Sailing', 0, 1, 0, 5, 'The adept knows how to work the rigging, tiller, and oars of airships. An adept who wishes to join an airship crew must know Air Sailing at Rank 1 or higher. Positions of command require greater ability: the higher an adept\'s Air Sailing Rank, the bigger the ship he can command or the higher the position he can fill within a ship\'s crew. The adept makes an Air Sailing (5) Test to help propel an airship. If successful, he effectively takes the place of one crew member for each Result Level achieved. For an airship to stay airborne, at least 25 percent of the crew must make successful Air Sailing (5) Tests each hour. For example, an airship with a rowing crew of twenty needs at least five rowers to succeed at Air Sailing Tests to stay afloat. This might be an equivalent number, such as two rowers, one of whom achieved an Extraordinary Result on his Air Sailing Test (thereby replacing four rowers). If at least 50 percent of the crew make successful tests, the airship can maneuver at its current altitude, dive, or climb slowly in a straight line. If 75 percent of the crew are successful, the airship can speed up, maneuver while climbing, or perform aerobatics. A ship\'s officers can use Air Sailing to enhance the ship\'s performance and steer it through hazardous situations (see the Gamemaster\'s Companion for more information).'),
(5, 'Air Speaking', 0, 0, 1, 4, 'The adept communicates without vocalizing, moving his lips and mouthing the words he wants to speak, and makes an Air Speaking Test. Anyone within Test Result × 5 yards hears the adept speaking as if he were conversing normally, for a number of hours equal to his Air Speaking Rank. Those without knowledge of Air Speaking can hear someone employing this talent, but can only reply using normal communication methods. When speaking, the adept \"talks\" in a language he knows; if those listening do not know that language, they cannot understand what is being said. Elementalists often use this talent to lecture at gatherings.'),
(6, 'Animal Bond', 0, 1, 0, 6, 'The adept develops a bond of trust with an animal, making an Animal Bond Test against the animal\'s Social Defense. If successful, the animal takes a Neutral \"live and let live\" attitude toward him. The adept may make additional tests to further improve the animal\'s Attitude, but must spend at least one week with the animal between tests, treating it well during that time. Each subsequent improvement requires an additional Result Level on the Animal Bond Test. Once the animal\'s Attitude increases to Loyal, it willingly takes risks for the adept and expects appropriate rewards for doing so. (This is more easily accomplished for an animal than for a Namegiver friend. For example, all a dog really wants is lots of affection and enough food.) A Loyal animal will accompany the adept on adventures if he so desires, and is referred to as an animal companion. However, an animal will not maintain a better Attitude towards an adept than the adept shows to it. As a result, mistreatment, neglect, or abandonment can offset the talent\'s effects, worsening the animal\'s Attitude towards the character. This talent can only be used on non-sentient, natural creatures. It cannot be used to improve the Attitudes of Horrors, Horror-constructs, or sentient beings of any kind.'),
(7, 'Animal Companion Durability', 0, 0, 0, NULL, 'The adept\'s animal companions\' ability to take damage is improved in a similar manner to the Durability talent (p. 66), with each Animal Companion Durability Rank increasing the animal\'s Death Rating by +6 and its Unconsciousness Rating by +5. The adept assigns Ranks individually to animal companions Loyal to him, with each companion benefiting only from those Ranks assigned to it, by performing an hour-long ritual. An animal can only benefit from one Durability-type talent at a time. Should an animal die, any Animal Companion Durability Ranks assigned to it may be assigned to another companion by performing another ritual.'),
(8, 'Animal Possession', 0, 1, 2, 5, 'The adept places his spirit into the body of an animal by touching it and making an Animal Possession Test against the animal\'s Spell Defense. If successful, his spirit takes possession of the animal\'s body and the animal\'s spirit enters the adept\'s body. The adept now controls the animal\'s body, but not vice versa, for a number of hours equal to his Animal Possession Rank or until animal and adept touch again. While using this talent, the adept\'s physical form slumps into a coma-like state. He retains his own intellect while in the animal\'s body, but cannot perform any actions that the animal is normally incapable of, such as speaking. If the animal body is killed during this time, the possession ends immediately. Any damage inflicted on the animal\'s body during the possession is also applied to the adept (no armor provides protection). When the talent ends both spirits return to their proper bodies. An unwilling animal may attempt to resist the talent at the time of possession by making a Willpower Test against the adept\'s Animal Possession Step. If successful, the animal prevents the possession occurring, although the adept can try again. Otherwise the talent functions normally and the animal may take no further actions until the possession ends.'),
(9, 'Animal Talk', 1, 1, 0, 4, 'The adept comprehends animals and creatures, talking with them by imitating their own forms of communication and making an Animal Talk Test against the target creature or animal\'s Spell Defense. If successful, the adept can talk to and understand the target for a number of minutes equal to his Animal Talk Rank. This talent does not compel the animal or creature to communicate with the adept, it merely makes communication possible. While the gamemaster is advised to treat animals as if they were gamemaster characters, using the rules for Social Interactions (see the Gamemaster\'s Guide, p. 93), he should keep in mind that animals aren\'t as intelligent as Namegivers and perceive the world differently.'),
(10, 'Animal Training', 0, 1, 0, 6, 'The adept trains an animal to obey simple commands such as \"scout ahead,\" \"smell that,\" and \"go home,\" as well as the more usual \"stop,\" \"heel,\" \"fetch,\" and \"kill.\" An animal can be taught a maximum number of commands equal to the adept\'s Animal Training Rank. Each command requires a separate successful use of Animal Training and the animal must hold a Friendly attitude towards the trainer. The adept spends a day with the animal, focusing on teaching it the new command, and reviewing any commands it already knows, then makes an Animal Training Test against the creature\'s Social Defense. If successful, the animal understands and obeys the command. Trained animals only respond to commands given by characters they are Friendly with, including their trainer. The animal remembers all of the commands it has learned to date for a number of months equal to the adept\'s Animal Training Rank. If an adept tries to maintain too large a collection of trained animals, he will find their training slipping unless he constantly works with them. If the adept neglects an animal\'s training, it will forget all of its training within a month of the talent ending.'),
(11, 'Anticipate Blow', 0, 0, 1, 4, 'If the adept has a higher Initiative Test result, he anticipates attacks made against him by making an Anticipate Blow Test against his opponent\'s Spell Defense. If successful, he adds his Anticipate Blow Rank to his Physical Defense against that opponent\'s attacks until the end of the round. The adept can use this talent against a number of different opponents equal to his Anticipate Blow Rank each round. After one or more successful Anticipate Blow Tests, the adept may announce a Reserved Action (p. 217) for later that round to interrupt the attack of an opponent Anticipate Blow was successfully used against with a counter-attack. When doing so, he does not add +2 to the Difficulty Number for physical attacks against that opponent (but still adds it to other Difficulty Numbers). Instead, he adds his Anticipate Blow Rank as a bonus to the first Attack Test made against the opponent that round. Anticipate Blow does not convey any additional attacks—the attacks used on the counterattack must be saved up.'),
(12, 'Arcane Mutterings', 1, 1, 0, 6, 'The adept confuses others by muttering dire, largely incomprehensible, warnings and making an Arcane Mutterings Test against the highest Social Defense among the target group, +1 for each additional character. If successful, the target characters become confused and are considered Harried for a number of rounds equal to the adept\'s Arcane Mutterings Rank. Due to the disconcerting nature of the talent, this penalty also applies to the target\'s Social Defense. During this time, the adept must continually \"mutter away\" or the effect ends; this requires his concentration. On a Good Result, those affected also feel uneasy and will take no hostile actions against the adept or his obvious companions—so long as no one takes any hostile action against them. Arcane Mutterings is ineffective against targets engaged in combat.'),
(13, 'Armor Mount', 0, 0, 1, 5, 'The adept wills an increase to his mount\'s natural armor, making an Armor Mount Test against the animal\'s Spell Defense. If successful, the adept adds his Armor Mount Rank to the animal\'s Physical Armor for a number of minutes also equal to his Armor Mount Rank.'),
(14, 'Astral Sight', 0, 0, 1, 4, 'The adept sees into the astral plane to a distance equal to his Astral Sight Rank × 10 yards and for a number of rounds equal to his Astral Sight Rank. Details on perceiving astral space and the Difficulty Numbers associated with it are explained in the Workings of Magic chapter (see Using Astral Sensing, p. 110). Examining magical items using Astral Sight this way does not provide any information about the item\'s history or reveal any Test Knowledges (p. 114).'),
(15, 'Avoid Blow', 0, 0, 1, 1, 'The adept avoids injury by dodging blows directed against him. When attacked in close or ranged combat, the adept makes an Avoid Blow Test against his opponent\'s Attack Test result. Dodging a ranged attack requires a Good Result. If successful, the adept avoids the blow—he sees the attack coming and dodges out of the way at the last moment. The adept can dodge a maximum number of attacks equal to his Avoid Blow Rank each round, but only one attempt per Attack Test. An adept cannot use Avoid Blow if he is Blindsided or Surprised by his attacker.'),
(16, 'Bank Shot', 0, 1, 1, 1, 'The adept ricochets projectiles or thrown weapons off objects, bypassing obstructions such as cover, to strike an obscured, but visible, target. The adept points out the objects off which he intends to ricochet his shot, to a number equal to his Bank Shot Rank, then makes a Bank Shot Test as his ranged combat Attack Test, ignoring Cover penalties (p. 226). If successful, the projectile or thrown weapon ricochets off the designated objects and strikes the target. Use of this talent destroys any arrows, bolts, or other projectiles used in the attack. Though daggers and other throwing weapons are nicked and scratched, they remain usable afterwards, unless the Bank Shot Test was a Pathetic Result, in which case they too are ruined. Bank Shot is especially effective when used in combination with the Blind Fire talent.'),
(17, 'Battle Bellow', 0, 0, 1, 6, 'The adept issues a great bellow, either bolstering the resolve of comrades or intimidating enemies, within a distance equal to his Battle Bellow Rank ×3 hexes. The adept decides whether he is targeting friends or foes, then makes a Battle Bellow Test against the highest Social Defense among the target group, +1 for each additional character. If successfully targeting friends, affected characters add +1 to their Social Defense per Result Level achieved. If successfully targeting foes, affected characters suffer a –1 penalty to their Action Tests per Result Level achieved. The effect lasts for a number of rounds equal to the adept\'s Battle Bellow Rank. Targets who are immune to fear are also immune to this talent\'s effects.'),
(18, 'Battle Shout', 0, 0, 1, 6, 'The adept issues a loud shout, intimidating a single foe within a distance equal to his Battle Shout Rank in hexes (twice this in yards). The adept makes a Battle Shout Test against his opponent\'s Social Defense. If successful, the target incurs a penalty to his Action Tests equal to the adept\'s Battle Shout Rank, until the end of the following round. Reduce the penalty by –1 for each additional successful Battle Shout Test made against the same target during the encounter. Targets which are immune to fear are also immune to this talent\'s effect.'),
(19, 'Blade Juggle', 0, 1, 1, 1, 'The adept creates a whirling, flashing barrier of knives, daggers, or other bladed weapons between himself and his opponents. He makes a Blade Juggle Test against a Difficulty Number equal to the combined Sizes of the blades being juggled + the highest Damage Step among the blades, noting the Test Result. If successful, the adept takes 1 Strain and begins juggling; he takes 1 Strain and uses a Simple Action for each round of juggling juggling after the first. The adept cannot juggle blades with a Size higher than his one-handed Size limit. While juggling, the adept adds the combined Sizes of the blades he is currently juggling to his Physical Defense. If an opponent unsuccessfully attacks the adept, he strikes a juggled blade of the adept\'s choice. If the attack was in ranged combat, the blade falls to the ground. If the attack was in close combat, the blade flies back at the attacker. The result of the adept\'s Blade Juggle Test is used as a thrown Attack Test against the attacker. Damage is determined normally if the attack is successful. The adept may also use juggled blades to make thrown attacks by resolving his attack as normal, or using a Standard Action to make a Blade Juggle Test as his Attack Test. If the juggled weapon chosen for the attack is not a throwing weapon, the Range is 3 hexes. For each weapon struck or thrown out of the juggling process, the adept\'s Physical Defense bonus is lowered accordingly.'),
(20, 'Blood Share', 1, 1, 0, 3, 'The adept transfers damage between himself and a Loyal character or creature. He first cuts himself and the target, then touches the incisions together and makes a Blood Share Test. The result is the maximum number of Damage Points that can be transferred between both parties. For example, an adept might transfer only 7 Damage Points from a Test Result of 10, or he might transfer the whole amount of 10. Transferring only 7 points to himself reduces the target\'s Current Damage by 7 points, however, not the full 10 points. Transferred damage never causes a Wound, but if the number of Damage Points transferred causes the adept\'s or the target\'s Current Damage total to equal or exceed his Unconsciousness or Death Rating, the adept or target passes out or dies, respectively. Members of the Cavalryman Discipline coined the term \"blood betrayer\" for anyone who uses Blood Share to transfer so much damage to another character, mount, or animal that he dies. Cavalrymen shun blood betrayers.'),
(21, 'Book Memory', 1, 1, 0, 5, 'The adept commits the content of a book or other written text to memory for use at a later time. He need not know the language that the text is written in. The adept makes a Book Memory Test against the book\'s Spell Defense—typically 5 for ordinary books, but higher for magical texts. The Spell Defense of a grimoire is equal to the Dispel Difficulty of the highest-Circle spell it contains (see Grimoires, p. 131, and Dispelling Magic, p. 138). If successful, the adept memorizes a number of pages per minute equal to his Book Memory Rank. The book remains memorized for a number of months equal to the adept\'s Book Memory Rank, before fading, during which time the content is readily accessible— the adept can read, transcribe, or look up information as though he had an actual copy of the book in front of him. An adept can memorize a maximum number of texts at a time equal to his Book Memory Rank. He may voluntarily discard currently memorized texts in order to memorize new ones.'),
(22, 'Book Recall', 0, 1, 1, 4, 'The adept retrieves information previously memorized with the Book Memory talent which has faded over time or been pushed out of the adept\'s memory by other books. While there is no real limit to how much information an adept can learn, the Recall Difficulty is equal to the book\'s Spell Defense, +1 for each book the adept has currently memorized. This is because of the difficulty of sifting through all the information readily available to the adept through the Book Memory talent in order to access information he has previously memorized, and which is stored in his subconscious. The adept makes a Book Recall Test against the Recall Difficulty. If successful, the adept retrieves the lost information, which remains in memory for a number of hours equal to his Book Recall Rank. During this time the contents of the book are readily accessible to him; the adept can read, transcribe, or look up information as though he had an actual copy of the book in front of him. The adept may even return it to active memory if desired, provided he has a free Book Memory Rank available. On a Pathetic Result the adept\'s knowledge of the book in question has degraded to the point where he can no longer recall any information from it. All knowledge of the book is effectively lost to the adept, although he can always take the time to memorize the book again using his Book Memory talent.'),
(23, 'Borrow Sense', 0, 1, 0, 5, 'The adept temporarily takes one of an animal\'s five senses— touch, taste, hearing, smell, or sight—for use as his own. He does not literally \"see through the animal\'s eyes,\" however. Instead, the adept\'s own sense becomes like that of the animal. The adept touches the animal and makes a Borrow Sense Test against the animal\'s Spell Defense. If successful, he gains all the benefits (and limitations) of the borrowed sense for a number of minutes equal to his Borrow Sense Rank, during which time the animal temporarily loses use of the sense. Because the loss of a sense is a distressing, disorienting experience, only animals Loyal toward the adept—or those under the effect of a controlling spell or talent, such as Dominate Beast—will willingly submit to this talent. If the adept attempts to take a sense from an unwilling animal, he must achieve a Good Result with his Borrow Sense Test. The gamemaster has the final word on the specific effects of borrowing a given animal\'s sense. Generally, some senses give the adept new sensory abilities—a bat\'s sonar, a snake\'s ability to smell by \"tasting\" the air, and a cat\'s night vision are a few such examples. In other situations, borrowed senses improve the adept\'s existing senses—the sharp vision of an eagle, and the keen hearing or smell of a dog are a few such animal senses. At the gamemaster\'s discretion, the adept may gain a +1 to +3 bonus to any Perception Tests he makes with the improved sense.'),
(24, 'Call Animal Companion', 0, 1, 1, 5, 'The adept magically calls an animal companion within Call Animal Companion Rank×100 yards distance by making a Call Animal Companion Test against the animal\'s Spell Defense. If successful, the animal senses the adept\'s call and attempts to make its way to him as fast as possible.'),
(25, 'Call Missile', 0, 1, 1, 4, 'The adept calls unbroken ammunition or weapons that he has fired or thrown to him. His Call Missile Test result determines how many projectiles or thrown weapons fly back to him, tumbling and rotating into proper position, before dropping into their quiver, other container, or stopping in the adept\'s hand. Call Missile calls back all missiles and thrown weapons used by the adept within Call Missile Rank×10 hexes, provided there is a straight unblocked path to the object. The talent will extract missiles or thrown weapons from targets\' bodies, but the objects cannot be secured, for example by a rope or cord, or \"locked away\", for example by being in a cupboard or behind a closed door.'),
(26, 'Charge', 0, 0, 0, 2, 'The mounted adept increases the effectiveness of a successful Charging Attack, using his Charge Step in place of his Strength Step for the Damage Test. The normal rules for Charging Attacks otherwise apply (see Mounted Combat, p. 233). The adept may make a Charge Test in place of a Strength Test to avoid losing his weapon or being dismounted by lance or spear attacks (see Mounted Combat, p. 233). The adept\'s mount does not benefit from this talent.'),
(27, 'Claw Shape', 1, 0, 0, 2, 'The adept transforms his hands into fearsome claws, using his Claw Shape Step for Damage Tests in unarmed combat until the end of the round.'),
(28, 'Climbing', 0, 1, 0, 1, 'The adept clambers up or down vertical surfaces and objects by making a Climbing Test against the Climbing Difficulty of the surface being scaled, as determined by the gamemaster (Gamemaster\'s Guide, p. 108). On a Pathetic Result he loses his grip and falls, possibly suffering Falling damage. Climbing uses a Standard Action in every round spent climbing. Climbing characters move up or down a number of yards equal to their Climbing Rank each round (to a maximum equal to his Movement Rate in yards, not hexes).'),
(29, 'Cobra Strike', 0, 0, 1, 1, 'The adept attacks suddenly and unexpectedly. When entering the first round of close combat with an opponent, the adept may substitute his Cobra Strike Step for his Initiative Step. If the adept\'s Initiative Test result is higher than his opponent\'s, he catches his opponent off-guard and prevents him from using any defensive abilities, such as Avoid Blow or Riposte talents or skills, against the first Attack Test he makes that round. Abilities that function independently of the character, such as the Spirit Dodge talent, remain unaffected however.'),
(30, 'Cold Purify', 0, 1, 0, 5, 'The adept creates an improvised poultice from ice, snow, chilled water, or other cold materials, packing it around a poisoned character\'s Wound to draw out the poison. If the character has no external injuries, then a Wound must be created to allow the poultice to draw out the poison. The adept quickly prepares and applies the poultice, making a Cold Purify Test against the higher of the poison\'s Spell Defense or Step Number. If successful, the effect of the poison is stopped and the victim recovers a number of Damage Points equal to the difference between the Test Result and the Difficulty Number.'),
(31, 'Conceal Object', 0, 1, 1, 1, 'The adept hides one or more objects on his body, using illusion magic to help mask them. He must make a reasonable attempt to conceal the object, but any obvious shortcomings (a hilt sticking out of a pocket, a bump in his coat) are hidden by illusion. This talent is often used to conceal weapons, so its effects are measured by weapon Size (p. 248), but other objects can be hidden just as easily, with the gamemaster assigning an appropriate Size to them. No object can be greater in Size than the adept\'s one-handed Size limit (p. 248). He can conceal objects up to a combined Size equal to his Conceal Object Rank. The adept makes a Conceal Object Test, the result being the Detection Difficulty for attempts made to find the item. Items of Size 1 (Size 2 for trolls and obsidiman, or items equivalent to Size 1 for windlings) are hidden from all kinds of searches; larger items are only hidden from visual inspections. The gamemaster may increase or decrease the Detection Difficulty depending on the adept\'s choice of clothing. As long as an item is concealed, the adept gains the benefit of Surprise when producing it for a fitting purpose, such as drawing a weapon to attack. Adepts may use this talent to regain Surprise when using the Surprise Strike talent. The target of a concealed weapon attack is entitled to a Perception Test to avoid being Surprised (p. 228).'),
(32, 'Conversation', 0, 1, 0, 6, 'The adept holds his own in social conversations, using quips, clever timing, and other verbal tricks to make a favorable impression. The adept makes a Conversation Test against the highest Social Defense among the target group, +1 for each additional character. If successful, the Attitude of the target characters rises favorably toward the adept by one degree (for example, from Neutral to Friendly) for the duration of the conversation and for a number of hours afterwards equal to the adept\'s Conversation Rank. The target\'s Attitude cannot be improved further while the talent is in effect. The adept can converse with a maximum number of characters equal to his Conversation Rank at a time.'),
(33, 'Creature Analysis', 0, 1, 1, 4, 'The adept uses a type of divination magic to gain information about a creature he is observing by making a Creature Analysis Test against the target\'s Spell Defense. If successful, the adept\'s player can ask a specific question that would reveal one of the creature\'s game statistics or abilities for each Result Level achieved, such as, \"What is its Physical Defense?\" or \"What is its Death Rating?\" The question must be about a specific trait—general questions such as \"How tough is it?\" should warrant equally vague answers (\"Pretty tough\"). The gamemaster should disallow questions comparing more than one statistic, such as \"Is this beast tougher than I am?\" or \"Which is higher, its Physical or Spell Defense?\" Adepts often use this talent to size up an unknown creature\'s Spell or Social Defense to determine how well other talents, such as Dominate Beast, will work on it. At the gamemaster\'s discretion, using this talent yields insights about a creature\'s vulnerabilities that can prove very useful to any adventuring group about to tangle with an unknown beast.'),
(34, 'Crushing Blow', 1, 0, 1, 2, 'The adept inflicts fearsome damage on an opponent from a successful close combat attack, substituting his Crushing Blow Step for his Strength Step for the Damage Test.'),
(35, 'Dead Fall', 0, 0, 1, 5, 'The adept creates the illusion of a Wound or the symptoms of poison or disease, and masks his breathing to support the appearance of his \"death\". As he collapses to the ground, the adept makes a Dead Fall Test to determine the Disbelief Difficulty (see Illusions, p. 139). Those observing the adept \"dying\" may make a Perception Test as a Sensing Test against the Disbelief Difficulty. If this test fails, they believe he is really dead. The effect lasts for a number of rounds equal to the adept\'s Dead Fall Rank.'),
(36, 'Detect Trap', 0, 1, 1, 4, 'The adept detects traps by making a Detect Trap Test and comparing the result against the Detection Difficulty of any traps within short range of Visibility (see the Gamemaster\'s Guide, p. 119). The average Detection Difficulty for most mechanical traps is 5, though well-concealed traps may have a Detection Difficulty as high as 9. The Detection Difficulty for magical traps is equal to the trap\'s Spell Defense. On an Average Result, the adept notices something that gives away the trap\'s presence. On a Good Result, he pinpoints the trap\'s trigger and generally figures out how to avoid setting it off. An Excellent Result tells him what type of effect (crushing, smashing, poison, and so on) the trap employs. On an Extraordinary Result the adept adds his Detect Trap Rank to any attempts he makes to disarm the trap (see Disarm Trap, p. 65).'),
(37, 'Detect Weapon', 0, 1, 1, 4, 'The adept detects hidden weapons by making a Detect Weapon Test and comparing the result against the Detection Difficulty of any concealed weapons within short range of Visibility (see the Gamemaster\'s Guide, p. 119). If successful, he spots the weapon and learns its type, but is unaware of any magical properties it may possess. Once the adept notices a concealed weapon, he becomes aware of its presence and is alert to possible treachery. As a result, he cannot be Surprised by an attack made with that weapon (see Conceal Object, p. 64) unless the weapon\'s owner takes different measures to gain Surprise against him.'),
(38, 'Diplomacy', 0, 1, 0, 6, 'The adept mitigates disputes and influences the development of mutual interests by making a Diplomacy Test against the target\'s Social Defense. If successful, the negotiator\'s Attitude towards his opponents improves by one degree for a number of hours equal to the adept\'s Diplomacy Rank. While this might not necessarily settle a dispute or prompt the target to sign a contract, the use of Diplomacy usually helps to get the parties working together to approach the matter from a mutual perspective.'),
(39, 'Direction Arrow', 1, 1, 2, 4, 'The adept, who must possess an item directly associated with the target, such as a strand of hair, a bit of masonry, or even a Pattern Item, determines the location of a character or object relative to his position by firing a missile into the air and making a Direction Arrow Test against the target\'s Spell Defense. Regardless of the outcome, the missile rises to its full height, then plummets to the earth where it shatters into sparks. If successful, the sparks form a 1-yard-long flaming arrow pointing in the direction of the target. If the test fails, or the target is further than Direction Arrow Rank miles away from the adept, the burning fragments scatter haphazardly, with no clear direction indicated.'),
(40, 'Direction Sense', 1, 1, 2, 4, 'The adept senses the location of a character or object relative to his position by closing his eyes and focusing his thoughts on an item directly associated with the target, such as a strand of hair, a bit of masonry, or even a Pattern Item. The adept makes a Direction Sense Test against the target\'s Spell Defense. If successful, he feels a pull drawing him in the direction of the target. If the test fails, or the target is further than Direction Sense Rank miles away from the adept, he doesn\'t sense the target.'),
(41, 'Disarm', 0, 1, 1, 1, 'The adept uses a combination of clever feints and flashing weapon-play to knock an opponent\'s weapon from his hand by making a Disarm Test against the target\'s Physical Defense. An opponent wielding a two-handed weapon can only be disarmed on a Good Result. If successful, the opponent\'s weapon is sent spinning from the wielder\'s hand in a direction of the adept\'s choice for a number of feet equal to the Damage Test result. The target takes no damage from being disarmed. Disarm cannot be used against shields or weapons that are part of the defender\'s body, such as claws. Disarm counts as an Attack Test, and can be defended against accordingly.'),
(42, 'Disarm Trap', 0, 1, 1, 1, 'The adept uses deduction, divination magic, and a deft touch to render traps inoperative by making a Disarm Trap Test against the trap\'s Disarm Difficulty, as determined by the gamemaster (see the Gamemaster\'s Guide, p. 110). If successful, the trap\'s trigger mechanism is disabled, preventing it from activating. On a Pathetic Result, the trigger is \"tripped\" and the trap immediately goes off. The adept may attempt to disarm the same trap a number of times equal to his Disarm Trap Rank. Should he fail all of his attempts, he cannot try again until he increases his Disarm Trap Rank.'),
(43, 'Disguise Self', 1, 1, 0, 4, 'The adept uses illusion magic to disguise himself as another Namegiver by making a Disguise Self Test, the result being the Detection Difficulty for attempts to see through the disguise. The disguise cannot weigh more than twice, or less than half, the adept\'s body weight, nor can the height, width, or length of the adept\'s body parts—limbs or torso—be adjusted by more than 50 percent. For example, a human trying to disguise himself as a t\'skrang would have an almost vestigial tail. Each use of this talent lasts until the disguise is discarded or for a number of hours equal to the adept\'s Disguise Self Rank. The talent only alters appearance— if impersonating another character, the adept will require other abilities, such as the Acting skill or Mimic Voice talent, to fully convince others of his false identity.'),
(44, 'Distract', 0, 1, 0, 6, 'The adept diverts an opponent\'s attention by making a Distract Test against the target\'s Social Defense. If successful, the target is distracted, focusing his attention on the adept until the end of the next round. The adept\'s allies may attack the target as if he was Blindsided until the end of the next round.'),
(45, 'Dominate Beast', 0, 1, 1, 5, 'The adept subdues and temporarily controls an animal by making a Dominate Beast Test against the target\'s Spell Defense. If successful, he establishes dominance over the animal for a number of minutes equal to his Dominate Beast Rank, during which time the animal will not take any hostile action against the adept. The creature may be commanded to perform one simple task posing no more danger to the animal than to the adept and requiring less time to complete than the talent duration allows. Should the adept attempt to use this talent on an animal already under the influence of a similar talent or spell, his Test Result must exceed the result of the ability affecting the target. If successful, he gains control. Dominate Beast can only be used on non-sentient, natural creatures. It cannot be used to control Horrors, Horrorconstructs, or sentient beings of any kind.'),
(46, 'Double-Charge', 1, 0, 1, 1, 'The mounted adept makes two attacks during a Charging Attack, either attacking two targets or attacking the same target twice. He makes a standard Charging Attack (p. 233) for his first attack or uses the Wheeling Attack talent (p. 85) to perform it, then makes a Double-Charge Test to attack a second time. If attacking a second target, the adept and his mount must move at least one hex between attacks. If attacking the same target twice, he must either use a one-handed weapon in his off-hand or use a one-handed weapon on both attacks. Damage for the second attack is also determined as if it was a Charging Attack.'),
(47, 'Down Strike', 0, 0, 1, 2, 'The adept takes advantage of higher ground to deliver more devastating close combat attacks. He must be in a stable position at least one yard above his opponent (either mounted or standing on higher ground), or must jump down onto his opponent. If his attack is successful, the adept substitutes his Down Strike Step for his Strength Step on the Damage Test.'),
(48, 'Durability', 0, 0, 0, NULL, 'Unique to each Discipline. The adept\'s ability to take damage increases by improving the Durability talent specific to his Discipline. Each Rank permanently increases his Death and Unconsciousness Ratings by the values separated by a slash and shown in brackets [ ] in the Discipline description. The number to the left of the slash is the increase to the adept\'s Death Rating, per Rank. The number to the right of the slash is the increase to the adept\'s Unconsciousness Rating, per Rank.'),
(49, 'Earth Skin', 1, 1, 0, 3, 'The adept\'s skin becomes shot through with dark veins of elemental earth, increasing his resistance to magical attacks. He spends a Recovery Test and makes an Earth Skin Test, adding his Earth Skin Rank to his Spell Defense for a number of hours equal to the Test Result.'),
(50, 'Elemental Hold', 0, 1, 1, 5, 'The adept boldly faces an elemental no more than 20 yards away and orders it to halt, making an Elemental Hold Test against the elemental\'s Spell Defense. If successful, the elemental is held in place, unable to move or take any actions other than communicating, for a number of rounds equal to his Elemental Hold Rank. This requires the adept\'s concentration—other than communication, he cannot move, cast spells, or perform any other actions, otherwise the talent ends, freeing the elemental. Each round, the elemental may attempt to break free by making a Willpower Test against the adept\'s Elemental Hold Step. If successful, the elemental is freed and the talent\'s effect ends. If the talent\'s duration runs out, the adept may use it again to prolong the hold. If the talent\'s effect end before the duration runs out by the adept taking other actions or the spirit freeing itself, using the talent again requires a Result Level one higher than the last time.'),
(51, 'Elemental Tongues', 1, 1, 1, 4, 'The adept learns to speak the languages of air, earth, fire, water, and wood—the five elemental tongues If the adept has an unassigned Elemental Tongues Rank available, he can attempt to learn a new elemental language. To learn an elemental language, the adept listens to an elemental of the appropriate type for ten minutes and makes an Elemental Tongues (10) Test. If successful, he learns the language and notes it on his Character Record Sheet. If he fails to learn the elemental\'s tongue, he cannot attempt to learn that same language again until he improves his Elemental Tongues Rank, however, he can attempt to learn other unlearned elemental languages. Once an Elemental Tongues Rank has been assigned to a language, it cannot be used to learn any other elemental language. Because there are only five elemental languages, it is possible for an adept to have learned them all by the time he has improved his Elemental Tongues Rank to 5. Communicating with elementals is difficult and personal. The adept makes an Elemental Tongues Test against the elemental\'s Spell Defense. On an Average or Good Result, the elemental understands the basics of what the adept is saying, and vice versa, but the adept is not able to ask complex questions or make specific requests. An Excellent Result means the elemental completely understands the adept, who can discuss complex topics and ask detailed questions. Each use allows conversation with the elemental for a number of minutes equal to the adept\'s Elemental Tongues Rank.'),
(52, 'Emotion Song', 0, 1, 0, 6, 'The adept sings songs that arouse an audience to a basic emotion, such as fear, love, hate, happiness, anger, or joy, directed at the subject of the song. For example, if the song is about love for a king, the audience feels the emotion expressed (love in this case) about the king named in the song. Each performance requires at least ten minutes to complete, after which the adept makes an Emotion Song Test against the highest Social Defense among the audience. If successful, each Result Level achieved affects 25 percent of the audience. The maximum number of people that can be affected by a performance is equal to the adept\'s Emotion Song Rank × 10; if the audience is too big to be affected completely, the adept targets a localized part of it. Each consecutive use of this talent creates a cumulative effect, with each successive result adding to the one before. Once the adept has affected the current audience, he can continue his performance, engaging a bigger audience with his song. The adept can perform for no more than Emotion Song Rank hours, after which he cannot use the talent again for one day. On a Poor Result for any Emotion Song Test, the adept must immediately stop performing—the crowd has grown weary of his performance, and he may not use this talent again for a day. The effects of his performance to that point, if any, are still felt by the audience, however. On a Pathetic Result for any Emotion Song Test, the effect of the song changes, turning the emotion felt by affected members of the audience into the opposite emotion intended by the adept. The song\'s effect lasts for a number of days equal to the adept\'s Emotion Song Rank, during which time those affected are more susceptible to suggestions related to the subject and emotion expressed by the song. Those making such suggestions gain a +1 Interaction Test bonus; those making suggestions counter to the emotion suffer a –1 Interaction Test penalty.'),
(53, 'Empathic Command', 0, 0, 0, 5, 'The adept commands and calms his trusted mount through emotion and mental imagery. He need not speak any commands, but must be within Empathic Command Rank yards of his mount. The adept may make an Empathic Command Test in place of his mount\'s Willpower Test to resist the effects of fear, charm, or spells directed against the mount that allow a test.'),
(54, 'Empathic Sense', 0, 1, 1, 6, 'The adepts gains information about the emotional state of a character within 10 yards by making an Empathic Sense Test against the target\'s Social Defense. If successful, he senses the target\'s emotions and gains information appropriate to the Result Level achieved. An Average Result gives the adept an idea of the target\'s general emotional state; a Good Result allows him to read the target\'s surface emotions; on an Excellent Result, he knows exactly what the target is feeling. The adept gains a +1 bonus per Result Level achieved to any Interaction Tests he makes where knowledge of the target\'s emotional state would be helpful. Each use of this talent lasts for a number of minutes equal to the adept\'s Empathic Sense Rank. An adept with Empathic Sense may choose to extend the talent\'s duration to a year and a day by \"attuning\" the talent to a voluntary target. This requires a half hour of quiet meditation with the target and causes the adept 1 Blood Magic Damage. The talent\'s range increases to a number of miles equal to the adept\'s Empathic Sense Rank and provides the adept with a vague sense of the attuned character\'s location, within a 60-degree arc. Unattuning the target before the talent\'s duration expires requires another halfhour- long ritual with that character. An adept may not be attuned to more than Empathic Sense Rank characters at a time.'),
(55, 'Engaging Banter', 0, 1, 1, 6, 'The adept uses charm and a touch of magical suggestion to distract a character, who must be able to understand him for the banter to work. The adept makes an Engaging Banter Test against the target\'s Social Defense. If successful, both parties engage in witty, idle chat for a number of minutes equal to the adept\'s Engaging Banter Rank, during which time the target is distracted and considered Harried. Additionally, the target suffers a –1 penalty to all Perception Tests made to notice anything but the adept for every result Level achieved beyond what is necessary (this stacks with the Harried penalty). Bantering requires the adept\'s concentration; if broken, or if the target is attacked, the talent ends. Increase the Result Level required by one level for each additional Engaging Banter Test made against the target in the same encounter.'),
(56, 'Enhanced Matrix', 0, 0, 0, NULL, 'The Enhanced Matrix talent provides magicians with an improved type of spell matrix designed to make better use of spells requiring threads (see Spell Matrix Types, p. 129). An Enhanced Matrix holds the pattern of a single spell and a pre-woven spell thread. The magician weaves this thread when he attunes the spell to the matrix, allowing him to cast the spell faster. The matrix\'s Mystic Armor absorbs damage from attacks directed against it, such as from the Matrix Strike talent, and is equal to the magician\'s base Mystic Armor. Each Enhanced Matrix represents a separate talent with its own Rank, and is improved independently.'),
(57, 'Etiquette', 0, 1, 0, 6, 'Etiquette is the art of proper behavior in social situations and can be extremely important—improper behavior may be punished by responses ranging from the scorn of nobles to beheading at the hands of enraged ork scorchers. Committing faux pas in Barsaivian society should be avoided, where possible. The adept observes the surrounding culture for a minute, then makes an Etiquette Test against the Difficulty Number of knowing the proper behavior for a given social situation. The base Difficulty Number is 5, with modifiers dependent on how unfamiliar the adept is with that culture, at the gamemaster\' discretion. The Difficult Number is typically increased by +3 for each differing aspect: different social standing, different race, a foreign land with different traditions, and others, are typical sources for modification. If successful, the Result Level alters the reaction of observers. An Average Result means observers believe the adept possesses the rudiments of proper behavior; a Good Result means those same people fully approve of the adept\'s manners; an Excellent Result so impresses observers with the adept\'s manners that their Attitude improves toward him by one degree, to a maximum of Friendly. The effect lasts for a number of days equal to the adept\'s Etiquette Rank or until the social situation ends, whichever comes first.'),
(58, 'Evaluate', 0, 1, 0, 4, 'The adept has a shrewd sense for the true market value of an object. The adept examines the object and makes an Evaluate Test against the item\'s Spell Defense. On an Average Result, he learns the item\'s approximate price. Better Result Levels may disclose more detailed information based on the local or global economy, at the gamemaster\'s discretion. On a Good Result, the adept also learns the item\'s hidden value, if any, not readily apparent to the casual observer (for example if it is worth more to collectors). When evaluating magical items, the adept learns that the item is magical on an Excellent Result, but not the effect or purpose of its enchantment.'),
(59, 'Evidence Analysis', 0, 1, 1, 4, 'Using equal parts observation, logic, and divination magic, the adept examines physical evidence to determine the answers to questions relating to his investigation. For example, he might examine a bed to determine that its occupant had not slept well, or he might identify a weapon as being the object used to murder someone. The adept makes an Evidence Analysis Test against the Spell Defense of the person responsible for leaving the evidence. If successful, he learns the answer to one question about the object or place for each Result Level achieved. As a general rule, this talent only answers questions regarding \"what\" or \"how\" something happened to an object or place. In the previous example, the adept would make an Evidence Analysis Test against the Spell Defense of the person who had slept in the bed. On a Good Result, he could ask the gamemaster one or two \"what\" or \"how\" questions related to the bed. If the activity occurred within a day of the Evidence Analysis Test, the adept gains a general impression of when the event happened (morning, afternoon, or evening) with a successful Test Result. When using this talent to evaluate evidence that is more than a day old, add +1 to the Difficulty Number for each day after the first. Other than the increased Difficulty Number, there is no limit to the age of the evidence being analyzed. The gamemaster answers the questions posed to him. Evidence Analysis cannot help the adept answer the questions of \"who\" or \"why\"—the focus of the examination is on facts, not motive or intent.'),
(60, 'False Sight', 0, 0, 1, NULL, 'The adept intensifies an illusion at the time of creation, making it more difficult for observers to penetrate by adding his False Sight Rank to the Disbelief Difficulty for any attempts to Sense, Disbelieve, or otherwise see through it (see Illusions, p. 139). The talent effect lasts for the duration of the illusion.');
INSERT INTO `ed_talents_v3` (`id`, `name`, `karma`, `action`, `strain`, `attribute`, `description`) VALUES
(61, 'Familiar Durability', 0, 0, 0, NULL, 'The adept\'s familiar\'s ability to take damage is improved in a similar manner to the Durability talent (p. 66), with each Familiar Durability Rank increasing his familiar\'s Death Rating by +4 and its Unconsciousness Rating by +3. This talent only works on the familiar that the adept has bonded with through the appropriate Blood Magic ritual (p. 124), and requires both adept and familiar to perform an hour-long ritual each time it is increased. If the adept\'s familiar dies, this talent is lost as it originates in the Blood Magic bond and is invested into one particular familiar. A familiar may only benefit from a single Durability-type talent at a time.'),
(62, 'Fast Hand', 1, 1, 0, 1, 'The adept combines sleight-of-hand with minor illusion magic to move one or two small items—no bigger than 6 inches along any one dimension—from one place to another without being noticed. The adept makes a Fast Hand Test, the result being the Detection Difficulty for attempts made to notice the move. Anyone observing the adept may make a Perception Test against the Detection Difficulty to notice the action immediately after the switch has occurred. This talent does not allow the adept to empty a purse or pocket of its contents (see Picking Pockets, p. 77), although it could be used to switch two purses around.'),
(63, 'Fearsome Charge', 0, 0, 2, 6, 'The mounted adept frightens an opponent when making a Charging Attack (p. 233), undergoing a radical transformation as he charges—his eyes grow larger or glow, his teeth become pointed or the canines more elongated, and his hair stands away from his head in a wild tangle. The adept makes a Fearsome Charge Test against the Social Defense of the next opponent he will attack during the Charging Attack. On an Average Result, the target is frozen with fear and cannot move or act against the adept; on a Good Result, the target flees away from the adept as fast as possible on his next turn. At the adept\'s discretion, he can also cause others witnessing the effect to flee in fear. The Test Result is compared against the Social Defense of other opponents witnessing the charge, but not being charged themselves. On an Excellent Result, the target freezes with fear; on an Extraordinary Result, the target flees away from the adept as fast as possible on his next turn. The effect lasts for a number of rounds equal to the adept\'s Fearsome Charge Rank. An adept can affect a maximum number of opponents (targets and observers) equal to his Fearsome Charge Rank. Each round, those affected by this talent can end the effect by making a successful Willpower Test against the adept\'s Fearsome Charge Step.'),
(64, 'Fireblood', 0, 1, 0, 3, 'The blood oozing from an adept\'s scratches, cuts, and injuries, bubbles and hisses, cleansing, cauterizing, and healing him. The adept must be currently engaged in combat, although he does not have to be directly facing an opponent—the heat of being in or near a battle provides the stimulus for the talent. The adept spends a Recovery Test to immediately heal a number of Damage Points equal to the result of his Fireblood Test. Using this talent supersedes the normal waiting time requirements for Recovery Tests (see Effects of Injury, p. 220).'),
(65, 'Fire Heal', 0, 1, 0, 5, 'The adept cleanses himself in healing flame. Successfully completing this ritual grants the adept bonus Recovery Tests, while failure burns him. This talent can be risky for low-Circle adepts, who generally possess low Wound Thresholds and Death Ratings. Before starting, the adept first builds an open fire large enough to completely engulf him. The ritual requires the adept to be in full contact with the elemental power of fire—if a spell or item currently protects the adept from the effects of fire, the talent has no effect. Before Stepping into the fire, the adept declares how many extra Recovery Tests he is attempting to gain. The talent requires a half-hour-long ritual for the first Recovery Test, +10 minutes for each additional Test. For example, to gain 1 bonus Recovery Test requires a half-hour-long long ritual. To gain 3 bonus Recovery Tests requires a 50-minute-long ritual (30 +2 ×10 = 50). The gamemaster makes a Step 8/2D6 Fire Intensity Test for the first Recovery Test, adding +2 for each additional Recovery Test the adept is attempting to gain. The adept makes a Fire Heal Test against the Test Result. If successful, he gains the desired number of Recovery Tests. If the test fails, the adept gains no bonus Recovery Tests. Instead, he suffers a Wound and a number of Damage Points equal to the difference between the Fire Heal and Fire Intensity Test results (no armor provides protection)—this can result in the adept taking another Wound. On a Pathetic Result, the adept takes the full amount of damage from the Fire Intensity Test (no armor provides protection). Bonus Recovery Tests gained through use of this talent must be used before the adept gains his Recovery Tests the following day or they are lost.'),
(66, 'First Impression', 0, 1, 0, 6, 'The adept favorably impresses a gamemaster character he has met for the first time by making a First Impression Test against the target\'s Social Defense. If successful, the target\'s Attitude improves toward the adept by one degree (a Neutral character becomes Friendly; an Unfriendly character becomes Neutral; and so on). On an Excellent Result, it improves by two degrees. The new Attitude may be changed for better or worse through future interactions, but reverts back to the original level at a rate of one degree per day. Any hostile act the adept commits against the target immediately erases the impression. The adept may only attempt to use this talent once against a given character.'),
(67, 'Flame Arrow', 1, 0, 1, 5, 'This talent transforms a normal piece of ammunition into a fiery missile, destroying the projectile in the process. The adept makes a missile Attack Test against the target. If successful, he makes a Flame Arrow Test as his Damage Test (Physical Armor provides protection).'),
(68, 'Forge Armor', 0, 1, 2, 4, 'The adept improves the Armor Rating of armor or shields. The work must be carried out at a properly-equipped forge, using forge tools (p. 266) if working metal, or at a properly-equipped workshop, using appropriate tools if working other materials. A poorly-equipped workplace may increase the time required, or a well-equipped workplace may reduce the time required to use the talent, at the gamemaster\'s discretion. The adept spends a number of days working equal to the armor\'s or shield\'s base Physical+Mystic Armor Ratings. At the end of this time, he makes a Forge Armor Test against a Difficulty Number equal to the item\'s current Physical+Mystic Armor+9. If successful, the item\'s Physical or Mystic Armor Rating is increased by +1—if an Armor Rating is 0, however, it cannot be enhanced and the other Rating must be improved. This process can be repeated, but the increase to a Rating cannot be higher than half the item\'s base Rating, rounded up. The process also gets harder with each additional improvement, as the item\'s current Armor Ratings increase, leading to ever higher Difficulty Numbers. An adept cannot forge a bonus if the sum of existing improvements are higher than his Forge Armor Rank—an adept with Forge Armor at Rank 6 cannot enhance an item if it has already been improved six times; for example, by having its Physical Armor increased by +4 and Mystic Armor by +2. He can only increase one of those Ratings by another +1 if he first improves his Forge Armor talent to Rank 7. Armor Rating enhancements last for a year and a day from the date of the last successful forging. Additional Forge Armor Tests can be made at any time to extend the duration to a full year and a day, even for armor or shields already enhanced to their limit. A Pathetic Result on a Forge Armor Test ruins the item. This talent cannot be used to enhance threaded magical armor or shields; rather, armor and shields enhanced by Forge Armor form the base of further enchantment to create thread armor and shields. The services of armorers can be bought in only the largest cities, but the higher the bonus desired, the higher the cost (higher bonuses require a more experienced armorer). The first three increases usually cost 300 silver pieces each; the fourth to sixth, 600 silver pieces each; the seventh to ninth, 2000 silver pieces each; and every attempt thereafter, 3000 silver pieces (these costs cover any failed attempts).'),
(69, 'Forge Weapon', 0, 1, 1, 4, 'The adept improves the Damage Step of a weapon, including melee, missile, and thrown weapons, but not ammunition, like arrows or bolts. The work must be carried out at a properlyequipped forge, using forge tools (p. 266) if working metal, or at a properly-equipped workshop, using appropriate tools if working other materials. A poorly-equipped workplace may increase the time required, or a well-equipped workplace may reduce the time required, to use the talent, at the gamemaster\'s discretion. The adept works to improve a weapon for a number of days equal to the weapon\'s Size and makes a Forge Weapon Test against a Difficulty Number equal to the weapon\'s current Damage Step+9. If successful, the weapon\'s Damage Step is increased by +1. Forge Weapon can be successfully used on the same weapon a number of times equal to its Size, but the process gets harder each time, as the Difficulty Number increases as the weapon\'s Damage Step increases. The adept cannot forge a weapon\'s base Damage Step higher than his Forge Weapon Rank—an adept with Forge Weapon at Rank 4 can perform increases up to the fourth, regardless of whether he forged previous increases himself. The Damage Step increase lasts for a year and a day from the date of the last successful forging. Additional Forge Weapon Tests can be made at any time to extend the duration to a full year and a day, even for weapons already enhanced to their limit. A Pathetic Result on a Forge Weapon Test ruins the weapon. This talent cannot be used to enhance threaded magical weapons; rather, weapons enhanced by Forge Weapon form the base of further enchantment to create thread weapons. The services of smiths can be bought in larger cities, but the higher the desired Damage Step increase, the higher the cost (higher bonuses require a more experienced smith). The first two increases usually cost 250 silver pieces each; the third and fourth, 500 silver pieces each; and the fifth and sixth, 750 cost silver pieces each (these costs cover any failed attempts).'),
(70, 'Frenzy', 1, 1, 1, 1, 'The adept makes multiple frenzied attacks in close combat in the same round. He declares how many attacks he wants to attempt before making any Attack Tests, to a number equal to his Frenzy Rank, taking 1 Strain per attack declared before making any Tests. The adept then makes Frenzy Tests as Attack Tests in close combat for as long as his attacks are successful—if an Attack Test fails, he stops attacking (but still takes the full Strain cost)—or until there are no more opponents to attack, or until he has made the declared number of attacks. Frenzy cannot be combined with any talent that allow additional attacks in close or ranged combat, such as Second Attack, Swift Kick, or Momentum Attack.'),
(71, 'Frighten', 1, 1, 0, 5, 'The adept scares another by staring silently into the character\'s eyes and making a Frighten Test against the target\'s Spell Defense. If successful, the target becomes frightened and attempts to get away from the adept\'s line of sight as fast as possible on his next turn. The target remains scared for a number of rounds equal to the adept\'s Frighten Rank, during which time he will not willingly approach the adept. If the target is not able to completely escape from the immediate area, he will attempt to move as far away as possible from the adept. If an opportunity presents itself for him to move out of line of sight while the talent is in effect, he will do so. Each round, the target may make a Willpower Test against the adept\'s Frighten Step. If successful, he throws off the effect of his fear and the talent ends.'),
(72, 'Frighten Animals', 1, 1, 0, 6, 'The adept terrorizes one or more animals within line of sight, to a maximum number equal to his Frighten Animals Rank, by making a Frighten Animals Test against the highest Social Defense among the target group, +1 for each additional animal. If successful, the animals flee in terror away from the adept as fast as possible on their next turn—hounds will desert a hunter, a mount will throw its rider, guard tigers will flee from their ward, and so on—for a number of rounds equal to the adept\'s Frighten Animals Rank. Each round, an animal may attempt to overcome its fear by making a Willpower Test against the adept\'s Frighten Animals Step. If successful, the animal stops fearing the adept and may act normally. Most untended or wild animals will not make Willpower Tests, however, so this is made at the gamemaster\'s discretion.'),
(73, 'Gliding Stride', 0, 0, 1, 1, 'The adept moves in a graceful fashion through the air, horizontally as well as vertically, using his Movement Rate to glide instead of walking or running. He makes a Gliding Stride Test, the result being the number of hexes he can glide horizontally. The adept is restricted by his Movement Rate for gliding horizontally, but can use the Running combat option (p. 225) to double the distance traveled. For every two hexes he glides horizontally, the adept may move up or down one hex vertically without affecting his total Movement Rate. The adept cannot go higher, or glide safely lower, than his Gliding Stride Rank in hexes. If the adept happens to be suspended any higher than this in mid-air, he may instinctively activate his Gliding Stride talent to reduce the distance falls by 2 yards per Rank. Gliding Stride cannot be combined with other talents that allow a special form of movement, such as Sprint or Great Leap.'),
(74, 'Graceful Exit', 0, 1, 0, 6, 'The adept escapes from combat by distracting his opponents and making a Graceful Exit Test against the highest Social Defense among the target group, +1 for each additional character. If successful, he makes good his escape, immediately moving as far away from the combat as possible. He may not take any actions other than movement or the talent\'s effect ends. Those characters bedazzled by the adept\'s sudden departure may take no direct action against him for a number of rounds equal to his Graceful Exit Rank. This talent protects only the adept—his colleagues must fend for themselves. If the adept returns to the combat after having made a Graceful Exit, the characters who were originally affected become enraged. If possible, they will try to attack the adept in preference to others, and are immune to all Interaction Tests made against their Social Defense to influence them otherwise. Their anger and outrage gives them a +1 bonus to any Action Tests they make against the adept.'),
(75, 'Great Leap', 0, 0, 1, 1, 'The adept jumps large distances by making a Great Leap Test, the result being how many hexes the adept may jump, with the distance covered divided between horizontal and vertical, but not exceeding his Movement Rate in either direction. If he uses the Running combat option (p. 225), the adept may leap up to double his Movement Rate in either direction. Great Leap can also be used to avoid environmental hazards, such as rock traps and falling rigging, but not as a normal Avoid Blow Test in combat. If the adept is aware of the threat, he may make a Great Leap Test against a Difficulty Number determined by the gamemaster to avoid being struck. If successful, he leaps clear at the last instant. Air Sailors and Sky Raiders often use this talent to board airships in combat or to leap clear of burning rigging and debris.'),
(76, 'Haggle', 0, 1, 0, 6, 'The adept drives a \"hard bargain\" when selling or buying goods by making a Haggle Test against the customer\'s or merchant\'s Social Defense. If successful, the price rises or falls by 5 percent of the goods\' cost in favor of the adept. Merchants or customers can make Haggle Tests to readjust the price in their favor. The adept may make a number of tests per transaction equal to his Haggle Rank. However, as soon as he fails a Haggle Test, his bargaining stops. Haggle can also be used to get a better price for stolen or illegal goods—shady merchants usually buy stolen or illegal goods for a base 10 percent of their value (see the Goods and Services chapter, p. 247). What constitutes a transaction may vary from a single ring to an entire chest of jewelry. The adept can only use the Haggle talent on one transaction per day against a merchant.'),
(77, 'Heal Animal Companion', 0, 1, 0, 3, 'The adept heals a Loyal animal companion, spending one of his Recovery Tests to make a Heal Animal Companion Test, and reducing the animal\'s Current Damage by the result. Only the adept\'s natural Recovery Tests can be used with this talent—bonus Recovery Tests from magic items, spells, or talents like Fire Heal, cannot be used.'),
(78, 'Heartening Laugh', 1, 1, 0, 6, 'The adept bolsters morale by directing a booming, mocking laugh at his opponents and making a Heartening Laugh Test against the highest Social Defense among all opponents within earshot. If successful, any characters Friendly to the adept and who hear the laugh add his Heartening Laugh Rank to any Willpower Tests made to resist the effects of fear or Intimidation caused by the adept\'s opponents for a number of rounds equal to his Heartening Laugh Rank.'),
(79, 'Hold Thread', 0, 0, 1, 5, 'The magician weaves a thread to a spell and then holds it until he is ready to cast. This talent can only be used with spells that require a single spell thread to be woven. Normally, these are spells with a \"Threads: 1\" notation (see the Spells chapter, p. 140), but if the magician is casting the spell from an Enhanced Matrix (with a pre-woven thread), it also includes spells with a \"Threads: 2\" notation. The magician makes a Thread Weaving Test, as normal. If successful, he makes a Hold Thread Test against the spell\'s Weaving Difficulty. If successful, the final spell thread is held within its spell matrix for a number of rounds equal to the magician\'s Hold Thread Rank. The magician may make a Spellcasting Test to cast the spell during any of these rounds. If the spell has not been cast by the final round of the talent\'s effect, the magician may make another Hold Thread Test against the spell\'s Weaving Difficulty. If successful, he continues to hold the spell for a number of rounds equal to his Hold Thread Rank. The talent duration can be extended this way for as long as the magician continues to make successful Hold Thread Tests. If a Hold Thread Test fails, the magician must cast the spell in the following round, or he loses it. While using this talent to hold a spell, the magician cannot make any other Thread Weaving or Spellcasting Tests, other than for the spell he is currently holding.'),
(80, 'Hypnotize', 0, 1, 1, 6, 'The adept magically mesmerizes another character, making him susceptible to persuasion. The target must be within 10 yards of the adept and in a state where he is not distracted—a target involved in combat cannot be hypnotized, for instance. The adept makes a Hypnotize Test against the target\'s Social Defense. If successful, the target\'s Attitude improves toward the adept by one degree, to a maximum of Friendly. While hypnotized, the target remains placid, unless attacked. Over a number of minutes equal to his Hypnotize Rank, the adept can make post-hypnotic suggestions to the target. The adept makes as many Interaction Tests as required against the target\'s Social Defense, with successful Test Results persuading the target to perform actions suggested to him. The target will carry out any actions to which he agrees while under the talent\'s effects, as long as they can be completed within a number of hours equal to the adept\'s Hypnotize Rank after the hypnosis session ends. A character can only be affected by a single Hypnotize effect at a time. This talent does not require the adept to be able to speak with the target, merely to hold his attention long enough to exercise the talent\'s magic on him.'),
(81, 'Impress', 0, 1, 1, 6, 'The adept impresses a character with a performance of his choice. The performance can be of any kind, as long as the target character observes it. After his performance, the adept makes an Impress Test against the target\'s Social Defense. If successful, the target becomes impressed and the adept adds his Impress Rank to any Interaction Tests he makes against that character for a number of minutes also equal to his Impress Rank.'),
(82, 'Impressive Shot', 0, 1, 1, 1, 'The adept impresses onlookers with a display of targeting accuracy, choosing a target and declaring where the attack will hit, then making an Impressive Shot Test as his ranged combat Attack Test. If successful, he hits the target in the designated area, inflicting no damage, but possibly impressing witnesses to this display of prowess. The adept compares the Test Result against the Social Defense of each character witnessing the attack. If successful, he adds a +1 bonus for each Result Level achieved to all Interaction Tests made against affected characters for a number of rounds equal to his Impressive Shot Rank.'),
(83, 'Inspire Others', 1, 1, 0, 6, 'The adept inspires his companions, raising spirits and boosting morale. He speaks inspirational words, then makes an Inspire Others Test against the highest Social Defense among the target group, +1 for each additional character, targeting friendly characters only. If successful, all affected characters add +1 to Social Defense and gain a +1 bonus to their Action Tests for each Result Level achieved. The talent effect lasts for a number of rounds equal to the adept\'s Inspire Others Rank.'),
(84, 'Item History', 1, 1, 0, 4, 'The adept learns the history of an enchanted or mundane item. The adept studies the item for a week, carefully examining it for at least one hour each day, then makes an Item History Test against the item\'s Spell Defense. If successful, each Result Level achieved reveals one new Test Knowledge from the item\'s history. When used on mundane items (which do not have True Patterns), each Result Level provides the adept with a different piece of information, instead of a Test Knowledge. Item History can be used multiple times on the same item, but each test requires another week of study. The adept can learn a maximum number of Test Knowledges equal to his Item History Rank.\r\nSee the Workings of Magic chapter, p. 104, for more information on threads and Pattern Knowledge, and the Thread Magic chapter, p. 113, for more information on weaving threads to magic items and how Key Knowledges are used.'),
(85, 'Karma Ritual', 0, 0, 0, NULL, 'Unique to each Discipline. The adept performs a Karma ritual unique to his Discipline to replenish his pool of Karma Points. An example of a typical Karma ritual is included with each Discipline description. The ritual takes a half hour to complete and can be performed once each day. Once the adept has completed his Karma ritual, he can purchase a number of Karma Points no greater than his Karma Ritual Rank for 10 Legend Points each. For example, an adept purchasing 4 Karma Points deducts 40 Legend Points from this Current Legend Points. Karma Points are added to the adept\'s Current Karma Points. An adept cannot have more Karma Points than his Maximum Karma Points allows, determined by multiplying the adept\'s racial Karma Modifier by his Karma Ritual Rank (see Karma, p. 29, for more information).'),
(86, 'Lasting Impression', 1, 1, 0, 6, 'The adept impresses a group of characters on first meeting them or when leaving the group. He strikes a dramatic pose or makes a short impassioned soliloquy, then makes a Lasting Impression Test against the highest Social Defense among the target group, +1 for each additional character. If successful, a powerful image of the adept is imprinted in the targets\' minds. The adept adds his Lasting Impression Rank to Interaction Tests he makes against the affected characters for a number of weeks equal to his Lasting Impression Rank. Once impressed, a target cannot be affected by the same adept until the talent\'s duration expires. If, after using this talent when leaving the group, the adept is seen by any of the target characters within one day of his departure, the effect ends.'),
(87, 'Leadership', 1, 1, 0, 6, 'The adept leads a group of gamemaster characters no larger than his Leadership Rank×20 members by giving a short speech, then making a Leadership Test against the highest Social Defense among the target group. If successful, characters with a Neutral attitude or better towards the adept follow his lead. The Result Level determines the talent\'s effect and duration. An Average Result means the target group treats the adept as their leader for his Leadership Rank × 10 minutes; a Good Result for a number of hours equal to his Leadership Rank; an Excellent Result means the target group treats the adept as their leader for Leadership Rank days. While under the adept\'s leadership, the target characters will follow his lead and accept him as their commander. This grants him an authority typical to being their designated commander in a military environment, but can be used in other situations, such as being a superior in an administration or a foreman in construction. If the adept causes any individual to change his Attitude to worse than Neutral, the individual is not bound to follow the adept any more.'),
(88, 'Life Check', 0, 0, 0, 3, 'The adept gains a last chance to save himself from dying. When the adept\'s Current Damage equals or exceeds his Death Rating, he spends a Recovery Test, makes a Life Check Test, and reduces his Current Damage by the result. This may be repeated for as long as the adept has Recovery Tests available or until his Current Damage is reduced below his Death Rating. Once the adept\'s Current Damage is reduced below his Death Rating, he has avoided dying. If his Current Damage is reduced below his Unconsciousness Rating, the adept also regains consciousness. Unsuccessful use of Life Check does not prevent the application of other means that prevent the adept from dying, such as applying a last chance salve (p. 265).'),
(89, 'Lifesight', 0, 0, 1, 4, 'The adept can see the strength and composition of another being\'s life force by making a Lifesight Test and comparing the result against the Spell Defense of each living being within Lifesight Rank × 10 yards. If successful, the adept can see that target\'s life force—which appears as an interpretation of their astral imprint—for a number of rounds equal to his Lifesight Rank, and gains qualitative information about it. A vibrant, healthy life force appears as a strong but delicate latticework of light and opalescent force. Weaker life forces are dimmer, and parts of the latticework may appear warped or broken. The life force of a character near death shows almost no visible latticework, just a few disconnected bright spots, one or more of which is fading. An adept can use Lifesight to view a target\'s life force through solid, non-living objects. For example, a character could see the life forces of people hiding behind a brick wall, but not someone hiding inside the bole of a tree.'),
(90, 'Lion Heart', 0, 0, 0, 5, 'The adept\'s resolve improves, allowing him to use his Lion Heart Step in place of his Willpower Step when making tests to resist the effects of fear or Intimidation. An adept cannot use both Lion Heart and Resist Taunt against the same attack.'),
(91, 'Lip Reading', 1, 1, 1, 6, 'The adept eavesdrops on a conversation by watching the target character\'s lips move and making a Lip Reading Test against the target\'s Social Defense. If successful, he is able to read what the speaker is saying for a number of minutes equal to the Test Result, as long as he can see the target\'s lips. The adept must be able to understand the language being spoken to make sense of the conversation. If he doesn\'t, the adept can phonetically sound out what the target is saying, allowing someone nearby who can understand the language to translate for him.'),
(92, 'Lock Picking', 0, 1, 0, 1, 'The adept conjures a set of pale blue telekinetic lock picks which he uses to open mundane and magical locks by making a Lock Picking Test against a Difficulty Number determined by the gamemaster for mundane locks, or against the lock\'s Spell Defense for magical locks. If successful, the lock opens. The adept may attempt to open the same lock a number of times equal to his Lock Picking Rank. Should he fail all of his attempts, or on any Pathetic Result, he cannot open that lock until he increases his Lock Picking Rank.'),
(93, 'Long Shot', 1, 0, 0, 4, 'The adept can hit targets he can see beyond the normal distance allowed for his ranged weapon. The adept makes a Long Shot Test against the Spell Defense of the target, who must be between one and two times the weapon\'s Maximum Range away (see Ranged Combat, p.412). If successful, the adept may make a ranged combat Attack Test with a –4 Extreme Range penalty, which also applies to the character\'s Damage Test for a successful hit.'),
(94, 'Maneuver', 0, 1, 0, 1, 'The adept sacrifices his Standard Action to avoid an opponent\'s attacks and move into a more advantageous position against that opponent by making a Maneuver Test, the result replacing his natural Physical Defense against that opponent until the adept\'s turn in the following round. If the adept successfully avoids all attacks directed against him by that opponent until that turn, he may add his Maneuver Rank to the first close combat Attack Test he makes against his now out-maneuvered opponent on that turn. If this attack is successful, the adept adds his Maneuver Rank to the Damage Test.'),
(95, 'Melee Weapons', 0, 1, 0, 1, 'The adept makes a melee attack in close combat against an opponent with a hand-held weapon, like a sword, axe, or dagger, by making a Melee Weapons Test against the target\'s Physical Defense. If successful, the attack hits the target and the adept makes a Damage Test for the weapon used. See Melee Attacks, p. 229, for more information.'),
(96, 'Mimic Voice', 0, 0, 0, 6, 'The adept mimics a voice he hears by making a Mimic Voice Test against the speaker\'s Social Defense. If successful, he learns and can mimic that voice for a number of hours equal to his Mimic Voice Rank. When attempting to fool others, the adept makes a Mimic Voice Test, the result being the Detection Difficulty for any Tests made to detect the mimicry. If the adept does not understand the language of the person whose voice he is trying to mimic, the talent produces the equivalent of baby babble to those hearing it—the sounds are right, but the words don\'t mean anything.'),
(97, 'Missile Weapons', 0, 1, 0, 1, 'The adept makes a missile attack in ranged combat against an opponent by using a bow, crossbow, or another weapon that fires projectiles, and making a Missile Weapons Test against the target\'s Physical Defense. If successful, the attack hits the target and the adept makes a Damage Test for the weapon used. See Missile Attacks, p. 231, for more information.'),
(98, 'Momentum Attack', 0, 0, 1, 1, 'The adept makes an additional close combat attack while his opponent recovers from the first blow. If the adept achieves a Good Result on his initial close combat Attack Test against an opponent, he may make a Momentum Attack against that opponent. After resolving the damage from his first attack, the adept makes a Momentum Attack Test against his opponent\'s Physical Defense. If successful, he makes a Damage Test, as normal. Damage bonuses applied to the initial attack do not carry over. For example, if the adept uses Crushing Blow with his first attack, he does not add that damage bonus to his Momentum Attack, though he may use Crushing Blow again. This talent can only be used once per round.'),
(99, 'Mount Attack', 0, 0, 1, NULL, 'The Mount Attack talent allows an adept to increase the accuracy of his mount\'s attacks. The adept must be riding the mount for it to benefit from this talent. The adept adds his Mount Attack Rank to the mount\'s Attack Test.'),
(100, 'Mount Durability', 0, 0, 0, NULL, 'The adept\'s mount\'s ability to take damage is improved in a similar manner to the Durability talent (p. 66), with each Mount Durability Rank increasing his mount\'s Death Rating by +6 and its Unconsciousness Rating by +5. The adept may transfer the talent\'s effect from one mount to another by performing an hour-long ritual with the new mount. He may not split up his Mount Durability Ranks between multiple mounts. This talent only works on living animals Loyal to the adept. A mount may only benefit from a single Durability-type talent at a time.'),
(101, 'Mystic Aim', 0, 1, 1, 4, 'The adept draws a steady aim with a missile or thrown weapon on a target within line of sight and range and makes a Mystic Aim Test against the target\'s Spell Defense. If successful, a small visible mark appears on the target for a number of rounds equal to his Mystic Aim Rank. The adept adds his Mystic Aim Rank to the next ranged Attack Test he makes against the target. Once he makes an Attack Test, even if against a different opponent, or if the target moves out of line of sight, the mark disappears and the bonus is lost. This talent cannot be used with the Aiming combat option (p. 222). The mark created is unique to the adept—it might appear as two or three plain white dots, a symbol from his home town or village, or some other motif personal to the adept.'),
(102, 'Navigation', 0, 1, 0, 4, 'Use of this talent requires Navigation Charts. The adept can read maps, chart courses, and even guide an airship safely through the skies, circumventing storms and turbulence, flying creatures, and other hazards. To pinpoint their location, navigators must be able to see the sky and must possess a set of navigator\'s charts. Navigation most often means relying on the constellations of the Passions, the movement of the sun, and similar astrological phenomena for direction. Most maps have the constellations drawn around their borders for use with Shantaya\'s sextant and similar navigational tools. Consequently, navigation is most effective on clear nights when the stars shine brightest. The adept spends ten minutes determining his current position and makes a Navigation Test against a Difficulty Number determined by the gamemaster, based on the Navigation Table, but modified depending on the circumstances. Incomplete or inaccurate charts increase the Difficulty Number by +1 to +5. The Test Result determines the adept\'s accuracy. An Average Result gives a position accurate to within 10 miles; a Good Result yields one accurate within 5 miles; an Excellent Result, within 2 miles; an Extraordinary Result places the navigator within a mile of his target location. On a Poor or worse result, the adept becomes lost (see Getting Lost, below).'),
(103, 'Orbiting Spy', 1, 1, 0, 4, 'The adept summons a spy spirit to serve as a lookout by making an Orbiting Spy (6) Test. If successful, the spirit travels in a circular pattern around the adept, up to 20 yards distance, for a number of hours equal to the Test Result. Conjured spy spirits cannot affect or be affected by the physical world and are immune to most spells, except those which disrupt or dispel magic. Whenever the adept wants to use the spirit to detect something, he makes an Orbiting Spy Test instead of a Perception Test. If successful, the spy spirit informs him of anything unusual it notices. This requires the adept\'s Standard Action that round. The spirit can be given specific instructions on what to look for, to prevent unpleasant surprises. The adept may direct the spirit to look out for and inform him of the presence of a number of objects or creatures equal to his Orbiting Spy Rank. The spirit will remain on constant alert for these creatures or objects and will notify the adept if they are detected—the gamemaster makes Orbiting Spy Tests for the spirit and advises the adept of the results, if applicable. Spy spirits can see into the astral plane as well as the physical world—though this requires a successful Orbiting Spy (6) Test—so they can inform the adept of anything lurking around in astral space. An adept can only have one orbiting spy active at a time.'),
(104, 'Parry', 0, 0, 1, 1, 'The adept defends himself against blows directed at him in close combat by making a Parry Test against his opponent\'s Attack Test result. If successful, he deflects the blow and takes no damage. The adept can use this talent a number of times per round equal to his Parry Rank, but only once per attack. The adept cannot Parry attacks he cannot see, such as when he is Blindsided. Parry uses a weapon, shield, or other sturdy item to deflect an attack. The adept adds his weapon\'s Size, his shield\'s Deflection Bonus, a bonus determined by the rules for a special item, or a bonus determined by the gamemaster, as a bonus to the Parry Test. An adept with no such equipment (no weapon, shield, etc.) attempting to Parry a melee weapon attack must achieve a Good Result to avoid injury.'),
(105, 'Performance', 1, 0, 1, 6, 'The adept impresses onlookers by actively performing a skill or talent of his choice and making a Performance Test against the highest Social Defense among the members of the target audience. If successful, the adept gains a +1 bonus for each Result Level achieved to his Interaction Tests against those affected, for a number of hours equal to his Performance Rank.'),
(106, 'Picking Pockets', 0, 1, 0, 1, 'The adept combines a deft touch with minor levitation magic to remove an item from the pocket or pouch of another character. The adept makes a Picking Pockets Test, the result being the talent\'s Detection Difficulty for attempts made to notice the theft. Anyone able to observe the adept\'s action, including the target character, may make a Perception Test against the Detection Difficulty to notice the action immediately after the act has occurred.'),
(107, 'Poison Resistance', 0, 0, 0, 3, 'The adept\'s poison resistance improves, allowing him to make a Poison Resistance Test in place of a Toughness Test when resisting the effects of poison. The adept may also make a Poison Resistance Test in place of a Recovery Test when healing damage inflicted by poison. Each Poison Resistance Test he makes, whether successful or not, removes some of the poison from the adept\'s body. A few drops of blood seep through his skin, carrying away some of the poison affecting the adept, and reducing the Difficulty Number and Effect Step by –1 for each successive Poison Resistance Test made against that same dose of poison.'),
(108, 'Power Mask', 1, 1, 0, 5, 'The adept disguises his true magical nature from mundane and magical detection by making a Power Mask Test, the result being the talent\'s Detection Difficulty for a number of hours equal to his Power Mask Rank. The adept is surrounded by a misleading astral aura, preventing others from identifying him as magical and hiding any obvious magical effects on him from mundane onlookers. Any Tests to discern the adept\'s magical nature are made against the Detection Difficulty. If the test fails, the adept appears to be mundane.'),
(109, 'Read/Write Language', 0, 1, 1, 4, 'The adept learns to read and write different tongues and may learn a maximum number of languages equal to his Read/ Write Language Rank. If he has an unassigned Read/Write Language Rank available, the adept can attempt to learn a new language by reading at least one page of text written in the language for at least one minute, then making a Read/Write Language Test against the language\'s Learning Difficulty. If successful, he learns the language and notes it on his Character Record Sheet. If the test fails, the adept cannot attempt to learn that same language again until he improves his Read/ Write Language Rank—he can attempt to learn other languages or dialects, however. Once a Rank has been assigned to a language it cannot be used to learn any other language. The Learning Difficulty for the different racial languages is shown in the Language Table. The numbers reflect the difficulty of learning the base \"racial\" versions of these languages. When reading, the adept makes a Read/Write Language Test to see how well he understands the content. The Test Result determines the level of comprehension. Simple sentences or ideas, such as \"The mayor\'s house lies east of here,\" only require a result of 2; histories or legends containing peculiar idioms or f lowery phrases require a result of 6; manuals or other books filled with jargon specific to a field of study require a result of 10; understanding philosophical treatises on the nature of magic, or other writings filled with specialized academic language and abstract ideas, requires a result of 13. When writing, use the same Difficulty Numbers as for reading, depending on the complexity of the topic the adept is writing about. The effect of each Test lasts for a number of hours equal to the adept\'s Read/Write Language Rank, allowing reading and writing at the level achieved by the Test Result. If the adept is required to read or write at a more complex level, he must make another Read/Write Language Test. The Strain cost reflects the concentration required. It takes about one minute to reading a page of text; writing a page of text takes about ten minutes.'),
(110, 'Read/Write Magic', 0, 1, 0, 4, 'The adept can read and write magical writing, such as that found on scrolls or magical glyphs. For each page that he is attempting to translate, the adept makes a Read/Write Magic Test against the writing\'s Difficulty Number, determined by the gamemaster. If successful, the Result Level determines how well he understands the content. An Average Result allows the adept to understand the basic gist of the text, but not any subtle or complex ideas it contains; a Good or Excellent Result means he understands the subtleties of the text, though he might misinterpret obscure clues or riddles; an Extraordinary Result means the adept completely understands content, easily deciphering any hints, clues, or hidden meanings. This talent also allows magicians to learn new spells. A magician can attempt to learn only one spell per day, by making a Read/Write Magic Test against the spell\'s Learning Difficulty. If successful, he has learned the spell and can write it in his grimoire. He may learn more spells (or attempt to learn a spell again) by sacrificing Recovery Tests—for each Test sacrificed, the magician may make an additional Read/Write Magic Test. See Learning New Spells, p. 238, for more information on learning and scribing spells.'),
(111, 'Research', 0, 1, 0, 4, 'The adept finds information through study and investigation, including librar y research and following up on rumors and legends, by making a Research Test against a Difficulty Number determined by the type of information sought. The gamemaster may use the guidelines for creating Difficulty Numbers in the Gamemaster\'s Guide, p. 89, or he may use the numbers suggested in the Research Table. The Result Level determines how much information is obtained. A Good Result or better often turns up more detailed information than the adept initially sought.\r\nAn adept may also research an item\'s legend to gain general knowledge of the abilities attributed to it during its history. Information gained this way is rarely fully accurate, for legends often exaggerate events in favor of the heroes involved.'),
(112, 'Resist Taunt', 0, 0, 1, 5, 'The adept resists the effects of social attacks directed against his Social Defense by making a Resist Taunt Test against the attack\'s Test Result. If successful, he steels himself and reconsiders his response at the last instant, negating the effect. Resist Taunt is effective against social attacks such as Persuasion, Taunt, Intimidation, and other similar talents or Interaction Tests (see the Gamemaster\'s Guide, p. 93). The adept can use this talent a number of times each round equal to his Resist Taunt Rank, but only once per social attack.'),
(113, 'Riposte', 0, 0, 2, 1, 'The adept uses his melee weapon to block an opponent\'s melee attack, possibly turning it back on his erstwhile attacker, by making a Riposte Test against his opponent\'s Attack Test result. If successful, the adept parries or blocks the attack and may immediately counterattack, comparing his Test Result against his opponent\'s Physical Defense. On a Good Result, the riposting attack hits and the adept makes a Damage Test, as normal. Riposte Tests can result in Armor- Defeating Hits, but only if one level higher than normal (usually on an Extraordinary Result). Only attacks that he is aware of can be riposted by the adept. If he is Blindsided or Surprised, he cannot riposte the blow. The adept can use this talent a number of times each round equal to his Riposte Rank, but may only make a single counterattack per round. Riposte Tests can only be made against melee Attack Tests directed against the adept, including an opponent\'s Riposte Test, if he also knows the talent or skill. An adept may not use both Riposte and another talent that negates being hit, such as Avoid Blow, against the same attack.'),
(114, 'Safe Path', 1, 1, 0, 4, 'The adept contacts a local elemental spirit to find the safest path through unfamiliar territory. The adept does not conjure the elemental, he only establishes contact. Unless the adept knows the elemental\'s language (see Elemental Tongues, p. 67), the spirit communicates by using \"sign language,\" utilizing its native element to produce simple, but effective, signals for the adept to translate. Sometimes the elemental animates a part of the nearby landscape, making its conversation \"audible\" to other characters. The adept makes a Safe Path Test, the result being the number of miles of safe passage the elemental can predict. The elemental communicates the safest path to take and indicates possible elemental dangers or natural beasts along the way. Keep in mind that what an elemental considers \"dangerous\" can be vastly different to what poses danger to a Namegiver. The elemental\'s knowledge of an area is also limited by its type. For example, earth elementals know very little about flying or waterborne dangers, but may be able to describe the arms and armor carried by other adventuring groups within the talent\'s effective distance. The information relayed by the elemental does not indicate the intentions of other characters or creatures, merely their presence and whether the elemental \"thinks\" they are dangerous. Also, the adept is not guaranteed to make contact with an elemental—if the gamemaster determines an elemental is not present in the vicinity, then the talent has no effect.'),
(115, 'Search', 0, 1, 1, 4, 'When intentionally trying to spot someone or something—including hidden vaults, secret doors, or disguised characters who are actively avoiding attention—the adept makes a Search Test instead of a Perception Test. If successful, he notices the target of his search if it is within short range of Visibility (see the Gamemaster\'s Guide, p. 119). On an Excellent Result, he notices the target within medium range of Visibility. This talent does not enable the adept to find traps or wards.'),
(116, 'Second Attack', 1, 0, 1, 1, 'The adept makes an additional close combat attack, using the same weapon he wielded for his first Attack Test that round. He makes a Second Attack Test against his opponent\'s Physical Defense. If successful, the adept makes a Damage Test as normal.'),
(117, 'Second Shot', 1, 0, 1, 1, 'The adept makes an additional ranged combat attack, using the same weapon (except in the case of thrown weapons) he wielded for his first Attack Test that round. He makes a Second Shot Test against his opponent\'s Physical Defense. If successful, the adept makes a Damage Test as normal.'),
(118, 'Second Weapon', 0, 0, 1, 1, 'The adept wields a one-handed melee weapon in his off-hand to attack an opponent, in the same round as he attacks with his primary one-handed melee weapon, by making a Second Weapon Test as his melee Attack Test. If successful, he makes a Damage Test for the weapon, as normal. T\'skrang characters may use a tail weapon as a second weapon.'),
(119, 'Sense Danger', 0, 1, 1, 4, 'The adept senses if a character or creature is hostile by making a Sense Danger Test against the target\'s Social Defense. If successful, he knows whether or not the target harbors hostile intentions toward him or his friends. No other information is provided regarding the feelings of the target.'),
(120, 'Sense Poison', 0, 0, 1, 4, 'The adept senses the presence of poison in food, drink, and even the air, within Sense Poison Rank × 10 yards by making a Sense Poison Test against the higher of the poison\'s Spell Defense or the Spell Defense of the creature or character (in the case of a poison stinger or poisoned weapon). If successful, he detects poison on the target substance, object, or character. If a poison is carried in a tightly sealed container, like a vial or flask, or if the poison comprises a natural part of an animal, such as a spider\'s or scorpion\'s venom, the adept requires a Good Result on his Sense Poison Test to detect the poison\'s presence.');
INSERT INTO `ed_talents_v3` (`id`, `name`, `karma`, `action`, `strain`, `attribute`, `description`) VALUES
(121, 'Shield Charge', 0, 0, 1, 2, 'The adept bashes an opponent by making an attack in melee combat using his shield as a weapon. If successful, he makes a Shield Charge Test instead of a Damage Test to determine damage. The attack\'s impetus increases the Difficulty Number of any Knockdown Tests his opponent makes—the adept adds his Shield Charge Rank to the Knockdown Difficulty (p. 233). Because of the positioning required, the adept loses his shield protection against all opponents, other than the one he is currently facing, for the remainder of the round.'),
(122, 'Silent Walk', 0, 0, 0, 1, 'The adept combines fluid movement with magical effects to dampen the sound of his passage, including foot steps and other means of travel, such as the sound of a windling\'s flight. The adept makes a Silent Walk Test, the result being the Detection Difficulty for any Perception test to hear him moving. This talent does not make the adept more difficult to see—a character who is aware of the adept\'s presence and watching him will observe his movements normally. Using Silent Walk halves the adept\'s Movement Rate and the effect of any abilities used to increase movement speed.'),
(123, 'Slough Blame', 1, 1, 1, 6, 'The adept temporarily diverts suspicion and blame from one character to another by concocting a plausible explanation, then making a Slough Blame Test against the higher of the accuser\'s or scapegoat\'s Social Defense, +1 for each additional character involved. If successful, the blame is passed on, per the adept\'s explanation for a number of minutes equal to his Slough Blame Rank—hopefully sufficient time for the adept to make himself scarce.'),
(124, 'Speak Language', 0, 1, 1, 4, 'The adept learns to communicate with others in different tongues and may learn a number of languages equal to his Speak Language Rank. If he has an unassigned Speak Language Rank available, the adept can attempt to learn a new language by listening to a fluent speaker for at least one minute, then making a Speak Language Test against the language\'s Learning Difficulty. If successful, he learns the language and notes it on his Character Record Sheet. If the test fails, the adept cannot attempt to learn that same language again until he improves his Speak Language Rank—he can attempt to learn other languages or dialects, however. Once a Rank has been assigned to a language it cannot be used to learn any other language. The Learning Difficulty for the different racial languages is shown in the Language Table. The numbers reflect the difficulty of learning the base \"racial\" versions of these languages. When speaking, the adept makes a Speak Language Test to see how well he communicates what he wants to say. The Test Result determines the level of comprehension. Simple sentences or ideas, such as \"Which way to the sheriff?\" only require a result of 2; normal conversation that includes idioms or jargon requires a result of 6; technical conversations or other discussions filled with specialized jargon require a result of 10; conversations about philosophy, or other abstract ideas, require a result of 13. The effect of each Test lasts for a number of hours equal to the adept\'s Speak Language Rank, allowing communication at the level achieved by the Test Result. If the adept requires more complex conversation, he must make another Speak Language Test. The Strain cost reflects the concentration required to establish and maintain communication.'),
(125, 'Spell Matrix', 0, 0, 0, NULL, 'Aspell matrix is an astral construct that allows magicians to cast spells without interference from the denizens of astral space. The Spell Matrix talent represents the most basic type of spell matrix in Earthdawn. A magician may only safely cast a spell after he has first placed it into a spell matrix. The Spell Matrix Rank determines the maximum Spell Circle it can hold. For example, a Rank 2 Spell Matrix can hold a single First or Second Circle spell. The matrix\'s Mystic Armor absorbs damage from attacks directed against it, such as from the Matrix Strike talent, and is equal to the magician\'s base Mystic Armor. Each Spell Matrix represents a separate talent with its own Rank, and is improved independently.'),
(126, 'Spellcasting', 0, 1, 0, 4, 'The magician casts spells by making a Spellcasting Test against the Casting Difficulty given in the spell\'s description. If successful, the spell is successfully cast and the effect determined. See the Spell Magic chapter, p. 129, for more information. See the Spells chapter, p. 140, for spell descriptions.'),
(127, 'Spirit Dodge', 0, 1, 1, 4, 'The adept conjures a tasked spirit to protect him in combat by using his Standard Action to make a Spirit Dodge (6) Test. If successful, a spirit is conjured, which rests within the adept for a number of hours equal to the Test Result or until dismissed by the adept. Whether the adept desires it or not, the spirit automatically tries to dodge all close or ranged combat attacks that would otherwise hit the adept—even if he is unable to see the blow coming—pulling or pushing him in any direction needed to avoid being struck. The adept makes a Spirit Dodge Test against the Attack Test result as a Free Action. If successful, the attack misses—the spirit drags the adept out of the way at the last instant. Each time the adept makes a Spirit Dodge Test to avoid a blow, he suffers 1 Strain. He can still be Knocked Down by taking a Wound or from the Attacking to Knockdown combat option (p. 222). Action Test penalties for being Knocked Down are also applied to the Spirit Dodge Test—the spirit\'s ability to \"roll\" the adept around to avoid being struck is impaired. The adept incurs Blindsided or Surprised penalties as normal, simply reacting against attacks when he wouldn\'t normally be able to.'),
(128, 'Spirit Hold', 0, 1, 1, 5, 'The adept anchors a spirit within 20 yards to one spot by boldly facing it and ordering it to halt, then making a Spirit Hold Test against the spirit\'s Spell Defense. If successful, the spirit is held in place for a number of rounds equal to the adept\'s Spirit Hold Rank, during which time it is unable to move or take any actions other than communicating. The adept must concentrate to hold the spirit in place—he also cannot move or take any actions other than communication. If he does, the hold is broken and the spirit is free to act. The spirit may free itself by making a successful Willpower Test against the adept\'s Spirit Hold Step. If the talent\'s duration runs out, the adept may use it again to prolong the hold. If the talent\'s effect ends before the duration runs out, by the adept taking other actions or the spirit freeing itself, using the talent again against the same spirit requires a Result Level one higher than the previous use.'),
(129, 'Spirit Mount', 0, 1, 1, 4, 'The adept conjures a riding mount by making a Spirit Mount Test against the spirit mount\'s Spell Defense. If successful, a spirit mount \"whose eyes are afire and skin all summer lightning and fog\" appears for a number of minutes equal to the Test Result, after which it melts into mist. Spirit mounts usually take the form of horses, but sages have recorded other shapes. Only the summoner may ride the spirit mount—it dissolves rather than obey the commands of another. A spirit mount can walk or gallop on air or water when unburdened, but cannot carry a rider into or over these mediums. They can sink up to two feet into the ground, usually sufficient to allow mount and rider to pass along corridors too low for a normal horse and rider to travel along. Regardless of its summoned form, a spirit mount always has the following statistics:'),
(130, 'Spirit Talk', 1, 1, 1, 4, 'The adept is able to talk to spirits and entities, including those who do not speak a language known to him and those who do not communicate verbally, by making a Spirit Talk Test against the spirit\'s Spell Defense. If successful, the adept may talk to the spirit for a number of minutes equal to his Spirit Talk Rank. This talent does not compel the spirit to talk to the adept, it merely makes communication possible.'),
(131, 'Spot Armor Flaw', 1, 0, 0, 4, 'The adept detects weaknesses in a character\'s armor by making a Spot Armor Flaw Test against the higher of the target\'s or his armor\'s Spell Defense. If successful, the adept sees any flaws in the armor and reduces the Result Level he requires to achieve an Armor-Defeating Hit by one level (Excellent to Good, Extraordinary to Excellent, and so on) for a number of rounds equal to his Spot Armor Flaw Rank. The effects of Spot Armor Flaw are not cumulative with the Show Armor Flaw talent.'),
(132, 'Sprint', 1, 0, 1, NULL, 'The adept temporarily infuses himself with magical speed, adding his Sprint Rank to his Movement Rate that round. Sprint cannot be used during the same round as other movementenhancing talents, such as Great Leap, or Gliding Stride. The bonus to Movement Rate conveyed by Sprint is not doubled when using the Running combat option (p. 225).'),
(133, 'Steel Thought', 0, 0, 1, 5, 'The adept resists magical abilities that target his Spell Defense. Any time he is targeted by such an ability, the adept may make a Steel Thought Test against his opponent\'s Test Result. If successful, he forges his thoughts into more resilient patterns, preventing the ability from affecting him. This talent works similarly to the Avoid Blow talent, but is only effective against magical abilities, such as talents, spells, and creature powers. The adept can use this talent a number of times equal to his Steel Thought Rank each round, but only once against each such effect directed at him.'),
(134, 'Steely Stare', 0, 1, 1, 6, 'The adept intimidates a character with his piercing gaze, staring intently at him and making a Steely Stare Test against the target\'s Social Defense. If successful, the target feels a chill travel up his spine and becomes wary of the adept for a number of minutes equal to the adept\'s Steely Stare Rank. While affected, the target will not take any actions against the adept, including Interaction Tests—such as Persuasion, Intimidation, Taunt, and so on—unless attacked. The target can shake off the effect by making a successful Willpower Test against the adept\'s Steely Stare Step.'),
(135, 'Stopping Aim', 0, 1, 1, 6, 'The adept stops a character within line of sight and weapon range from moving by aiming his missile or thrown weapon at the target and making a Stopping Aim Test against the target\'s Social Defense. If successful, a small, but obvious, mark appears on the target and he immediately stops dead in his tracks for fear of being struck for a number of rounds equal to the Test Result. The target remains transfixed until he is attacked, the talent\'s duration expires, or he makes a successful Willpower Test against the adept\'s Stopping Aim Step. Keeping aim on the target requires the adept\'s concentration, during which time he can perform no other Standard Actions, or the talent ends.'),
(136, 'Summon', 1, 1, 0, 4, 'Unique to each Discipline. The adept summons an elemental or other extra-planar being to his current location by making a Summon Test against the entity\'s Spell Defense. If successful, the entity appears, at which point the adept will likely need other magic or talents to successfully negotiate with or control it. The Summon talent is unique to certain Disciplines, restricting use to summoning only a specific type of spirit, for example, elemental or ally spirits. The type of spirit summoned is indicated in parentheses next to the talent name in the individual Discipline descriptions. See Summoning, p. 211, for more information.'),
(137, 'Sure Mount', 0, 0, 0, 2, 'The mounted adept avoids being dismounted by making a Sure Mount Test in place of any Knockdown Test he is required to make (see Mounted Combat, p. 233).'),
(138, 'Surprise Strike', 0, 0, 1, 2, 'The adept takes advantage of surprise to inflict a telling blow. If his Attack Test against a Surprised (p.409) opponent is successful, the adept substitutes his Surprise Strike Step for his Strength Step for the Damage Test. Usually, opponents can only be Surprised at the start of an encounter, but some talents, skills, and other abilities allow the adept to regain a situation of Surprise.'),
(139, 'Swift Kick', 0, 0, 1, 1, 'If the adept has free use of a leg (or tail, if a t\'skrang) and a higher Initiative Test result, he may kick an opponent by making a Swift Kick Test against the target\'s Physical Defense, as an additional attack in close combat. If successful, the adept makes an unarmed Damage Test as in unarmed combat.'),
(140, 'Swing Attack', 0, 1, 1, 1, 'The adept swings down at an opponent from an elevated position using sturdy ropes, ship rigging, or vines. Before the attack, the adept decides whether to swing on past, if physically possible, or to stop swinging and land next to his opponent. If he decides to continue swinging, the attack is treated as a Swooping Attack (p. 234), but no penalties or Strain for Splitting Movement are applied—they are covered by the effects of the talent. The adept makes a Swing Attack Test as his close combat Attack Test. If successful, he adds his Swing Attack Rank to his Damage Test. When trying to swing on after a successful attack, the adept makes a Strength Test against the target\'s Toughness Step to avoid being knocked off the rope or vine from the impact. If this test fails, he falls to the ground or deck, taking Step 5/D8 Falling damage and is automatically Knocked Down. Many Air Sailors learn to Swing Attack as a tactic for dropping into the thick of trouble from a position of advantage, swiftly dropping to the deck from an airship\'s rigging or, when climbing trees, using vines to lower themselves quickly to the ground. An adept with this talent can substitute his Swing Attack Step for his Dexterity Step when attempting other non-combat actions while swinging from rigging and the like.'),
(141, 'Tactics', 0, 1, 0, 4, 'The adept directs combat to the advantage of his soldiers. For the \"commanding\" character to effectively use the Tactics talent, his troops must be at least Friendly to him. The commander decides whether his troops are taking the offensive or the defensive, then makes a Tactics Test against the opposing commander\'s Social Defense. If successful, and his troops were on the offensive, they gain a +1 bonus to their Attack or Damage Tests (determined by the commander) for each Result Level achieved; if on the defensive, they add +1 to their Physical, Spell, or Social Defense (determined by the commander) for each Result Level achieved. A Pathetic Result works to the enemy\'s advantage; the character completely fails to read the situation and his own troops suffer a –1 penalty to their Attack or Damage Tests, or Physical, Spell, or Social Defense, as appropriate. The adept may command a maximum of Tactics Rank × 20 troops at a time for a number of minutes equal to his Tactics Rank. If several characters attempt to command the same group of soldiers, the highest Result Level determines the bonus— and who is in command. Tactics can only be used on gamemaster characters; player characters do not benefit from using this talent or having it used on them.'),
(142, 'Taunt', 0, 0, 1, 6, 'The adept distracts a character (who must be able to understand him) by insulting and humiliating him, making a Taunt Test against the target\'s Social Defense. If successful, the target incurs a –1 Action Test penalty and subtracts –1 from his Social Defense for each Result Level achieved, starting with an Average Result, for a number of rounds equal to the adept\'s Taunt Rank.'),
(143, 'Temper Other', 0, 1, 0, 5, 'The adept performs this ritual to toughen another character, making him more resistant to harm. Both the adept and target character must be rested and in good health (not suffering from any Current Damage or Wounds, except Blood Magic Damage or Blood Wounds) or the ritual automatically fails. The adept draws forth icy ether from astral space, rolling the chilling substance over the target\'s body during a half hour of intense meditation, after which he makes a Temper Other Test against the higher of the target\'s Toughness Step or a Difficulty Number of 6. If successful, the adept adds his Temper Other Rank to the target\'s Death Rating, Unconsciousness Rating, and Wound Threshold for one day. If the test fails, the target takes Damage Points equal to his Wound Threshold, resulting in a Wound (no armor provides protection). A character can benefit from only one successful Temper Other or Temper Self ritual at a time.'),
(144, 'Temper Self', 0, 1, 0, 5, 'The adept performs this ritual to toughen himself, becoming more resistant to harm. He must be rested and in good health (not suffering from any Current Damage or Wounds, except Blood Magic Damage or Blood Wounds) or the ritual automatically fails. The adept draws forth icy ether from astral space, rolling the chilling substance over his body during a half hour of intense meditation, after which he makes a Temper Self Test against the higher of his own Toughness Step or a Difficulty Number of 6. If successful, the adept adds his Temper Self Rank to his Death Rating, Unconsciousness Rating, and Wound Threshold for one day. If the test fails, the adept takes Damage Points equal to his Wound Threshold, resulting in a Wound (no armor provides protection). The adept can benefit from only one successful Temper Other or Temper Self ritual at a time.'),
(145, 'Temperature', 0, 1, 1, 5, 'The adept controls the temperature within a room or other enclosure that he is inside or adjacent to and no bigger than Temperature Rank yards in any dimension. He makes a Temperature Test against the higher of the room\'s Spell Defense or the highest Spell Defense among those present in the room, including himself if he is inside. If successful, the adept immediately raises or lowers the room temperature by a maximum of Temperature Rank × 10 degrees Fahrenheit for a number of hours equal to the Test Result. The adept may cancel the effect any time he is inside or adjacent to the room; the room returns to its original temperature within one round.'),
(146, 'Thought Link', 0, 1, 1, 4, 'The adept establishes a telepathic link with a character or familiar within line of sight by making a Thought Link Test against the target\'s Spell Defense. If successful, he may talk telepathically with the target, as long as he is within Thought Link Rank × 100 yards, for a number of minutes equal to the Test Result. Telepathic communication is silent and requires no more effort than forming the words in one\'s mind. Thoughts come across as words, accompanied by a buzzing, ticklish pressure—the recipient of the thought hears and feels the words. Though not painful, the effect is known to cause peculiar expressions on the faces of those not expecting it.'),
(147, 'Thread Weaving (Air Weaving)', 0, 1, 0, 4, 'Unique to each Discipline. The adept creates and manipulates magical threads. He can have a ma x imum number of permanent threads active equal to his Thread Weaving Rank. Each individual thread can be woven to a maximum Thread Rank equal to the adept\'s Thread Weaving Rank. This limit does not apply to threads woven into spell patterns; such threads are temporary, lasting only long enough for the spell to be cast. If a magician achieves an Excellent Result when weaving a spell pattern, he manages to weave an additional thread to the spell in that round. See the Workings of Magic (p. 104) and Spell Magic (p. 129) chapters for more information about threads and spell patterns. Each Discipline has its own unique Named variant of the Thread Weaving talent, shown in parentheses in the Discipline\'s talent progression. If a rule calls for this specific Name, the Thread Weaving talent by that Name from that specific Discipline must be used, not just any Thread Weaving talent. Adepts with more than one Discipline learn and improve each of their Discipline\'s Thread Weaving talents independently. See Learning New Disciplines, p. 241, for more information on multi-Disciplining and the Thread Weaving talent. For the purpose of weaving permanent threads, they use only the highest Rank among all their Thread Weaving talents. The Thread Weaving talent also gives adepts a limited type of astral sight called Thread Sight (see Astral Sensing, p. 112), allowing only enough vision to see threads and patterns. See Nature of Threads, p. 113, for more information on threads, thread weaving, and True Patterns.'),
(148, 'Thread Weaving (Arrow Weaving)', 0, 1, 0, 4, 'Unique to each Discipline. The adept creates and manipulates magical threads. He can have a ma x imum number of permanent threads active equal to his Thread Weaving Rank. Each individual thread can be woven to a maximum Thread Rank equal to the adept\'s Thread Weaving Rank. This limit does not apply to threads woven into spell patterns; such threads are temporary, lasting only long enough for the spell to be cast. If a magician achieves an Excellent Result when weaving a spell pattern, he manages to weave an additional thread to the spell in that round. See the Workings of Magic (p. 104) and Spell Magic (p. 129) chapters for more information about threads and spell patterns. Each Discipline has its own unique Named variant of the Thread Weaving talent, shown in parentheses in the Discipline\'s talent progression. If a rule calls for this specific Name, the Thread Weaving talent by that Name from that specific Discipline must be used, not just any Thread Weaving talent. Adepts with more than one Discipline learn and improve each of their Discipline\'s Thread Weaving talents independently. See Learning New Disciplines, p. 241, for more information on multi-Disciplining and the Thread Weaving talent. For the purpose of weaving permanent threads, they use only the highest Rank among all their Thread Weaving talents. The Thread Weaving talent also gives adepts a limited type of astral sight called Thread Sight (see Astral Sensing, p. 112), allowing only enough vision to see threads and patterns. See Nature of Threads, p. 113, for more information on threads, thread weaving, and True Patterns.'),
(149, 'Thread Weaving (Beast Weaving)', 0, 1, 0, 4, 'Unique to each Discipline. The adept creates and manipulates magical threads. He can have a ma x imum number of permanent threads active equal to his Thread Weaving Rank. Each individual thread can be woven to a maximum Thread Rank equal to the adept\'s Thread Weaving Rank. This limit does not apply to threads woven into spell patterns; such threads are temporary, lasting only long enough for the spell to be cast. If a magician achieves an Excellent Result when weaving a spell pattern, he manages to weave an additional thread to the spell in that round. See the Workings of Magic (p. 104) and Spell Magic (p. 129) chapters for more information about threads and spell patterns. Each Discipline has its own unique Named variant of the Thread Weaving talent, shown in parentheses in the Discipline\'s talent progression. If a rule calls for this specific Name, the Thread Weaving talent by that Name from that specific Discipline must be used, not just any Thread Weaving talent. Adepts with more than one Discipline learn and improve each of their Discipline\'s Thread Weaving talents independently. See Learning New Disciplines, p. 241, for more information on multi-Disciplining and the Thread Weaving talent. For the purpose of weaving permanent threads, they use only the highest Rank among all their Thread Weaving talents. The Thread Weaving talent also gives adepts a limited type of astral sight called Thread Sight (see Astral Sensing, p. 112), allowing only enough vision to see threads and patterns. See Nature of Threads, p. 113, for more information on threads, thread weaving, and True Patterns.'),
(150, 'Thread Weaving (Rider Weaving)', 0, 1, 0, 4, 'Unique to each Discipline. The adept creates and manipulates magical threads. He can have a ma x imum number of permanent threads active equal to his Thread Weaving Rank. Each individual thread can be woven to a maximum Thread Rank equal to the adept\'s Thread Weaving Rank. This limit does not apply to threads woven into spell patterns; such threads are temporary, lasting only long enough for the spell to be cast. If a magician achieves an Excellent Result when weaving a spell pattern, he manages to weave an additional thread to the spell in that round. See the Workings of Magic (p. 104) and Spell Magic (p. 129) chapters for more information about threads and spell patterns. Each Discipline has its own unique Named variant of the Thread Weaving talent, shown in parentheses in the Discipline\'s talent progression. If a rule calls for this specific Name, the Thread Weaving talent by that Name from that specific Discipline must be used, not just any Thread Weaving talent. Adepts with more than one Discipline learn and improve each of their Discipline\'s Thread Weaving talents independently. See Learning New Disciplines, p. 241, for more information on multi-Disciplining and the Thread Weaving talent. For the purpose of weaving permanent threads, they use only the highest Rank among all their Thread Weaving talents. The Thread Weaving talent also gives adepts a limited type of astral sight called Thread Sight (see Astral Sensing, p. 112), allowing only enough vision to see threads and patterns. See Nature of Threads, p. 113, for more information on threads, thread weaving, and True Patterns.'),
(151, 'Thread Weaving (Elementalism)', 0, 1, 0, 4, 'Unique to each Discipline. The adept creates and manipulates magical threads. He can have a ma x imum number of permanent threads active equal to his Thread Weaving Rank. Each individual thread can be woven to a maximum Thread Rank equal to the adept\'s Thread Weaving Rank. This limit does not apply to threads woven into spell patterns; such threads are temporary, lasting only long enough for the spell to be cast. If a magician achieves an Excellent Result when weaving a spell pattern, he manages to weave an additional thread to the spell in that round. See the Workings of Magic (p. 104) and Spell Magic (p. 129) chapters for more information about threads and spell patterns. Each Discipline has its own unique Named variant of the Thread Weaving talent, shown in parentheses in the Discipline\'s talent progression. If a rule calls for this specific Name, the Thread Weaving talent by that Name from that specific Discipline must be used, not just any Thread Weaving talent. Adepts with more than one Discipline learn and improve each of their Discipline\'s Thread Weaving talents independently. See Learning New Disciplines, p. 241, for more information on multi-Disciplining and the Thread Weaving talent. For the purpose of weaving permanent threads, they use only the highest Rank among all their Thread Weaving talents. The Thread Weaving talent also gives adepts a limited type of astral sight called Thread Sight (see Astral Sensing, p. 112), allowing only enough vision to see threads and patterns. See Nature of Threads, p. 113, for more information on threads, thread weaving, and True Patterns.'),
(152, 'Thread Weaving (Illusionism)', 0, 1, 0, 4, 'Unique to each Discipline. The adept creates and manipulates magical threads. He can have a ma x imum number of permanent threads active equal to his Thread Weaving Rank. Each individual thread can be woven to a maximum Thread Rank equal to the adept\'s Thread Weaving Rank. This limit does not apply to threads woven into spell patterns; such threads are temporary, lasting only long enough for the spell to be cast. If a magician achieves an Excellent Result when weaving a spell pattern, he manages to weave an additional thread to the spell in that round. See the Workings of Magic (p. 104) and Spell Magic (p. 129) chapters for more information about threads and spell patterns. Each Discipline has its own unique Named variant of the Thread Weaving talent, shown in parentheses in the Discipline\'s talent progression. If a rule calls for this specific Name, the Thread Weaving talent by that Name from that specific Discipline must be used, not just any Thread Weaving talent. Adepts with more than one Discipline learn and improve each of their Discipline\'s Thread Weaving talents independently. See Learning New Disciplines, p. 241, for more information on multi-Disciplining and the Thread Weaving talent. For the purpose of weaving permanent threads, they use only the highest Rank among all their Thread Weaving talents. The Thread Weaving talent also gives adepts a limited type of astral sight called Thread Sight (see Astral Sensing, p. 112), allowing only enough vision to see threads and patterns. See Nature of Threads, p. 113, for more information on threads, thread weaving, and True Patterns.'),
(153, 'Thread Weaving (Nethermancy)', 0, 1, 0, 4, 'Unique to each Discipline. The adept creates and manipulates magical threads. He can have a ma x imum number of permanent threads active equal to his Thread Weaving Rank. Each individual thread can be woven to a maximum Thread Rank equal to the adept\'s Thread Weaving Rank. This limit does not apply to threads woven into spell patterns; such threads are temporary, lasting only long enough for the spell to be cast. If a magician achieves an Excellent Result when weaving a spell pattern, he manages to weave an additional thread to the spell in that round. See the Workings of Magic (p. 104) and Spell Magic (p. 129) chapters for more information about threads and spell patterns. Each Discipline has its own unique Named variant of the Thread Weaving talent, shown in parentheses in the Discipline\'s talent progression. If a rule calls for this specific Name, the Thread Weaving talent by that Name from that specific Discipline must be used, not just any Thread Weaving talent. Adepts with more than one Discipline learn and improve each of their Discipline\'s Thread Weaving talents independently. See Learning New Disciplines, p. 241, for more information on multi-Disciplining and the Thread Weaving talent. For the purpose of weaving permanent threads, they use only the highest Rank among all their Thread Weaving talents. The Thread Weaving talent also gives adepts a limited type of astral sight called Thread Sight (see Astral Sensing, p. 112), allowing only enough vision to see threads and patterns. See Nature of Threads, p. 113, for more information on threads, thread weaving, and True Patterns.'),
(154, 'Thread Weaving (Scout Weaving)', 0, 1, 0, 4, 'Unique to each Discipline. The adept creates and manipulates magical threads. He can have a ma x imum number of permanent threads active equal to his Thread Weaving Rank. Each individual thread can be woven to a maximum Thread Rank equal to the adept\'s Thread Weaving Rank. This limit does not apply to threads woven into spell patterns; such threads are temporary, lasting only long enough for the spell to be cast. If a magician achieves an Excellent Result when weaving a spell pattern, he manages to weave an additional thread to the spell in that round. See the Workings of Magic (p. 104) and Spell Magic (p. 129) chapters for more information about threads and spell patterns. Each Discipline has its own unique Named variant of the Thread Weaving talent, shown in parentheses in the Discipline\'s talent progression. If a rule calls for this specific Name, the Thread Weaving talent by that Name from that specific Discipline must be used, not just any Thread Weaving talent. Adepts with more than one Discipline learn and improve each of their Discipline\'s Thread Weaving talents independently. See Learning New Disciplines, p. 241, for more information on multi-Disciplining and the Thread Weaving talent. For the purpose of weaving permanent threads, they use only the highest Rank among all their Thread Weaving talents. The Thread Weaving talent also gives adepts a limited type of astral sight called Thread Sight (see Astral Sensing, p. 112), allowing only enough vision to see threads and patterns. See Nature of Threads, p. 113, for more information on threads, thread weaving, and True Patterns.'),
(155, 'Thread Weaving (Sky Weaving)', 0, 1, 0, 4, 'Unique to each Discipline. The adept creates and manipulates magical threads. He can have a ma x imum number of permanent threads active equal to his Thread Weaving Rank. Each individual thread can be woven to a maximum Thread Rank equal to the adept\'s Thread Weaving Rank. This limit does not apply to threads woven into spell patterns; such threads are temporary, lasting only long enough for the spell to be cast. If a magician achieves an Excellent Result when weaving a spell pattern, he manages to weave an additional thread to the spell in that round. See the Workings of Magic (p. 104) and Spell Magic (p. 129) chapters for more information about threads and spell patterns. Each Discipline has its own unique Named variant of the Thread Weaving talent, shown in parentheses in the Discipline\'s talent progression. If a rule calls for this specific Name, the Thread Weaving talent by that Name from that specific Discipline must be used, not just any Thread Weaving talent. Adepts with more than one Discipline learn and improve each of their Discipline\'s Thread Weaving talents independently. See Learning New Disciplines, p. 241, for more information on multi-Disciplining and the Thread Weaving talent. For the purpose of weaving permanent threads, they use only the highest Rank among all their Thread Weaving talents. The Thread Weaving talent also gives adepts a limited type of astral sight called Thread Sight (see Astral Sensing, p. 112), allowing only enough vision to see threads and patterns. See Nature of Threads, p. 113, for more information on threads, thread weaving, and True Patterns.'),
(156, 'Thread Weaving (Weapon Weaving)', 0, 1, 0, 4, 'Unique to each Discipline. The adept creates and manipulates magical threads. He can have a ma x imum number of permanent threads active equal to his Thread Weaving Rank. Each individual thread can be woven to a maximum Thread Rank equal to the adept\'s Thread Weaving Rank. This limit does not apply to threads woven into spell patterns; such threads are temporary, lasting only long enough for the spell to be cast. If a magician achieves an Excellent Result when weaving a spell pattern, he manages to weave an additional thread to the spell in that round. See the Workings of Magic (p. 104) and Spell Magic (p. 129) chapters for more information about threads and spell patterns. Each Discipline has its own unique Named variant of the Thread Weaving talent, shown in parentheses in the Discipline\'s talent progression. If a rule calls for this specific Name, the Thread Weaving talent by that Name from that specific Discipline must be used, not just any Thread Weaving talent. Adepts with more than one Discipline learn and improve each of their Discipline\'s Thread Weaving talents independently. See Learning New Disciplines, p. 241, for more information on multi-Disciplining and the Thread Weaving talent. For the purpose of weaving permanent threads, they use only the highest Rank among all their Thread Weaving talents. The Thread Weaving talent also gives adepts a limited type of astral sight called Thread Sight (see Astral Sensing, p. 112), allowing only enough vision to see threads and patterns. See Nature of Threads, p. 113, for more information on threads, thread weaving, and True Patterns.'),
(157, 'Thread Weaving (Thief Weaving)', 0, 1, 0, 4, 'Unique to each Discipline. The adept creates and manipulates magical threads. He can have a ma x imum number of permanent threads active equal to his Thread Weaving Rank. Each individual thread can be woven to a maximum Thread Rank equal to the adept\'s Thread Weaving Rank. This limit does not apply to threads woven into spell patterns; such threads are temporary, lasting only long enough for the spell to be cast. If a magician achieves an Excellent Result when weaving a spell pattern, he manages to weave an additional thread to the spell in that round. See the Workings of Magic (p. 104) and Spell Magic (p. 129) chapters for more information about threads and spell patterns. Each Discipline has its own unique Named variant of the Thread Weaving talent, shown in parentheses in the Discipline\'s talent progression. If a rule calls for this specific Name, the Thread Weaving talent by that Name from that specific Discipline must be used, not just any Thread Weaving talent. Adepts with more than one Discipline learn and improve each of their Discipline\'s Thread Weaving talents independently. See Learning New Disciplines, p. 241, for more information on multi-Disciplining and the Thread Weaving talent. For the purpose of weaving permanent threads, they use only the highest Rank among all their Thread Weaving talents. The Thread Weaving talent also gives adepts a limited type of astral sight called Thread Sight (see Astral Sensing, p. 112), allowing only enough vision to see threads and patterns. See Nature of Threads, p. 113, for more information on threads, thread weaving, and True Patterns.'),
(158, 'Thread Weaving (Story Weaving)', 0, 1, 0, 4, 'Unique to each Discipline. The adept creates and manipulates magical threads. He can have a ma x imum number of permanent threads active equal to his Thread Weaving Rank. Each individual thread can be woven to a maximum Thread Rank equal to the adept\'s Thread Weaving Rank. This limit does not apply to threads woven into spell patterns; such threads are temporary, lasting only long enough for the spell to be cast. If a magician achieves an Excellent Result when weaving a spell pattern, he manages to weave an additional thread to the spell in that round. See the Workings of Magic (p. 104) and Spell Magic (p. 129) chapters for more information about threads and spell patterns. Each Discipline has its own unique Named variant of the Thread Weaving talent, shown in parentheses in the Discipline\'s talent progression. If a rule calls for this specific Name, the Thread Weaving talent by that Name from that specific Discipline must be used, not just any Thread Weaving talent. Adepts with more than one Discipline learn and improve each of their Discipline\'s Thread Weaving talents independently. See Learning New Disciplines, p. 241, for more information on multi-Disciplining and the Thread Weaving talent. For the purpose of weaving permanent threads, they use only the highest Rank among all their Thread Weaving talents. The Thread Weaving talent also gives adepts a limited type of astral sight called Thread Sight (see Astral Sensing, p. 112), allowing only enough vision to see threads and patterns. See Nature of Threads, p. 113, for more information on threads, thread weaving, and True Patterns.'),
(159, 'Thread Weaving (War Weaving)', 0, 1, 0, 4, 'Unique to each Discipline. The adept creates and manipulates magical threads. He can have a ma x imum number of permanent threads active equal to his Thread Weaving Rank. Each individual thread can be woven to a maximum Thread Rank equal to the adept\'s Thread Weaving Rank. This limit does not apply to threads woven into spell patterns; such threads are temporary, lasting only long enough for the spell to be cast. If a magician achieves an Excellent Result when weaving a spell pattern, he manages to weave an additional thread to the spell in that round. See the Workings of Magic (p. 104) and Spell Magic (p. 129) chapters for more information about threads and spell patterns. Each Discipline has its own unique Named variant of the Thread Weaving talent, shown in parentheses in the Discipline\'s talent progression. If a rule calls for this specific Name, the Thread Weaving talent by that Name from that specific Discipline must be used, not just any Thread Weaving talent. Adepts with more than one Discipline learn and improve each of their Discipline\'s Thread Weaving talents independently. See Learning New Disciplines, p. 241, for more information on multi-Disciplining and the Thread Weaving talent. For the purpose of weaving permanent threads, they use only the highest Rank among all their Thread Weaving talents. The Thread Weaving talent also gives adepts a limited type of astral sight called Thread Sight (see Astral Sensing, p. 112), allowing only enough vision to see threads and patterns. See Nature of Threads, p. 113, for more information on threads, thread weaving, and True Patterns.'),
(160, 'Thread Weaving (Thread Smithing)', 0, 1, 0, 4, 'Unique to each Discipline. The adept creates and manipulates magical threads. He can have a ma x imum number of permanent threads active equal to his Thread Weaving Rank. Each individual thread can be woven to a maximum Thread Rank equal to the adept\'s Thread Weaving Rank. This limit does not apply to threads woven into spell patterns; such threads are temporary, lasting only long enough for the spell to be cast. If a magician achieves an Excellent Result when weaving a spell pattern, he manages to weave an additional thread to the spell in that round. See the Workings of Magic (p. 104) and Spell Magic (p. 129) chapters for more information about threads and spell patterns. Each Discipline has its own unique Named variant of the Thread Weaving talent, shown in parentheses in the Discipline\'s talent progression. If a rule calls for this specific Name, the Thread Weaving talent by that Name from that specific Discipline must be used, not just any Thread Weaving talent. Adepts with more than one Discipline learn and improve each of their Discipline\'s Thread Weaving talents independently. See Learning New Disciplines, p. 241, for more information on multi-Disciplining and the Thread Weaving talent. For the purpose of weaving permanent threads, they use only the highest Rank among all their Thread Weaving talents. The Thread Weaving talent also gives adepts a limited type of astral sight called Thread Sight (see Astral Sensing, p. 112), allowing only enough vision to see threads and patterns. See Nature of Threads, p. 113, for more information on threads, thread weaving, and True Patterns.'),
(161, 'Thread Weaving (Wizardry)', 0, 1, 0, 4, 'Unique to each Discipline. The adept creates and manipulates magical threads. He can have a ma x imum number of permanent threads active equal to his Thread Weaving Rank. Each individual thread can be woven to a maximum Thread Rank equal to the adept\'s Thread Weaving Rank. This limit does not apply to threads woven into spell patterns; such threads are temporary, lasting only long enough for the spell to be cast. If a magician achieves an Excellent Result when weaving a spell pattern, he manages to weave an additional thread to the spell in that round. See the Workings of Magic (p. 104) and Spell Magic (p. 129) chapters for more information about threads and spell patterns. Each Discipline has its own unique Named variant of the Thread Weaving talent, shown in parentheses in the Discipline\'s talent progression. If a rule calls for this specific Name, the Thread Weaving talent by that Name from that specific Discipline must be used, not just any Thread Weaving talent. Adepts with more than one Discipline learn and improve each of their Discipline\'s Thread Weaving talents independently. See Learning New Disciplines, p. 241, for more information on multi-Disciplining and the Thread Weaving talent. For the purpose of weaving permanent threads, they use only the highest Rank among all their Thread Weaving talents. The Thread Weaving talent also gives adepts a limited type of astral sight called Thread Sight (see Astral Sensing, p. 112), allowing only enough vision to see threads and patterns. See Nature of Threads, p. 113, for more information on threads, thread weaving, and True Patterns.'),
(162, 'Throwing Weapons', 0, 1, 0, 1, 'The adept makes a thrown attack in ranged combat against an opponent by hurling a rock, dagger, spear, or other object, and making a Throwing Weapons Test against the target\'s Physical Defense. If successful, the attack hits the target and the adept makes a Damage Test for the weapon used. See Thrown Attacks, p. 232, for more information.'),
(163, 'Tiger Spring', 0, 0, 1, NULL, 'The adept reacts more quickly than normal in combat, adding his Tiger Spring Rank as a bonus to his Initiative Test that round. For example, an adept with Tiger Spring at Rank 3 gains a +3 bonus to his Initiative Test. Tiger Spring can be used with other talents that improve Initiative, such as Air Dance, p. 59.'),
(164, 'Tracking', 0, 1, 1, 4, 'The adept follows the trails left by people or animals across great distances, using a combination of divination magic and senses—in particular, sight and smell—to find traces of their passage. After first locating some visible tracks, either by searching for them or spotting them with a Perception Test, the adept makes a Tracking Test against the tracks\' Detection Difficulty. The base Detection Difficulty of a trail is equal to the lowest Dexterity Step among the target group. If the trail is over a day old, add +2 to the Detection Difficulty; if the trail is a week or more old, add +3 to the Detection Difficulty for every week that has passed. If the tracks have been obscured by weather, such as rain or snow, the adept requires a Good Result on his Tracking Test to be able to follow them. If successful, a faint, luminous image of the tracks is imprinted on the adept\'s pupils. The adept sees this same image on the ground, allowing him to unerringly follow the tracks, even if they have been obliterated by weather or other causes, for a number of hours equal to his Tracking Rank before requiring another Tracking Test. The adept may also use this talent to obscure his own tracks, as long as he travels no faster than his Movement Rate. If disguising a group\'s tracks, travel is limited to a maximum speed equal to half the adept\'s Movement Rate. He must keep to the rear of the group and spend time masking signs of their passage. The adept makes a Tracking Test once for each day of travel, the result of which becomes the Detection Difficulty for attempts to follow him.'),
(165, 'Trap Initiative', 0, 0, 1, 1, 'The adept reacts more quickly to avoid mechanical and magical traps. Should he trigger a trap while seeking or attempting to disarm it, or if a trap that would affect him is triggered, the adept makes a Trap Initiative Test against the trap\'s Initiative Test result. If successful, he acts before the trap goes off, possibly avoiding harm. The adept may move up to half his Movement Rate to get out of the way. If the test fails, the trap\'s effect is resolved normally. See Detect Trap, p. 65, and Disarm Trap, p. 65, for more information on locating and disabling traps.'),
(166, 'Trick Riding', 0, 0, 1, 1, 'The mounted adept performs acrobatics on his mount, making Trick Riding Tests in place of Avoid Blow Tests to dodge close or ranged combat attacks directed against himself or his mount. He may also goad his mount into jumping fences, chasms, flames, or other obstacles by making a Trick Riding Test against a Difficulty Number determined by the gamemaster. Jumping a short one-yard-high fence has a Difficulty Number of 4; jumping over a three-yard-wide chasm has a Difficulty Number of 12. If the adept or his mount is required to make a Dexterity-only Test for any acrobatic maneuver, the adept may make a Trick Riding Test instead. Some maneuvers in Mounted Combat (see p. 233) require a Trick Riding Test if the mount is not sufficiently combattrained or the rider is unfamiliar with his mount.'),
(167, 'True Shot', 1, 1, 0, 1, 'The adept makes extremely reliable ranged attacks. True Shot requires 1 Karma Point to be spent even if it is a Discipline Talent. The adept makes a True Shot Test as his ranged Attack Test. If his Test Result is not high enough to achieve success against the Difficulty Number (usually an opponent\'s Physical Defense), the adept must spend another Karma Point, roll the Karma Die, and add it to the Test Result. This is repeated until the Test Result is sufficient to hit the target or the adept has spent a number of Karma Points equal to his True Shot Rank, at which point no more Karma must be spent. Once the Attack Test is successful, the target can still dodge the attack with abilities such as Avoid Blow or the Shield Mist spell. Regardless, no more Karma can be spent to increase the Test Result. True Shot is very effective when used in combination with the Blind Fire talent.');
INSERT INTO `ed_talents_v3` (`id`, `name`, `karma`, `action`, `strain`, `attribute`, `description`) VALUES
(168, 'True Sight', 0, 0, 0, NULL, 'The adept sees through illusions more easily, adding his True Sight Rank to the result of any Tests he makes to Sense, Disbelieve, or otherwise see through an illusion. This bonus does not increase the efficacy of the original test for any purposes other than detecting illusions. For example, if the adept had made a Damage Test which also counted as a Sensing Test to detect an illusion, adding his True Sight Rank to the Test Result would not inflict further damage—it simply increases the Test Result and improves the chance of success with the Sensing Test. See Illusions, p. 139, for more information on illusions and how they work.'),
(169, 'Unarmed Combat', 0, 1, 0, 1, 'The adept makes an unarmed attack in close combat using his hands, feet, or another body part against, or making a Grappling attack to restrain, an opponent. The adept makes an Unarmed Combat Test against the target\'s Physical Defense. If successful, the attack hits the target. Unless noted otherwise, the adept uses his Strength Step only for the Damage Test. See Unarmed Attacks, p. 230, for more information.'),
(170, 'Versatility', 0, 0, 0, NULL, 'Versatility is a racial talent, available only to human adepts (see Versatility, p. 21). A human adept with Versatility Ranks may learn talents from Disciplines other than his own, paying the same Legend Point cost as a member of that Discipline would to gain those talents. The adept must be trained by a member of the appropriate Discipline for each talent that he learns, something that many Disciplines do not always encourage their members to do. Training time and cost are determined by the gamemaster when learning from a gamemaster character, cost and time involved can get as high as training to advance to a Circle equal to the Circle the tutor learned the talent at. An adept may learn a number of talents from other Disciplines equal to his Versatility Rank. An adept cannot learn a talent from a Circle greater than his highest Discipline Circle. For example, if the adept\'s highest Discipline Circle is Third Circle, he can learn talents from other Disciplines available to them at Third Circle or lower. As Talent Options can be learned at a range of Circles, they use the Circle the tutoring adept chose them at to determine if a human could learn them via Versatility. For example, a Novice Talent Option learned at Seventh Circle only can be learned by a Seventh Circle human adept, even if the tutor could have learned it at Second Circle. Talents learned through the use of Versatility are never Discipline Talents. Also, the Versatility talent itself, and talents learned through use of the Versatility talent, do not count toward the requirements for advancing to a higher Circle (see Advancing Discipline Circles, p. 239). This means that adepts who consistently use Versatility to learn and improve talents from other Disciplines will generally take longer to advance through their own Discipline Circles. An adept cannot use Versatility to learn talents available to his own Discipline as Discipline Talents, but can learn talents available to his Discipline as Talent Options. For example, a Second Circle Archer cannot learn the Anticipate Blow talent from a Warrior, as Anticipate Blow is a Third Circle Discipline Talent for Archers, but could learn the Warrior\'s Avoid Blow talent, despite having potential access to Avoid Blow from his Talent Options. By using the Versatility talent, human adepts may learn Thread Weaving and Summon talents other than those for their current Discipline. For example, a human Wizard could learn and improve Ranks in the Elementalism variant of Thread Weaving, and therefore learn how to cast Elementalism spells. See Human Versatility and Spellcasting, p. 132, for more information on how the Versatility talent applies to magicians and magic.'),
(171, 'Wheeling Attack', 1, 1, 1, 1, 'The mounted adept makes more effective Charging Attacks (see Mounted Combat, p. 233). He is not required to have his mount move more than its Movement Rate before the attack, but is instead required to have his mount move at double its Movement Rate (by Running, see p. 225) during the round. Wheeling Attack requires the adept to use the Splitting Movement combat option (p. 226), but he suffers no Harried modifier or Strain (which is covered by the talent). The adept makes a Wheeling Attack Test as his Attack Test in close combat.'),
(172, 'Wheeling Defense', 0, 0, 1, NULL, 'The mounted adept urges his mount into a whirling circle, confusing his attackers by presenting a constantly moving target. The Physical Defense of adept and mount are increased by his Wheeling Defense Rank until the end of the next round. When using Wheeling Defense, the mount\'s Movement Rate becomes 2, unless another effect causes it to be lower. If the mount moves farther, the talent\'s effects end.'),
(173, 'Wilderness Survival', 0, 1, 0, 4, 'The adept knows how to survive in the wild. He is able to locate or build shelter, start a fire, find water, or forage for edible vegetation, such as berries, roots, fruits, mushrooms, and other plants. The adept makes a Wilderness Survival Test against a Difficulty Number determined by the gamemaster, based on those shown in the Survival Table, and taking circumstances such as season, weather, and environment into account. Each use of this talent takes two hours and the adept may make four such tests per day, meaning he will sometimes need to make difficult survival decisions—food or water? shelter or food?'),
(174, 'Willforce', 0, 0, 1, 5, 'The adept focuses his will, increasing the effectiveness of his spells, and enhancing his ability to resist magical effects targeted against him. He substitutes his Willforce Step for his Willpower Step when making a spell Effect Test or resisting the effects of some magical abilities.'),
(175, 'Wind Catcher', 0, 1, 0, 5, 'When falling from a height, the adept controls his descent by making a Wind Catcher (6) Test. On an Average or Good Result he lands safely and takes no Falling damage. On an Excellent Result, he directs the direction of his descent to land no further from the target landing site than the distance fallen. For example, an adept who falls from a height of 20 yards could land up to 20 yards away from where he would have landed. If the test fails, he is unable to take control and plummets to the ground, taking Falling damage. The adept can safely fall from a maximum height equal to his Wind Catcher Rank × 100 yards. Sky Raiders often use this talent to make precise aerial assaults on enemy positions.'),
(176, 'Winning Smile', 0, 1, 0, 6, 'The adept appears more attractive to a member of the opposite sex. Depending on the target\'s sexual preference, this may also include characters of the same gender. The adept makes a Winning Smile Test against the target\'s Social Defense. If successful, the target finds his appearance very pleasing. The adept adds his Winning Smile Rank to any Interaction Tests he makes against the target for a number of hours equal to his Winning Smile Rank. An adept may attempt a Winning Smile Test only once against a given character each day. While generally most effective against members of the same race, the adept can also use this talent on characters of other races, though typically with greater difficulty. The gamemaster should determine whether such an attempt requires a higher Result Level to be effective and, if so, how much higher. For example, a human trying to impress a dwarf may require a Good Result on his Winning Smile Test. That same human attempting to impress a t\'skrang might need an Excellent Result, while an attempt to win over a dragon would be Extraordinary (if it is even possible). By contrast, if the target in question had a preference for humans, the test might require only an Average Result.'),
(177, 'Wood Skin', 1, 1, 0, 3, 'The adept uses a Recovery Test to make a Wood Skin Test, adding the result to his Death and Unconsciousness Ratings for Wood Skin Rank hours. When active, his muscles and ligaments toughen and his skin takes on the appearance of wood or bark. Even if the adept falls unconscious, the talent remains in effect.'),
(178, 'Wound Balance', 0, 0, 0, 2, 'The adept firmly stands his ground, substituting his Wound Balance Step for his Strength Step when making any Knockdown Tests while supporting and balancing his own weight (as opposed to being mounted or carried by another character).'),
(179, 'Applied Sciences', 0, 1, 1, 6, 'Applied Sciences allows the adept to turn pure facts into a genuine advantage. The adept must previously have gained or remembered relevant information about a target, such as through a Knowledge Test or talents such as Book Memory, Creature Analysis, or Astral Sight, and then make an Applied Sciences Test against the target\'s Spell Defense or a Difficulty Number of 6, whichever is higher. For every Result Level achieved on the test, starting with an Average Result, the adept may impart a +1 bonus to one specific type of Action Test made against or in conjunction with the target to up to Applied Sciences Rank characters, including himself. The adept must communicate information to characters receiving a bonus, although they do not need to have or gain a deeper understanding of the matter, the talent\'s magic and the companions\' confidence in the adept allow for the bonus, not the actual knowledge imparted.'),
(180, 'Armored Fetish', 0, 0, 0, NULL, 'Shamans use the Armored Fetish talent like other magicians use their Armored Matrix talent, the special rules explained for the Create Fetish talent (p. 219) and Spell Fetish talent (p. 221) apply, and the attuned fetish has a Physical Armor Rating equal to the Armored Fetish Rank.'),
(181, 'Bane Strike', 0, 0, 2, NULL, 'Bane Strike increases damage inflicted on Horrors or Horror Constructs. On a successful attack against a Horror or Horror Construct, the adept may add his Bane Strike Rank as a bonus to the Damage Test.'),
(182, 'Bear Mark', 0, 0, 1, 5, 'Bear Mark allows an adept to avoid the effects of Horror marks. When the adept becomes Horror-marked, he may make a Bear Mark Test against the Horror\'s Spell Defense. If successful, the adept has isolated the Horror-mark and cannot be affected through it, and he suffers no ill-effects from being Horror-marked. If the test fails, the adept may re-attempt the Bear Mark Test whenever the Horror uses its powers through the Horror-mark. If successful, the Horror\'s attempt fails, although the mark is not isolated and the adept suffers other ill-effects from being Horror-marked. On an Excellent Result, he manages to isolate the Horror-mark as if he had succeeded on the first test. The adept can isolate a maximum of Bear Mark Rank Horror-marks with this talent. He may choose to stop isolating a Horror-mark to instead isolate a new one.\nBear Mark also allows the adept to exploit the Horror\'s connection to him towards his own ends. If he knows a magical ability that allows him to track or locate a target, he may use an isolated Horror-mark to fulfil any requirements that ability has to establish a connection to a target. For example, the isolated Horror-mark counts as an item associated with the target for the Direction Sense talent.'),
(183, 'Bedazzle', 0, 0, 1, 6, 'Bedazzle enhances another, non-artistic ability to make its use appear more beautiful or impressive. After successfully using another ability, the adept may make an immediate Bedazzle Test as an Interaction Test (Gamemaster\'s Guide, p. 95) against a single target who witnessed use of the ability. Bedazzle can only be used once per round, and the target of the Interaction Test must be capable of appreciating the adept\'s actions for what they are—animals are not normally impressed with artistry, for example. Bedazzle only affects activities, not the result of an activity.'),
(184, 'Bird Song', 0, 1, 1, 4, 'This talent can only be learned by windlings. Bird Song allows an adept to communicate with creatures of the air, including birds, insects, and even spirits from the domain of air. A target is considered viable if it can naturally fly at least as well as a windling, either for similar or longer durations or with similar or better maneuverability.\nTo communicate, the adept makes a Bird Song Test, the Test Result limits the conversation\'s level of detail as described for the Speak Language talent (Player\'s Guide, p. 80). The conversation may last up to Bird Song Rank hours, but higher levels of detail may require additional Bird Song Tests, causing additional Strain. The mode of conversation depends on the target. Conversing with birds may require the character to twitter or chirp, while insects may require the adept to fly to communicate non-verbally (which may cause Strain from flying for prolonged periods). Using Bird Song does not ensure the target is willing to communicate, nor does it bestow intelligence on the target, which may make some targets hard to understand.'),
(185, 'Body Control', 1, 0, 0, 2, 'Body Control hardens the parts of the adept\'s body used for unarmed strikes. Until the end of the round, the adept makes Body Control Tests as his Damage Tests in unarmed combat. Body Control does not enhance damage for attached weapons. Abilities that substitute for the adept\'s Strength Step substitute for the Strength Step when determining the Body Control Step.'),
(186, 'Buzz', 0, 1, 0, 1, 'This talent can only be learned by windlings. The adept sacrifices his Standard Action to confuse a chosen opponent with erratic maneuvers. He makes a Buzz Test, the result replacing his natural Physical Defense against that opponent until his turn in the following round. If the adept successfully avoids all attacks by that opponent until that turn, the opponent incurs a penalty to his Defense Ratings equal to the Buzz Rank until the end of the round. The adept must stay adjacent to the opponent during both rounds (if the opponent moves away, he must follow), or the effects of Buzz end.'),
(187, 'Call of Harrow', 0, 1, 1, 4, 'The Call of Harrow talent represents magical understanding of Horrors and their magic. It works like the Creature Analysis Talent (Player\'s Guide, p. 64), but is limited to target Horrors and Horror Constructs. In addition to providing information, however, the talent also conveys a +1 bonus to all Action Tests made against a target per Result Level achieved on the Call of Harrow Test, starting with an Average Result, for Call of Harrow Rank rounds.'),
(188, 'Cast Net', 0, 0, 1, 1, 'Cast Net allows an adept to use a small hand-held net as a special parrying tool. When attacked in close combat, the adept makes a Cast Net Test against his opponent\'s Attack Test result. If successful, the adept has parried the Result, the adept has also entangled his opponent\'s weapon (or appendage, for unarmed attacks), the Entangling Difficulty (Player\'s Guide, p. 229) equals the Cast Net Step. If the adept holds on to the net, he adds the Cast Net Rank as a bonus to Disarm Tests against the opponent and weapon he has entangled. The adept can only hold on to one entangling net at any time, and cannot use Cast Net to parry while doing so. Cast Net can otherwise be used Rank times per round, but only against attacks the adept is aware of.\nAny net of convenient size can be used with Cast Net. The adept can improvise a net from items such as cloaks or blankets, but Cast Net Tests are made at a –2 penalty for such items. Normal nets and improvised nets do not count as weapons, although Boatmen have developed special weapons with improved qualities that do (see Boatman Nets, p. 232)'),
(189, 'Clay Skin', 1, 1, 0, 3, 'The Clay Skin talent increases an adept\'s resistance to damage by causing his skin, and portions of his muscles and ligaments, to become tougher. Clay Skin works like the Wood Skin talent (Player\'s Guide, p. 86), but the adept\'s skin takes on the appearance of clay or mud.'),
(190, 'Create Fetish', 0, 1, 0, 4, 'Shamans keep their spell patterns in fetishes, small items representative of the spells they contain. The adept uses Create Fetish to learn and transcribe new spells, it is the Shaman\'s equivalent of the Read/Write Magic Talent (Player\'s Guide, p. 78). To learn a new spell, Create Fetish is used as described for the Read/ Write Magic talent; except Create Fetish cannot be used to read magical writing, runes, or glyphs. If successful, instead of transcribing the spell into a grimoire, the adept places its pattern in a small item called a fetish that he has previously crafted. The physical form of a fetish is usually related to the spell stored within it, and only one spell can be stored within any one fetish. The adept\'s collection of fetishes represents his grimoire, and follows the rules for grimoires. Losing a fetish is equivalent to losing a spell from a grimoire. Spells learned in this manner can be cast using raw magic, by attuning the fetish like a grimoire, or by attuning it to a Fetish Talent (see Spell Fetish, p. 221) to cast it in a process identical to Matrix casting. Spells learned with Create Fetish cannot be attuned to Spell Matrix Objects. When casting a spell from a fetish, the adept has to hold it and employ it in gestures a spell may require. Because fetishes are physical objects, they can be attacked in physical combat. To hit a typical fetish, the attacker requires a Good Result on a Called Shot against the adept (attacks against atypically large fetishes may be easier). Fetishes are fragile, and have a Death Rating equal to the Circle of the spell stored + 5, and no Armor Rating.'),
(191, 'Dive Attack', 0, 0, 1, 2, 'This talent can only be learned by windlings. Dive Attack increases the effectiveness of attacks following a downward movement towards the target, including Swooping Attacks (Player\'s Guide, p. 34). When the adept performs a successful attack after moving d0wn onto a target, he may substitute the Dive Attack Step for his Strength Step on the Damage Test for the attack directly following the move.'),
(192, 'Earth Bond', 0, 1, 0, 3, 'This talent can only be learned by Obsidimen. The Earth Bond talent increases the natural connection obsidimen have with the earth and allows an adept to either heal by drawing upon earth\'s power, or to nurture the earth and allow it to recover from damage. The adept must be touching or standing on natural ground to use Earth Bond.\nWhen using Earth Bond to heal himself, the adept spends a Recovery Test, then makes an Earth Bond Test and reduces his Current Damage by an amount no higher than the result. Doing so saps life energy from the surrounding area. When using Earth Bond to nurture an area, the adept spends a Recovery Test, then makes an Earth Bond Test and suffers a number of Damage Points of his choosing no higher than the result, this damage cannot cause Wounds. Doing so enriches the surrounding area with the adept\'s life energy.\nThe affected area is the one within Earth Bond Rank yards of the adept. The effects the transfer of life energy has on an area are determined by the gamemaster. It is suggested that a transfer of double the Earth Bond Rank Damage Points causes small but visible effects in a moderately fertile area (a number of leaves turning brown, for example), with effects worsening the more barren the area, but hardly being noticeably in very fertile environs.'),
(193, 'Engaging Dance', 0, 1, 1, 6, 'Engaging Dance allows the adept to direct his opponent\'s movements by taking the lead in a choreographed combat. The adept makes an Engaging Dance Test, comparing the result against the Social Defense of both his opponent and any onlookers. If the test is successful against the opponent, he has to match his movement to the adept\'s for Engaging Dance Rank rounds, effectively allowing the adept to control the opponent\'s movement in a way that keeps the opponent adjacent to him. If the opponent does not match his movement, he trips and is Knocked Down, although Engaging Dance ends. The adept must not move in a way that would prohibit the opponent from following, though, for example by moving faster than the opponent can. Onlookers against whom the test is successful cannot interfere with the ‘dancing\' opponents by attacking them or using other abilities against them specifically, those against whom the test is not successful may, but this ends the talent\'s effects immediately. The adept may only be engaged in a dance with one opponent at a time.'),
(194, 'Enhanced Fetish', 0, 0, 0, NULL, 'Shamans use the Enhanced Fetish talent like other magicians use their Enhanced Matrix talent, the special rules explained for the Create Fetish talent (p. 219) and Spell Fetish talent (p. 221) apply.'),
(195, 'False Shackles', 0, 1, 1, 1, 'False Shackles allows an adept who escaped his shackles to keep his escape secret. The character arranges his shackles so that they appear to be in place, mimicking the stance and movements of a bound prisoner. The character then makes a False Shackles Test, the result of which becomes the Detection Difficulty for attempts made by those checking to see if the character remains safely bound. Any minor damage to the shackles is covered by illusion magic, but a physical examination of their strength will reveal they have been broken.\nThe effect lasts for up to False Shackles Rank hours or until the adept does something obviously impossible for a bound character to accomplish.'),
(196, 'Free Mind', 0, 0, 0, 6, 'The adept awakens the desire to be free through logical or emotional appeals. The adept speaks to one or more targets who have accepted their lot as a slave or similarly oppressed individual, then makes a Free Mind Test against the highest Social Defense among the targets, +1 per additional target. If successful, the targets\' acceptance of their lot in life is broken, and their normal desire for freedom restored. On a Good Result, the targets are willing to take action to win their freedom even if they normally would not, as long as the adept acts alongside.'),
(197, 'Freedom Search', 0, 0, 1, 4, 'Freedom Search allows an adept to determine whether a target Namegiver ever was a slave or slaver. The adept briefly studies the target, then makes a Freedom Search Test against the target\'s Spell Defense. If successful, the adept learns whether the target currently is or ever was a slave, slaver, or both.'),
(198, 'Gliding', 0, 0, 0, 1, 'This talent can only be learned by k\'stulaami. Gliding is used to make tests to move under power of the k\'stulaami Gliding racial ability (p. 139).'),
(199, 'Heal Slave', 0, 1, 0, 5, 'The adept heals an enslaved or oppressed Namegiver. He touches the target, spends one of his own Recovery Tests, then makes a Heal Slave Test, reducing the target\'s Current Damage by the result.'),
(200, 'Heart of Freedom', 1, 1, 1, 5, 'This talent can only be learned by orks. Heart of Freedom allows the adept to confer the potential for gahad (Player\'s Guide, p. 22) on a non-ork character or intensify an ork\'s gahad. The adept makes a Heart of Freedom Test against the target\'s Spell Defense. If successful, a non-ork target receives the gahad ability for Heart of Freedom Rank days. A target determines gahad triggers when first targeted by Heart of Freedom. Subsequent uses impart gahad with the same triggers. If successful against an ork, the target\'s tests to resist gahad require a Result Level one higher than normal, but the Action Test bonus for giving in to gahad is +3.'),
(201, 'Hoard Blows', 1, 0, 0, 5, 'Hoard Blows allows the adept to retaliate for slavers\' attacks against him at a later time. When physically attacked by a slaver, prison guard, or similar oppressor, the adept may ‘save up\' or ‘hoard\' the blow. He notes the attacker, date, and amount of Damage Points taken from the attack, but otherwise suffers the damage as normal. At a later time, whenever the attacker is within 30 yards of him, the adept may make a Hoard Blows Test against the attacker\'s Spell Defense. If successful, the attacker suffers damage equal to the amount the adept originally took, and the hoarded blow is ‘used up\'. If the Hoard Blows Test is unsuccessful, the hoarded blow is also used up.\nThe adept may at any one time save Hoard Blows Rank attacks, and any one attack may be saved up for Hoard Blows Rank days. The adept may use Hoard Blows only once per round, either to save a blow or retaliate with one. He may save multiple blows by the same attacker, but only retaliate one at a time.'),
(202, 'Missile Path', 0, 0, 1, 4, 'This talent can only be learned by elves. Missile Path allows an adept to magically clear foliage between him and his target to let ranged attacks pass through. The adept must perceive the target in some way (catch a glimpse of him, hear him breathe, etc.), then makes a Missile Path Test against the target\'s Spell Defense. If successful, a narrow passageway opens and the adept may make ranged attacks through this passageway until the end of the round or the target moves. Neither concealment nor cover applies to the adept\'s attack or provides a benefit for the target, while the target\'s sight may still be limited.'),
(203, 'Pilot Boat', 0, 0, 0, 4, 'The Pilot Boat talent represents the art of maneuvering the fire-engine powered t\'skrang riverboats along the Serpent River. It is used as described for the Pilot Boat skill (Player\'s Guide, p. 100).'),
(204, 'Prison Call', 1, 1, 0, 4, 'This talent can only be learned by orks. Prison Call allows the adept to sense the presence and location of imprisoned Namegivers. The adept makes a Prison Call Test, sensing the location of any imprisoned Namegiver within Prison Call Rank times 25 yards whose Spell Defense is equal or lower. The way in which the adept determines the location is not by absolute knowledge, but rather by an intensification of his gahad when moving towards the target. The effects of Prison Call last for Prison Call Rank hours. Prison Call does not distinguish between those imprisoned justly or unjustly, and does not convey any details of a prison\'s layout.'),
(205, 'Read River', 0, 1, 0, 4, 'Read River allows to guide a riverboat through treacherous waters or gather information from watching the currents. It is used as described for the Read River skill (Player\'s Guide, p. 100) but takes only a Standard Action.'),
(206, 'Shared Fetish', 0, 0, 0, NULL, 'Shamans use the Shared Fetish talent to attune multiple fetishes like other magicians use their Shared Matrix talent, the special rules explained for the Create Fetish talent (p. 219) and Spell Fetish talent (below) apply.'),
(207, 'Shout of Justice', 1, 1, 0, 6, 'AShout of Justice is a battle cry that an adept uses to strike fear into the hearts of slavers and encourage the oppressed. The traditional Shout of Justice is a litany attributed to Hrak Gron, but an adept may substitute his own words of vengeance if he wishes. The adept makes a Shout of Justice Test. The result is compared to two Difficulty Numbers. The first is the highest Social Defense among all slavers in earshot, +1 for each additional slaver. The second is the highest Social Defense among all slaves and oppressed within earshot, +1 for each additional slave. For each Result Level achieved against the respective Difficulty Number, starting with an Average Result, slavers receive a –1 penalty to all their Action Tests and slaves receive a +1 bonus to all their Action Test for Shout of Justice Rank rounds.'),
(208, 'Spell Fetish', 0, 0, 0, NULL, 'Shamans attune the spells stored in their fetishes (Create Fetish, p. 219) to the Spell Fetish talent like other magicians attune one of their spells to the Spell Matrix talent. With the exception that the fetish needs to be held by the magician to attune and cast the spell stored within it, Spell Fetish provides the same benefits and follows the same rules as Matrix Casting (Player\'s Guide, p. 134). Once attuned, the Spell Fetish talent stays attuned without requiring the fetish to be held, but the fetish needs still to be held to cast the spell. An attuned Spell Fetish talent acts like a Spell Matrix talent for purposes such as being attacked, for example with the Matrix Strike talent, but an un-attuned Spell Fetish talent cannot be attacked.'),
(209, 'Suppress Influence', 1, 1, 0, 5, 'Suppress Inf luence allows the adept to suppress a magical power, either suppressing the effects a power has on a target, or prohibiting a target from using a power. Suppress Influence can suppress the powers of creatures, Spirits, Horrors, Horror Constructs, Dragons, and Dragon-like creatures. To suppress the effects a power has on a target, the adept must be within Suppress Influence Rank hexes (twice this in yards) of the target affected by the power, then makes a Suppress Influence Test against the Spell Defense of the entity who used the power. If successful, the power is rendered inactive for Suppress Influence Rank rounds. This use only suppresses the effects for one target, but multiple targets can be treated consecutively.\nTo prohibit a target from using one of its powers, the adept must be able to see the target, specify the power to suppress, then make a Suppress Influence Test against the target\'s Spell Defense. If successful, the target is unable to use the power for Suppress Influence Rank rounds. Powers that have a permanent effect, such as Durability, cannot be suppressed.'),
(210, 'Swimming', 0, 1, 0, 2, 'Swimming allows the adept to hold himself over and travel through water. This talent works as described for the Swimming skill (Player\'s Guide, p. 102), but uses a Standard Action only every other round (starting with the round the first Swimming Test is made).'),
(211, 'Tail Dance', 0, 0, 1, 1, 'This talent can only be learned by t\'skrang. Tail Dance enhances the adept\'s options in tail combat by modifying the rules of the Tail Attack and Tail Parry combat options. The adept must have a higher Initiative than his opponent(s) to use Tail Dance against them.\nWhen using the Tail Attack combat option, the adept makes a Tail Dance Test against the Physical Defense of the opponent he wishes to target with the additional tail attack. If successful, tail attack does not cause any penalties this round.\nWhen using the Tail Parry combat option, the adept makes a Tail Dance Test against the highest Physical Defense of all opponents in close combat range. If successful, either does tail parry not require a weapon or piece of armor attached to the tail, or the defense bonus can go up to +5, for an equal penalty, if a weapon or armor is attached. Using Tail Dance to enhance a tail parry allows the adept to announce or modify an announced use of the Tail Parry combat option mid-round.'),
(212, 'Wind Dance', 0, 0, 1, 4, 'Wind Dance is the art of reading a windling\'s flight or modify one\'s f light to convey messages or emotions. Non-windlings can learn Wind Dance to read flight, but have to be able to fly to convey messages or emotions. If the character does not possess natural wings, Wind Dance Tests to convey messages or emotions are made at a –3 penalty.\nTo convey a message or emotions while flying, the adept makes a Wind Dance (5) Test, success depends on the Result Level achieved. An Average Result conveys basic emotions or messages, such as expressing anger or giving a short command. A Good Result conveys more specific emotions or allows for general conversation, such as expressing fear of Horrors or giving a forecast of tomorrow\'s weather. An Excellent Result expresses very complex, even conflicting feelings and the relations between them or allows to convey detailed information, such as expressing the joy of no longer feeling fear of the Horror after a glorious victory or giving instructions to mix the red body paint used by one\'s clan. An Extraordinary Result allows for any topic to be expressed. Conveying messages takes as long as speaking them, so a wind dance may require longer than one round to perform. Conveying emotions does not convey the character\'s actual emotions (these are apparent from the character\'s flight, see below), but fakes the emotion, and can be used to mislead onlookers.\nTo read a character\'s f light, the adept makes a Wind Dance Test against the target\'s Social Defense. If successful, the adept learns the target\'s real emotions depending on the Result Level achieved, as described above, and if the target tries to hide his true emotions. If the target performs a Wind Dance to communicate emotions or messages, the adept makes a Wind Dance (5) Test, and if successful reads whatever emotion or message the target wishes to convey for Wind Dance Rank minutes.'),
(213, 'Woodspeak', 0, 1, 1, 4, 'Woodspeak allows an adept various forms of communication with a forest\'s inhabitants, including the spirits living within it. Woodspeak is used like the Spirit Talk talent (Player\'s Guide, p. 81) for the purpose of communicating with wood or forest spirits. In addition, the adept can employ simple plant spirits to deliver messages within the confines of the forest, but the recipient must be able to understand the spirit delivering the message (for example by knowing Elemental Tongues, Spirit Talk, or Woodspeak). To deliver a message, the adept makes a Woodspeak (10) Test, every Result Level, starting with an Average Result, allows transmission of 20 words.'),
(214, 'Woodwalk', 1, 0, 1, 5, 'This talent can only be learned by elves. Woodwalk allows an adept to travel large distances within a forest by briefly merging into the forest\'s pattern, separating himself from it at another location. The adept touches a plant and concentrates on the forest\'s pattern for one minute, then makes a Woodwalk Test against 10 or the forest\'s Spell Defense, whichever is higher, requiring an increasing Result Level depending on the astral region: An Average Result in a Safe region, a Good Result in an Open region, and so on (see Astral Regions on p. 110 of the Player\'s Guide). If successful, the adept melds into the touched plant, re-emerging from another at the start of the next round. The adept may specify the exact plant to re-emerge from if he is familiar with it, otherwise he can specify a place within the forest or the distance he wishes to travel. The maximum distance the adept can travel is Woodwalk Rank miles; if the adept has woven a thread to one of the forest\'s pattern items, there is no maximum distance, except he must reemerge within the same forest.'),
(215, 'Thread Weaving (Earth Weaving)', 0, 1, 0, 4, 'Unique to each Discipline. The adept creates and manipulates magical threads. He can have a ma x imum number of permanent threads active equal to his Thread Weaving Rank. Each individual thread can be woven to a maximum Thread Rank equal to the adept\'s Thread Weaving Rank. Caelarion knows Thread Weaving at Rank 3, allowing him to have up to three threads active at any time, with each thread woven to a maximum of thread Rank 3.\nThis limit does not apply to threads woven into spell patterns; such threads are temporary, lasting only long enough for the spell to be cast. If a magician achieves an Excellent Result when weaving a spell pattern, he manages to weave an additional thread to the spell in that round. See the Workings of Magic (p. 104) and Spell Magic (p. 129) chapters for more information about threads and spell patterns.\nEach Discipline has its own unique Named variant of the Thread Weaving talent, shown in parentheses in the Discipline\'s talent progression. If a rule calls for this specific Name, the Thread Weaving talent by that Name from that specific Discipline must be used, not just any Thread Weaving talent. Adepts with more than one Discipline learn and improve each of their Discipline\'s Thread Weaving talents independently. See Learning New Disciplines, p. 241, for more information on multi-Disciplining and the Thread Weaving talent. For the purpose of weaving permanent threads, they use only the highest Rank among all their Thread Weaving talents.\nThe Thread Weaving talent also gives adepts a limited type of astral sight called Thread Sight (see Astral Sensing, p. 112), allowing only enough vision to see threads and patterns. See Nature of Threads, p. 113, for more information on threads, thread weaving, and True Patterns.'),
(216, 'Thread Weaving (Shamanism)', 0, 1, 0, 4, 'Unique to each Discipline. The adept creates and manipulates magical threads. He can have a ma x imum number of permanent threads active equal to his Thread Weaving Rank. Each individual thread can be woven to a maximum Thread Rank equal to the adept\'s Thread Weaving Rank. Caelarion knows Thread Weaving at Rank 3, allowing him to have up to three threads active at any time, with each thread woven to a maximum of thread Rank 3.\nThis limit does not apply to threads woven into spell patterns; such threads are temporary, lasting only long enough for the spell to be cast. If a magician achieves an Excellent Result when weaving a spell pattern, he manages to weave an additional thread to the spell in that round. See the Workings of Magic (p. 104) and Spell Magic (p. 129) chapters for more information about threads and spell patterns.\nEach Discipline has its own unique Named variant of the Thread Weaving talent, shown in parentheses in the Discipline\'s talent progression. If a rule calls for this specific Name, the Thread Weaving talent by that Name from that specific Discipline must be used, not just any Thread Weaving talent. Adepts with more than one Discipline learn and improve each of their Discipline\'s Thread Weaving talents independently. See Learning New Disciplines, p. 241, for more information on multi-Disciplining and the Thread Weaving talent. For the purpose of weaving permanent threads, they use only the highest Rank among all their Thread Weaving talents.\nThe Thread Weaving talent also gives adepts a limited type of astral sight called Thread Sight (see Astral Sensing, p. 112), allowing only enough vision to see threads and patterns. See Nature of Threads, p. 113, for more information on threads, thread weaving, and True Patterns.'),
(217, 'Thread Weaving (Art Weaving)', 0, 1, 0, 4, 'Unique to each Discipline. The adept creates and manipulates magical threads. He can have a ma x imum number of permanent threads active equal to his Thread Weaving Rank. Each individual thread can be woven to a maximum Thread Rank equal to the adept\'s Thread Weaving Rank. Caelarion knows Thread Weaving at Rank 3, allowing him to have up to three threads active at any time, with each thread woven to a maximum of thread Rank 3.\nThis limit does not apply to threads woven into spell patterns; such threads are temporary, lasting only long enough for the spell to be cast. If a magician achieves an Excellent Result when weaving a spell pattern, he manages to weave an additional thread to the spell in that round. See the Workings of Magic (p. 104) and Spell Magic (p. 129) chapters for more information about threads and spell patterns.\nEach Discipline has its own unique Named variant of the Thread Weaving talent, shown in parentheses in the Discipline\'s talent progression. If a rule calls for this specific Name, the Thread Weaving talent by that Name from that specific Discipline must be used, not just any Thread Weaving talent. Adepts with more than one Discipline learn and improve each of their Discipline\'s Thread Weaving talents independently. See Learning New Disciplines, p. 241, for more information on multi-Disciplining and the Thread Weaving talent. For the purpose of weaving permanent threads, they use only the highest Rank among all their Thread Weaving talents.\nThe Thread Weaving talent also gives adepts a limited type of astral sight called Thread Sight (see Astral Sensing, p. 112), allowing only enough vision to see threads and patterns. See Nature of Threads, p. 113, for more information on threads, thread weaving, and True Patterns.'),
(218, 'Thread Weaving (Tail Weaving)', 0, 1, 0, 4, 'Unique to each Discipline. The adept creates and manipulates magical threads. He can have a ma x imum number of permanent threads active equal to his Thread Weaving Rank. Each individual thread can be woven to a maximum Thread Rank equal to the adept\'s Thread Weaving Rank. Caelarion knows Thread Weaving at Rank 3, allowing him to have up to three threads active at any time, with each thread woven to a maximum of thread Rank 3.\nThis limit does not apply to threads woven into spell patterns; such threads are temporary, lasting only long enough for the spell to be cast. If a magician achieves an Excellent Result when weaving a spell pattern, he manages to weave an additional thread to the spell in that round. See the Workings of Magic (p. 104) and Spell Magic (p. 129) chapters for more information about threads and spell patterns.\nEach Discipline has its own unique Named variant of the Thread Weaving talent, shown in parentheses in the Discipline\'s talent progression. If a rule calls for this specific Name, the Thread Weaving talent by that Name from that specific Discipline must be used, not just any Thread Weaving talent. Adepts with more than one Discipline learn and improve each of their Discipline\'s Thread Weaving talents independently. See Learning New Disciplines, p. 241, for more information on multi-Disciplining and the Thread Weaving talent. For the purpose of weaving permanent threads, they use only the highest Rank among all their Thread Weaving talents.\nThe Thread Weaving talent also gives adepts a limited type of astral sight called Thread Sight (see Astral Sensing, p. 112), allowing only enough vision to see threads and patterns. See Nature of Threads, p. 113, for more information on threads, thread weaving, and True Patterns.'),
(219, 'Thread Weaving (Lore Weaving)', 0, 1, 0, 4, 'Unique to each Discipline. The adept creates and manipulates magical threads. He can have a ma x imum number of permanent threads active equal to his Thread Weaving Rank. Each individual thread can be woven to a maximum Thread Rank equal to the adept\'s Thread Weaving Rank. Caelarion knows Thread Weaving at Rank 3, allowing him to have up to three threads active at any time, with each thread woven to a maximum of thread Rank 3.\nThis limit does not apply to threads woven into spell patterns; such threads are temporary, lasting only long enough for the spell to be cast. If a magician achieves an Excellent Result when weaving a spell pattern, he manages to weave an additional thread to the spell in that round. See the Workings of Magic (p. 104) and Spell Magic (p. 129) chapters for more information about threads and spell patterns.\nEach Discipline has its own unique Named variant of the Thread Weaving talent, shown in parentheses in the Discipline\'s talent progression. If a rule calls for this specific Name, the Thread Weaving talent by that Name from that specific Discipline must be used, not just any Thread Weaving talent. Adepts with more than one Discipline learn and improve each of their Discipline\'s Thread Weaving talents independently. See Learning New Disciplines, p. 241, for more information on multi-Disciplining and the Thread Weaving talent. For the purpose of weaving permanent threads, they use only the highest Rank among all their Thread Weaving talents.\nThe Thread Weaving talent also gives adepts a limited type of astral sight called Thread Sight (see Astral Sensing, p. 112), allowing only enough vision to see threads and patterns. See Nature of Threads, p. 113, for more information on threads, thread weaving, and True Patterns.'),
(220, 'Thread Weaving (Dance Weaving)', 0, 1, 0, 4, 'Unique to each Discipline. The adept creates and manipulates magical threads. He can have a ma x imum number of permanent threads active equal to his Thread Weaving Rank. Each individual thread can be woven to a maximum Thread Rank equal to the adept\'s Thread Weaving Rank. Caelarion knows Thread Weaving at Rank 3, allowing him to have up to three threads active at any time, with each thread woven to a maximum of thread Rank 3.\nThis limit does not apply to threads woven into spell patterns; such threads are temporary, lasting only long enough for the spell to be cast. If a magician achieves an Excellent Result when weaving a spell pattern, he manages to weave an additional thread to the spell in that round. See the Workings of Magic (p. 104) and Spell Magic (p. 129) chapters for more information about threads and spell patterns.\nEach Discipline has its own unique Named variant of the Thread Weaving talent, shown in parentheses in the Discipline\'s talent progression. If a rule calls for this specific Name, the Thread Weaving talent by that Name from that specific Discipline must be used, not just any Thread Weaving talent. Adepts with more than one Discipline learn and improve each of their Discipline\'s Thread Weaving talents independently. See Learning New Disciplines, p. 241, for more information on multi-Disciplining and the Thread Weaving talent. For the purpose of weaving permanent threads, they use only the highest Rank among all their Thread Weaving talents.\nThe Thread Weaving talent also gives adepts a limited type of astral sight called Thread Sight (see Astral Sensing, p. 112), allowing only enough vision to see threads and patterns. See Nature of Threads, p. 113, for more information on threads, thread weaving, and True Patterns.'),
(221, 'Thread Weaving (Wind Weaving)', 0, 1, 0, 4, 'Unique to each Discipline. The adept creates and manipulates magical threads. He can have a ma x imum number of permanent threads active equal to his Thread Weaving Rank. Each individual thread can be woven to a maximum Thread Rank equal to the adept\'s Thread Weaving Rank. Caelarion knows Thread Weaving at Rank 3, allowing him to have up to three threads active at any time, with each thread woven to a maximum of thread Rank 3.\nThis limit does not apply to threads woven into spell patterns; such threads are temporary, lasting only long enough for the spell to be cast. If a magician achieves an Excellent Result when weaving a spell pattern, he manages to weave an additional thread to the spell in that round. See the Workings of Magic (p. 104) and Spell Magic (p. 129) chapters for more information about threads and spell patterns.\nEach Discipline has its own unique Named variant of the Thread Weaving talent, shown in parentheses in the Discipline\'s talent progression. If a rule calls for this specific Name, the Thread Weaving talent by that Name from that specific Discipline must be used, not just any Thread Weaving talent. Adepts with more than one Discipline learn and improve each of their Discipline\'s Thread Weaving talents independently. See Learning New Disciplines, p. 241, for more information on multi-Disciplining and the Thread Weaving talent. For the purpose of weaving permanent threads, they use only the highest Rank among all their Thread Weaving talents.\nThe Thread Weaving talent also gives adepts a limited type of astral sight called Thread Sight (see Astral Sensing, p. 112), allowing only enough vision to see threads and patterns. See Nature of Threads, p. 113, for more information on threads, thread weaving, and True Patterns.'),
(222, 'Thread Weaving (Scent Weaving)', 0, 1, 0, 4, 'Unique to each Discipline. The adept creates and manipulates magical threads. He can have a ma x imum number of permanent threads active equal to his Thread Weaving Rank. Each individual thread can be woven to a maximum Thread Rank equal to the adept\'s Thread Weaving Rank. Caelarion knows Thread Weaving at Rank 3, allowing him to have up to three threads active at any time, with each thread woven to a maximum of thread Rank 3.\nThis limit does not apply to threads woven into spell patterns; such threads are temporary, lasting only long enough for the spell to be cast. If a magician achieves an Excellent Result when weaving a spell pattern, he manages to weave an additional thread to the spell in that round. See the Workings of Magic (p. 104) and Spell Magic (p. 129) chapters for more information about threads and spell patterns.\nEach Discipline has its own unique Named variant of the Thread Weaving talent, shown in parentheses in the Discipline\'s talent progression. If a rule calls for this specific Name, the Thread Weaving talent by that Name from that specific Discipline must be used, not just any Thread Weaving talent. Adepts with more than one Discipline learn and improve each of their Discipline\'s Thread Weaving talents independently. See Learning New Disciplines, p. 241, for more information on multi-Disciplining and the Thread Weaving talent. For the purpose of weaving permanent threads, they use only the highest Rank among all their Thread Weaving talents.\nThe Thread Weaving talent also gives adepts a limited type of astral sight called Thread Sight (see Astral Sensing, p. 112), allowing only enough vision to see threads and patterns. See Nature of Threads, p. 113, for more information on threads, thread weaving, and True Patterns.');
INSERT INTO `ed_talents_v3` (`id`, `name`, `karma`, `action`, `strain`, `attribute`, `description`) VALUES
(223, 'Thread Weaving (Forest Weaving)', 0, 1, 0, 4, 'Unique to each Discipline. The adept creates and manipulates magical threads. He can have a ma x imum number of permanent threads active equal to his Thread Weaving Rank. Each individual thread can be woven to a maximum Thread Rank equal to the adept\'s Thread Weaving Rank. Caelarion knows Thread Weaving at Rank 3, allowing him to have up to three threads active at any time, with each thread woven to a maximum of thread Rank 3.\nThis limit does not apply to threads woven into spell patterns; such threads are temporary, lasting only long enough for the spell to be cast. If a magician achieves an Excellent Result when weaving a spell pattern, he manages to weave an additional thread to the spell in that round. See the Workings of Magic (p. 104) and Spell Magic (p. 129) chapters for more information about threads and spell patterns.\nEach Discipline has its own unique Named variant of the Thread Weaving talent, shown in parentheses in the Discipline\'s talent progression. If a rule calls for this specific Name, the Thread Weaving talent by that Name from that specific Discipline must be used, not just any Thread Weaving talent. Adepts with more than one Discipline learn and improve each of their Discipline\'s Thread Weaving talents independently. See Learning New Disciplines, p. 241, for more information on multi-Disciplining and the Thread Weaving talent. For the purpose of weaving permanent threads, they use only the highest Rank among all their Thread Weaving talents.\nThe Thread Weaving talent also gives adepts a limited type of astral sight called Thread Sight (see Astral Sensing, p. 112), allowing only enough vision to see threads and patterns. See Nature of Threads, p. 113, for more information on threads, thread weaving, and True Patterns.'),
(224, 'Thread Weaving (River Weaving)', 0, 1, 0, 4, 'Unique to each Discipline. The adept creates and manipulates magical threads. He can have a ma x imum number of permanent threads active equal to his Thread Weaving Rank. Each individual thread can be woven to a maximum Thread Rank equal to the adept\'s Thread Weaving Rank. Caelarion knows Thread Weaving at Rank 3, allowing him to have up to three threads active at any time, with each thread woven to a maximum of thread Rank 3.\nThis limit does not apply to threads woven into spell patterns; such threads are temporary, lasting only long enough for the spell to be cast. If a magician achieves an Excellent Result when weaving a spell pattern, he manages to weave an additional thread to the spell in that round. See the Workings of Magic (p. 104) and Spell Magic (p. 129) chapters for more information about threads and spell patterns.\nEach Discipline has its own unique Named variant of the Thread Weaving talent, shown in parentheses in the Discipline\'s talent progression. If a rule calls for this specific Name, the Thread Weaving talent by that Name from that specific Discipline must be used, not just any Thread Weaving talent. Adepts with more than one Discipline learn and improve each of their Discipline\'s Thread Weaving talents independently. See Learning New Disciplines, p. 241, for more information on multi-Disciplining and the Thread Weaving talent. For the purpose of weaving permanent threads, they use only the highest Rank among all their Thread Weaving talents.\nThe Thread Weaving talent also gives adepts a limited type of astral sight called Thread Sight (see Astral Sensing, p. 112), allowing only enough vision to see threads and patterns. See Nature of Threads, p. 113, for more information on threads, thread weaving, and True Patterns.'),
(225, 'Thread Weaving (Horror Weaving)', 0, 1, 0, 4, 'Unique to each Discipline. The adept creates and manipulates magical threads. He can have a ma x imum number of permanent threads active equal to his Thread Weaving Rank. Each individual thread can be woven to a maximum Thread Rank equal to the adept\'s Thread Weaving Rank. Caelarion knows Thread Weaving at Rank 3, allowing him to have up to three threads active at any time, with each thread woven to a maximum of thread Rank 3.\nThis limit does not apply to threads woven into spell patterns; such threads are temporary, lasting only long enough for the spell to be cast. If a magician achieves an Excellent Result when weaving a spell pattern, he manages to weave an additional thread to the spell in that round. See the Workings of Magic (p. 104) and Spell Magic (p. 129) chapters for more information about threads and spell patterns.\nEach Discipline has its own unique Named variant of the Thread Weaving talent, shown in parentheses in the Discipline\'s talent progression. If a rule calls for this specific Name, the Thread Weaving talent by that Name from that specific Discipline must be used, not just any Thread Weaving talent. Adepts with more than one Discipline learn and improve each of their Discipline\'s Thread Weaving talents independently. See Learning New Disciplines, p. 241, for more information on multi-Disciplining and the Thread Weaving talent. For the purpose of weaving permanent threads, they use only the highest Rank among all their Thread Weaving talents.\nThe Thread Weaving talent also gives adepts a limited type of astral sight called Thread Sight (see Astral Sensing, p. 112), allowing only enough vision to see threads and patterns. See Nature of Threads, p. 113, for more information on threads, thread weaving, and True Patterns.'),
(226, 'Thread Weaving (Journey Weaving)', 0, 1, 0, 4, 'Unique to each Discipline. The adept creates and manipulates magical threads. He can have a ma x imum number of permanent threads active equal to his Thread Weaving Rank. Each individual thread can be woven to a maximum Thread Rank equal to the adept\'s Thread Weaving Rank. Caelarion knows Thread Weaving at Rank 3, allowing him to have up to three threads active at any time, with each thread woven to a maximum of thread Rank 3.\nThis limit does not apply to threads woven into spell patterns; such threads are temporary, lasting only long enough for the spell to be cast. If a magician achieves an Excellent Result when weaving a spell pattern, he manages to weave an additional thread to the spell in that round. See the Workings of Magic (p. 104) and Spell Magic (p. 129) chapters for more information about threads and spell patterns.\nEach Discipline has its own unique Named variant of the Thread Weaving talent, shown in parentheses in the Discipline\'s talent progression. If a rule calls for this specific Name, the Thread Weaving talent by that Name from that specific Discipline must be used, not just any Thread Weaving talent. Adepts with more than one Discipline learn and improve each of their Discipline\'s Thread Weaving talents independently. See Learning New Disciplines, p. 241, for more information on multi-Disciplining and the Thread Weaving talent. For the purpose of weaving permanent threads, they use only the highest Rank among all their Thread Weaving talents.\nThe Thread Weaving talent also gives adepts a limited type of astral sight called Thread Sight (see Astral Sensing, p. 112), allowing only enough vision to see threads and patterns. See Nature of Threads, p. 113, for more information on threads, thread weaving, and True Patterns.'),
(227, 'Thread Weaving (Freedom Weaving)', 0, 1, 0, 4, 'Unique to each Discipline. The adept creates and manipulates magical threads. He can have a ma x imum number of permanent threads active equal to his Thread Weaving Rank. Each individual thread can be woven to a maximum Thread Rank equal to the adept\'s Thread Weaving Rank. Caelarion knows Thread Weaving at Rank 3, allowing him to have up to three threads active at any time, with each thread woven to a maximum of thread Rank 3.\nThis limit does not apply to threads woven into spell patterns; such threads are temporary, lasting only long enough for the spell to be cast. If a magician achieves an Excellent Result when weaving a spell pattern, he manages to weave an additional thread to the spell in that round. See the Workings of Magic (p. 104) and Spell Magic (p. 129) chapters for more information about threads and spell patterns.\nEach Discipline has its own unique Named variant of the Thread Weaving talent, shown in parentheses in the Discipline\'s talent progression. If a rule calls for this specific Name, the Thread Weaving talent by that Name from that specific Discipline must be used, not just any Thread Weaving talent. Adepts with more than one Discipline learn and improve each of their Discipline\'s Thread Weaving talents independently. See Learning New Disciplines, p. 241, for more information on multi-Disciplining and the Thread Weaving talent. For the purpose of weaving permanent threads, they use only the highest Rank among all their Thread Weaving talents.\nThe Thread Weaving talent also gives adepts a limited type of astral sight called Thread Sight (see Astral Sensing, p. 112), allowing only enough vision to see threads and patterns. See Nature of Threads, p. 113, for more information on threads, thread weaving, and True Patterns.'),
(228, 'Thread Weaving (Message Weaving)', 0, 1, 0, 4, 'Unique to each Discipline. The adept creates and manipulates magical threads. He can have a ma x imum number of permanent threads active equal to his Thread Weaving Rank. Each individual thread can be woven to a maximum Thread Rank equal to the adept\'s Thread Weaving Rank. Caelarion knows Thread Weaving at Rank 3, allowing him to have up to three threads active at any time, with each thread woven to a maximum of thread Rank 3.\nThis limit does not apply to threads woven into spell patterns; such threads are temporary, lasting only long enough for the spell to be cast. If a magician achieves an Excellent Result when weaving a spell pattern, he manages to weave an additional thread to the spell in that round. See the Workings of Magic (p. 104) and Spell Magic (p. 129) chapters for more information about threads and spell patterns.\nEach Discipline has its own unique Named variant of the Thread Weaving talent, shown in parentheses in the Discipline\'s talent progression. If a rule calls for this specific Name, the Thread Weaving talent by that Name from that specific Discipline must be used, not just any Thread Weaving talent. Adepts with more than one Discipline learn and improve each of their Discipline\'s Thread Weaving talents independently. See Learning New Disciplines, p. 241, for more information on multi-Disciplining and the Thread Weaving talent. For the purpose of weaving permanent threads, they use only the highest Rank among all their Thread Weaving talents.\nThe Thread Weaving talent also gives adepts a limited type of astral sight called Thread Sight (see Astral Sensing, p. 112), allowing only enough vision to see threads and patterns. See Nature of Threads, p. 113, for more information on threads, thread weaving, and True Patterns.'),
(229, 'Thread Weaving (Kava Weaving)', 0, 1, 0, 4, 'Unique to each Discipline. The adept creates and manipulates magical threads. He can have a ma x imum number of permanent threads active equal to his Thread Weaving Rank. Each individual thread can be woven to a maximum Thread Rank equal to the adept\'s Thread Weaving Rank. Caelarion knows Thread Weaving at Rank 3, allowing him to have up to three threads active at any time, with each thread woven to a maximum of thread Rank 3.\nThis limit does not apply to threads woven into spell patterns; such threads are temporary, lasting only long enough for the spell to be cast. If a magician achieves an Excellent Result when weaving a spell pattern, he manages to weave an additional thread to the spell in that round. See the Workings of Magic (p. 104) and Spell Magic (p. 129) chapters for more information about threads and spell patterns.\nEach Discipline has its own unique Named variant of the Thread Weaving talent, shown in parentheses in the Discipline\'s talent progression. If a rule calls for this specific Name, the Thread Weaving talent by that Name from that specific Discipline must be used, not just any Thread Weaving talent. Adepts with more than one Discipline learn and improve each of their Discipline\'s Thread Weaving talents independently. See Learning New Disciplines, p. 241, for more information on multi-Disciplining and the Thread Weaving talent. For the purpose of weaving permanent threads, they use only the highest Rank among all their Thread Weaving talents.\nThe Thread Weaving talent also gives adepts a limited type of astral sight called Thread Sight (see Astral Sensing, p. 112), allowing only enough vision to see threads and patterns. See Nature of Threads, p. 113, for more information on threads, thread weaving, and True Patterns.'),
(230, 'Animal Leadership', 1, 1, 0, 6, 'The adept befriends and leads a group of animals by making an Animal Leadership Test against the highest Social Defense among the target group, +1 for each additional animal. If successful, the target group accepts the adept as a member of the pack. On a Good Result, the animals treat the adept as their pack leader for Animal Leadership Rank hours. During this time, the animals obediently follow the adept\'s lead: they attack if he attacks, run if he runs, and so on. The adept cannot command the animals he leads to action—the talent does not give him the ability to communicate with them—he can only lead by example. On a Pathetic Result, the adept\'s attempt at \"usurping\" the leadership role goes poorly. The animals turn on the adept and attack him, attempting to drive him away. They will flee if things turn markedly bad for them (several animals are killed or injured or the adept\'s comrades join the fight, for example).'),
(231, 'Animate Object', 1, 1, 0, 5, 'The adept infuses an inanimate object with rudimentary life force and intellect and gives it limbs. He first weaves a thread to the object—only objects with True Patterns can be animated by this talent (Player\'s Guide, p. 113)—then makes an Animate Object Test against the object\'s Spell Defense. If successful, the object is animated for Animate Object Rank days. By taking 2 Blood Magic Damage, the adept animates the object for a number of years and days equal to his Animate Object Rank. The adept may animate up to Animate Object Rank × 10 pounds. The adept can animate up to Animate Object Rank objects, so long as he does not exceed his Thread Weaving Rank in active threads.\nAnimated objects have Perception, Willpower, and Charisma Values equal to the adept\'s Animate Object Rank and have Dexterity, Strength, and Toughness Values equal to his Animate Object Rank × 3. They have a Movement Rate of 4 and a Physical Armor Rating determined by the gamemaster, based on the materials of which they are made (Gamemaster\'s Guide, p. 108). Other characteristics are derived from their Attribute Values, but an animated object does not have a Wound Threshold or Unconsciousness Rating. If an animated object has magical properties, such as a threaded weapon granting an Attack Test bonus or a shield granting Mystic Armor, the object receives these bonuses to its own characteristics. Animated objects follow their creators\' commands.'),
(232, 'Armored Matrix', 0, 0, 0, NULL, 'The Armored Matrix talent provides magicians with an improved type of spell matrix, designed to better protect spells from astral attack. An Armored Matrix holds the pattern of a single spell and one pre-woven spell thread, in the same manner as an Enhanced Matrix (Player\'s Guide, p. 68). The matrix\' Mystic Armor absorbs damage from attacks directed against it, such as from the Matrix Strike talent, p. 108. However, the Armored Matrix is better protected than other spell matrices—its Mystic Armor is equal to the magician\'s natural Mystic Armor plus his Armored Matrix Rank. Each Armored Matrix represents a separate talent with its own Rank and is improved independently.'),
(233, 'Astral Pocket', 0, 1, 1, 4, 'The adept creates a pocket in astral space in which to store items. He cannot have more than one pocket active at a time. The adept makes an Astral Pocket (6) Test. If successful, the Test Result determines the maximum weight of goods the newly created pocket can hold. The adept may store and retrieve items in and from the pocket, but takes 1 Strain when performing either action. The pocket remains in existence for Astral Pocket Rank days or until discarded by the adept. An astral pocket may be visible to those who can see into astral space. The viewing character makes an appropriate Astral Sensing Test against the pocket owner\'s Spell Defense. On an Excellent Result, the character notices the pocket, which appears as a finely woven net of purple and silver. Once detected, an astral pocket can be attacked in the same manner as a normal Spell Matrix. If the pocket is destroyed, any items in the pocket are deposited into astral space. Unless the owner has some means of entering astral space to retrieve them, such as the Spirit Portal spell, they are lost.'),
(234, 'Astral Web', 0, 1, 3, 2, 'The adept creates a sticky web to capture and hold creatures in the physical and astral planes by making an Astral Web (6) Test. If successful, a web is created, invisible in the physical world, for Test Result minutes. The web has a length and width up to Astral Web Rank hexes in any direction. A character caught by or attempting to cross the web makes a Dexterity Test against the adept\'s Astral Web Step. If failed, he is stuck to the web and considered Knocked Down. Each round, a trapped character may make a Strength Test against the adept\'s Astral Web Step to free himself. If successful, he is free to move. Alternatively, a number of Damage Points inflicted on the web equal to the Astral Web Step is sufficient to free one character. Characters trapped in the web must be freed individually.'),
(235, 'Aura Armor', 0, 1, 2, 5, 'The adept magically enhances his natural armor by adding his Aura Armor Rank to his natural Physical and Mystic Armor for Aura Armor Test rounds.'),
(236, 'Bardic Voice', 0, 1, 1, 6, 'The adept uses his rich voice and persuasive magic to charm others by making a Bardic Voice Test against the highest Social Defense among the target group, +1 for each additional character. If successful, he impresses the targets enough that they listen with interest to what he says—they will not follow him, but will probably cooperate with his suggestions, as long as they aren\'t dangerous. On a Good Result, the adept completely charms the group and may command it for Bardic Voice Rank minutes. The adept cannot issue commands that would engender greater risk than he is genuinely willing to take. For example, the adept could not command the group to attack a Theran slaver camp unless he personally intended to participate in the raid.'),
(237, 'Bargain With Summoned Creature', 0, 1, 1, 6, 'The adept strikes a deal with a creature or entity he has summoned by making a Bargain With Summoned Creature Test against the creature\'s Social Defense. The Result Level required for success depends on the bargain being offered. If the deal is deemed fair (from the creature\'s point of view) an Average or Good Result seals the bargain. If the creature believes the deal is disadvantageous, the adept needs an Excellent Result. Because this talent does not constrain the character to the terms of the bargain, many summoned creatures insist that the adept seals his part in the agreement with Blood Magic before they will perform any actions in his service. Without using Blood Magic to seal the bargain, the maximum duration of any bargain struck with the adept can be no more than Bargain With Summoned Creature Rank hours, after which time the summoned creature is free to do what it wishes.'),
(238, 'Bestial Resilience', 0, 0, 0, 3, 'The adept recovers from damage faster than normal, using his Bestial Resilience Step in place of his Toughness Step when making a Recovery Test.'),
(239, 'Bestial Toughness', 1, 0, 0, 3, 'The adept resists taking major damage by adding his Bestial Toughness Rank to his Wound Threshold for Bestial Toughness Test rounds. An adept with one or more Wounds (excluding Blood Wounds) cannot use this talent until fully healed.'),
(240, 'Blind Fire', 1, 0, 0, 4, 'The adept senses a previously seen, but now unseen, opponent by making a Blind Fire Test against the target\'s Spell Defense. If successful, he senses the target\'s location and may make ranged combat Attack Tests against the target as if it were visible to the adept for Blind Fire Rank rounds. Use of this talent negates Darkness modifiers (Player\'s Guide, p. 226), though the target still benefits from Cover (Player\'s Guide, p. 226) if the adept\'s weapon\'s path must pass through it. Blind Fire is very effective when used in combination with the Bank Shot or True Shot talents.'),
(241, 'Blood Guilt Weapon', 1, 1, 0, 4, 'The adept tests a suspect\'s innocence by placing a few drops of blood from a crime victim onto his weapon. The blood flares into points of flame, red at first, then changing to white, but produces no heat and dies away after one round. During this time, the adept first accuses, then attacks the suspect, making a Blood Guilt Weapon Test as his Attack Test against the suspect\'s Spell Defense. If successful, and the suspect is guilty as accused, the attack hits and the adept makes a Damage Test, as normal. If failed, or the suspect is innocent, the attack does not strike home—an arrow shot at the suspect veers away at the last instant, a sword comes to a sudden halt a fraction of an inch from the suspect\'s neck, and so on.'),
(242, 'Body Blade', 1, 0, 0, 2, 'The adept temporarily transforms one of his limbs into a weapon, increasing his unarmed damage. His Body Blade Rank determines the type of weapon into which the limb transforms. At Rank 1, the side of one hand hardens to a knife edge; at Rank 2, fingers stretch into dagger blades; at Rank 5, an entire forearm elongates into a gleaming broadsword or a t\'skrang\'s tail suddenly ends in a spiked mace-head; at Rank 8 or higher, the weapon sparks or glows with magical power. The transformation lasts for one round, during which time the adept uses his Body Blade Step for all unarmed Damage Tests made with the appendage.'),
(243, 'Bone Compass', 1, 1, 2, 4, 'The adept uses a small piece of bone to connect with astral space to find a True Pattern (of a person, animal, spirit, object, or even a place) that he has previously examined by Astral Sensing. The adept makes a Bone Compass Test against the target\'s Spell Defense. If successful, the piece of bone floats above his palm, pointing to the target if it is within Bone Compass Rank miles. If the target is out of range, the bone sits still. If failed, the bone shatters. The closer the adept is to the target, the closer the bone floats to the center of the adept\'s palm. The higher the target is, the higher the bone floats above the adept\'s palm. The bone floats for Bone Compass Rank hours or until the adept closes his fist.'),
(244, 'Call Mount', 0, 1, 1, 5, 'The adept magically calls his mount from up to Call Mount Rank × 100 yards (Rank × 50 hexes) away by making a Call Mount Test against the animal\'s Spell Defense. If successful, the mount senses the call and attempts to make its way to the adept at its fastest Movement Rate.'),
(245, 'Casting Pattern', 0, 1, 1, 4, 'The magician manipulates a spell pattern to improve a subsequent Spellcasting Test result. Before weaving any spell threads, he makes a Casting Pattern Test against the spell\'s Weaving Difficulty (or Reattuning Difficulty, if the spell has no threads). If successful, the magician adds his Casting Pattern Rank to his Spellcasting Test for that spell.'),
(246, 'Chameleon', 1, 0, 1, 5, 'The adept blends into his surroundings, making him very difficult to see. His Chameleon Test determines the Detection Difficulty for Perception Tests made to see the adept for Chameleon Rank minutes. The adept must move slowly to maintain the blending effect. If he engages in combat or uses the Running combat option, the camouflage is temporarily disrupted—though his features are still blurry and indistinct, he can be seen normally until the end of the round.'),
(247, 'Champion Challenge', 1, 1, 0, 6, 'The adept calls a formal challenge to the leader of an opposing group, urging him to let single combat decide an impending battle by making a Champion Challenge Test against the target\'s Social Defense. If successful, the leader may choose to ignore the challenge. If he does, both he and his men become demoralized and are Harried for Champion Challenge Rank hours—this penalty also affects their Social Defense. On a Good Result, the opposing leader feels honor-bound to acknowledge the challenge. Though both sides may negotiate terms, the end result is the same: the enemy leader accepts the challenge or his men stand down. If the challenge is accepted, the leader or his chosen champion faces the adept in single combat. If the adept is victorious, the opposing group yields. If the leader (or his champion) wins, the adept\'s side yields. Anyone attempting to interfere with the duel or initiating hostilities once the challenge has been resolved suffers an automatic Blood Wound, as though he had broken a Blood Peace Oath (see Blood Oaths, p. 124 of the Player\'s Guide).'),
(248, 'Confront Horror', 1, 1, 5, NULL, 'There are more stories about people using this legendary talent than actual documented cases. The adept confronts a Horror in the hope of banishing it by making a Confront Horror Test against the Horror\'s Social Defense, receiving a +10 bonus if he is not marked by the target Horror. If successful, both Horror and adept are locked in a contest that lasts until one of them wins. Other characters may act normally during the contest, but should anyone harm the Horror the adept loses the contest (unfortunately, harm done to the adept does not result in the Horror forfeiting). During the contest, both Horror and adept may only use talents and abilities that oppose Social Defense, dominate their target, or resist such actions. Examples include the Terror and Thought Worm Horror powers, the Bardic Voice talent, and a Contest of Wills (Player\'s Guide, p. 212). The first contestant to win three rounds wins the contest. If the adept wins, he may command the Horror to leave this plane by making another Confront Horror Test against the Horror\'s Social Defense. If successful, the Horror is compelled to leave and cannot return while the adept lives, unless given permission to do so. If the Horror wins the contest, the adept can never use this talent against it again.'),
(249, 'Critical Hit', 1, 0, 0, NULL, 'The adept targets an opponent\'s vulnerable areas, increasing the damage inflicted by adding his Critical Hit Rank to the Damage Test of a successful close combat or ranged Attack Test that achieves an Excellent Result.'),
(250, 'Defense', 1, 1, 1, 1, 'The adept improves his ability to avoid physical attacks by adding his Defense Rank to his Physical Defense for Defense Test rounds.'),
(251, 'Detect Falsehood', 0, 1, 1, 4, 'The adept uses this magical form of insight to determine if someone is lying by making a Detect Falsehood Test against the target\'s Social Defense. On an Average Result, he knows the target is lying to some degree. On a Good Result, the adept knows what sort of lie is being told: an Exaggeration, a Half-Truth, or a complete Fabrication (Gamemaster\'s Guide, p. 95). On an Excellent Result, the adept knows precisely which part of the statement is untrue.'),
(252, 'Detect Influence', 1, 1, 0, 4, 'The adept determines if someone is under the influence of a Horror by making a Detect Influence Test against the target\'s Social Defense. An Average Result is sufficient to reveal if the target is contaminated by some form of Horror taint. Unfortunately, this information isn\'t reliable, since such taint is common to any adventurer who has recently fought a Horror. A Good Result reveals whether the target is currently possessed by or actively under the influence of, a Horror. An Excellent Result reveals whether the target has made a voluntary pact with a Horror and also if he is Horror- marked by (but not under the active influence of) a Horror. An Extraordinary Result reveals the type and identity of the Horror.'),
(253, 'Develop Animal Sense', 0, 1, 1, 4, 'The adept permanently develops the use of an animal\'s physical senses by spending a day with the creature, then making a Develop Animal Sense Test against the animal\'s Spell Defense. If successful, he acquires the new sense, with all the benefits and limitations thereof. The gamemaster has the final word on the specific effects of a given sense. Generally, the adept gains a new sensory ability: a bat\'s sonar, a snake\'s ability to smell by \"tasting\" the air, or a cat\'s night vision are a few examples. In other situations, the new sense improves one of his existing senses: the sharp vision of an eagle, or the keen hearing or smell of a dog, for example. At the gamemaster\'s discretion, the adept may gain a +1 to +3 bonus to Perception Tests he makes with the improved sense. The adept can learn up to Develop Animal Sense Rank senses.'),
(254, 'Dominate Arrow', 0, 1, 1, 5, 'The adept controls the flight of a missile or thrown weapon fired by another. He must have a higher Initiative Test than the character making the attack and must be able to see the missile or weapon during its flight. The adept makes a Dominate Arrow Test against the firing character\'s ranged Attack Test. If successful, he takes control of the missile or weapon, directing it away from the intended target or toward a new target (including the firing character) within weapon range, using his Dominate Arrow Test as his ranged Attack Test against the target\'s Physical Defense. The Result Level required to hit or inflict an Armor-Defeating Hit on the target is increased by one level. If successful, the firing character, not the adept, makes a Damage Test, applying Range modifiers if appropriate (Player\'s Guide, p. 231).'),
(255, 'Eagle Eye', 0, 0, 1, 4, 'The adept aims at a distant opponent, increasing his chances of hitting by making an Eagle Eye Test against the target\'s Spell Defense. If successful, the target is considered to be at Short Range to the adept for Eagle Eye Rank rounds or until he makes a ranged Attack Test. Range modifiers are applied to the Damage Test (Player\'s Guide, p. 231), but the weapon\'s Range is not increased by this talent.'),
(256, 'Earth Armor', 1, 1, 0, 5, 'The adept wraps himself in the protective power of living earth for one hour. The Result Level required to inflict an Armor-Defeating Hit on the adept increases by one level (from Excellent to Extraordinary, for example). The armor has a Death Rating equal to the adept\'s Earth Armor Test and a Physical Armor Rating equal to his Earth Armor Rank. The earth armor\'s Physical Armor reduces damage taken, with any remaining Damage Points being applied to the armor. The armor disappears when its Current Damage equals its Death Rating—excess damage is passed on to the adept. The adept may repair damaged earth armor by making an Earth Armor Test and reducing the armor\'s Current Damage by the Test Result.'),
(257, 'Echo Location', 0, 1, 1, 4, 'The adept locates objects and characters by bouncing sound off them, avoiding Darkness penalties (Player\'s Guide, p. 226) when detecting and interacting with the targets. The adept compares his Echo Location Test against the Spell Defense of each solid object or character within Echo Location Rank × 10 yards (Rank × 5 hexes). If successful, he detects and tracks the position of the object or character for Echo Location Rank rounds.'),
(258, 'Effect Pattern', 0, 0, 1, 4, 'The magician improves the effectiveness of a spell he is about to cast by making an Effect Pattern Test against the spell\'s Weaving Difficulty (or Reattuning Difficulty, if the spell has no threads) before making his Spellcasting Test. If successful, the magician adds his Effect Pattern Rank to the spell\'s Effect Test.'),
(259, 'Elemental Walk', 1, 1, 2, 5, 'The adept resists the effects of exposure to a single element for a short time—taking a swim in Death\'s Sea or surviving on an elemental plane for a few minutes, for example. Like an elemental spirit, he can exist within a single element and be sustained by it. The adept becomes immune to the (potentially damaging) effects of the designated element for Elemental Walk Test minutes. For example, an adept who is underwater would not drown as he can breathe the air contained in the water, an adept in the air would be able to breathe anything, including poisonous fumes or smoke, and so on. Elemental Walk provides immunity to the Engulf spirit power (Gamemaster\'s Guide, p. 214) and many other abilities and spells based solely on one type of element. This talent does not increase the adept\'s physical abilities—for example, while he is protected from the damage delivered by a rockfall or an avalanche, he cannot dig his way out unless he is physically strong enough. The adept may extend the duration with consecutive Elemental Walk Tests. When the talent ends, he risks exposure to the element. The adept gains protection from only one element at a time. For more information on the elemental planes, see the Astral Space chapter of the Gamemaster\'s Companion.'),
(260, 'Endure Cold', 0, 0, 0, 3, 'The adept withstands the extremes of temperature caused by intense cold. Each time he takes freezing or cold damage his Endure Cold Test is subtracted from any Damage Points taken after armor, and before determining the effects of Wounds, unconsciousness, or death. The adept can use this talent Rank times per day.'),
(261, 'Enduring Art', 0, 0, 0, 4, 'The adept permanently paints, tattoos, or ritually scars another (or himself) with a symbol that acts like a Blood Charm. Before work begins, an Attribute and associated symbol are chosen. Creating the art takes one day, during which time neither adept nor target can engage in other strenuous activity. The adept familiarizes himself with the target, instinctively finding connections to his True Pattern while looking where to place the art, then makes an Enduring Art Test against the target\'s natural Spell Defense. If failed, he cannot find a suitable spot for the art and cannot try again for one week. If successful, he can create the art, which usually takes several hours to complete. The target takes 2 Permanent Damage and receives a permanent symbol or mark that works like a Blood Charm, but can never be removed. The target can activate the art after one day, after which he may take 1 Strain to gain a +1 bonus to a Test based on the chosen Attribute. The symbol chosen may be of any nature, but must be somehow related to the chosen Attribute. For example, tattooing a bear may warrant a Strength bonus, scarring the Throalic rune for Endurance might warrant a Toughness bonus, scribing the most famous line from an elven ballad about the joy of art might warrant a Charisma bonus, and so on. If no Artisan skill is used to create the art, it usually looks crude.'),
(262, 'Escape Divination', 0, 0, 1, 4, 'An imprisoned or trapped adept determines the best exit from his current confinement. He meditates uninterrupted for half an hour, after which he receives a mental impression of the escape route. The adept makes an Escape Divination Test against the highest Spell Defense of whoever imprisoned him. An Average Result provides only a murky bit of information; a Good Result provides an obscure clue; an Excellent Result provides a helpful clue; an Extraordinary Result offers complete and clear information for a trouble-free escape.'),
(263, 'Ethereal Weapon', 0, 1, 2, 1, 'The adept\'s weapon turns incorporeal, glowing with a turbulent red, green, or blue haze, and passes through physical obstacles, including armor, turning solid as soon as it strikes a living opponent with a physical presence. The adept makes an Ethereal Weapon Test as his close or ranged combat Attack Test against his opponent\'s Physical Defense. If successful, his Damage Test ignores the target\'s Physical Armor—Mystic Armor provides protection instead. When used with missile weapons, only the missile turns ethereal.'),
(264, 'First Ring of Perfection', 1, 0, 0, 4, 'The adept increases the effectiveness of his abilities. While performing actions leading to the use of an ability that requires a Sustained Action—working on a weapon before making a Forge Weapon Test, watching the sky before making a Navigation Test, talking to the target before making a Seduction Test, and so on—the adept makes a First Ring of Perfection Test against his own natural Spell Defense. If successful, he adds his First Ring of Perfection Rank to the Action Test for the Sustained Action.'),
(265, 'Gain Surprise', 1, 0, 1, 5, 'The adept uses a combination of stealth, illusion, and mind magic to surprise an opponent by making a Gain Surprise Test against the target\'s Spell Defense. If successful, he gains the advantage of Surprise (Player\'s Guide, p. 228)—the target\'s knowledge of his presence is magically suppressed until the end of the next round or until the adept acts against the target. Others can still see the adept as easily as before. Characters acting before the adept can warn the target, ruining the surprise. This talent can be used to recreate or \"reset\" the condition of Surprise required to use other talents, such as Surprise Strike.'),
(266, 'Gold Sense', 1, 1, 0, 4, 'The adept senses the presence of precious metals or minerals— but not magical substances, such as orichalcum or True Elements—by making a Gold Sense (6) Test. If successful, he learns the approximate direction in which the largest deposit of valuable substances is located, within Gold Sense Rank × 100 yards (Rank × 50 hexes). The adept may exclude valuable substances known to him (such as those carried on his person or by his companions), which is often necessary to find more than one deposit within a given radius. He may also exclude types of substances (such as gold or diamonds) from detection. This talent is not limited to natural deposits of metals or minerals.'),
(267, 'Howl', 0, 1, 1, 6, 'The adept makes one or more characters or creatures flee by imitating the aggressive sounds of a creature he has personally trained. The adept makes a Howl Test against the highest Social Defense in the target group, +1 per additional character or creature. An Average Result paralyzes the targets with fear; a Good Result forces the targets to flee away from the adept as fast as possible on their next turn. They will not come near the adept again until they cease to fear him. The talent effect lasts for Howl Rank rounds. Each round, a target may make a Willpower Test against the adept\'s Howl Step. If successful, the target overcomes his fear.'),
(268, 'Impossible Hide', 1, 1, 0, 5, 'The adept uses illusion magic to hide behind or under objects much smaller than himself, as long as the object is larger than an inch high or wide; for example, a rock, a stick, a large cockroach, or the hand of a cooperative Namegiver. The adept\'s Impossible Hide Test determines the Detection Difficulty for Perception Tests made by those looking for him or scanning the area in which he is hidden. With failed Perception Tests, searchers simply pass by the adept unless they actually lift up the object behind which he is hiding. If someone finds the hidden adept this way, he seems to shoot out from behind the object, startling the searcher and surprising him (Player\'s Guide, p. 228). The effect lasts for Impossible Hide Rank minutes; the adept may spend another Karma Point to maintain the effect. The talent always ends when the adept is discovered or comes out of hiding.'),
(269, 'Impressive Strike', 0, 1, 1, 1, 'The adept impresses onlookers with a display of close combat prowess. He chooses a target and declares where the attack will strike, then makes an Impressive Strike Test as his close combat Attack Test. If successful, the adept hits the target in the designated area. Witnesses to this display of prowess may be impressed. The adept compares the Test Result against the Social Defense of each character witnessing the attack. If successful, he adds a +1 bonus for each Result Level achieved to all Interaction Tests made against affected characters for Impressive Strike Rank rounds.'),
(270, 'Incite Mob', 0, 0, 1, 5, 'The adept motivates a group of sentient beings to act against a character by spending at least one minute shouting and yelling, encouraging them into action. The adept outlines a grievance against the target and proposes an action—peaceful or violent, constructive or destructive—for the mob to take, then makes an Incite Mob Test against the highest Social Defense among the group. The group\'s size determines the Result Level required to motivate it, as given in the Incite Mob Table. If successful, the mob follows the adept\'s proposed course of action for Incite Mob Rank hours. On a Pathetic Result, the adept himself becomes the target of the grievance and action he proposed to the mob. Once motivated and sent into action, a mob becomes largely uncontrollable. The adept can only regain control by somehow gaining the mob\'s attention long enough to make a second, more successful, Incite Mob Test.'),
(271, 'Incite Stampede', 0, 0, 1, 5, 'The adept makes a group of animals stampede by spending at least one minute running and screaming in and around the animals, then making an Incite Stampede Test against the highest Social Defense among the herd. The number of animals in the group determines the Result Level required to start a stampede, as given in the Incite Mob Table, above. If successful, the animals stampede uncontrollably in a direction chosen by the adept, continuing to rampage for Incite Stampede Rank hours, until they are exhausted, or until they encounter a great enough danger or obstacle to stop them. On a Pathetic Result, the animals stampede in a random direction, determined by the gamemaster. A second, more successful, Incite Stampede Test can stop a stampeding herd, although the practical problem of running around and screaming loud enough to be heard by the animals limits this use.'),
(272, 'Infuse Armor', 1, 1, 2, 4, 'The adept temporarily increases the Armor Rating of a set of armor or a shield (but not natural armor as found with, for example, creatures or obsidiman) by channeling magical energy through it. The adept touches the armor or shield and makes an Infuse Armor Test against the higher of the armor\'s or shield\'s Spell Defense or its current Physical+Mystic Armor Rating+5. If successful, he adds +1 to the item\'s Physical and Mystic Armor Ratings for each Result Level achieved, for Infuse Armor Rank hours. A set of armor or shield can only benefit from one use of this talent at a time. A Rule of One result (Player\'s Guide, p. 15) on the Infuse Armor Test destroys non-magical armor or shields. The talent can be used to enhance armor already enhanced by other magic, such as the Forge Armor talent, or being thread items.'),
(273, 'Infuse Blade', 1, 1, 2, 4, 'The adept temporarily increases the Damage Step of a melee weapon by channeling magical energy through it. It otherwise works as described for the Infuse Weapon talent, below.'),
(274, 'Infuse Weapon', 1, 1, 1, 4, 'The adept temporarily increases the Damage Step of a weapon (but not body parts used as weapons or ammunition for missile weapons) by channeling magical energy through it. He touches the weapon and makes an Infuse Weapon Test against the higher of the weapon\'s Spell Defense or its current Damage Step+5. If successful, he adds +1 to the weapon\'s Damage Step for each Result Level achieved, for Infuse Weapon Rank hours. A weapon can only benefit from one use of this talent at a time. A Rule of One result (Player\'s Guide, p. 15) on the Infuse Weapon Test destroys non-magical weapons. The talent can be used to enhance weapons already enhanced by other magic, such as the Forge Weapon talent or from being thread items.'),
(275, 'Lion Spirit', 0, 0, 0, NULL, 'The adept\'s defense against fear and intimidation is increased by adding his Lion Spirit Rank to his Spell and Social Defense against such effects.'),
(276, 'Matrix Strike', 0, 0, 1, 5, 'The adept is able to attack an opponent\'s spell matrices by making a Thread Weaving Test against the target\'s Spell Defense. If successful, one of the target\'s spell matrices has been struck and the adept\'s Matrix Strike Test determines how much damage is caused to the matrix (the matrix\' Mystic Armor provides protection). Any of the target\'s spell matrices can be attacked by this talent, including Spell, Enhanced, Armored, or Shared matrices, and matrix objects. Unless the adept can see astrally, and thus target a specific matrix, the matrix struck is determined randomly. See the Player\'s Guide for information on spell matrices and how they are damaged and repaired.'),
(277, 'Memorize Image', 1, 1, 0, 4, 'The adept stores images of a person or event in his mind, allowing them to be recalled later to form the central image for an illusion, by making a Memorize Image Test and noting down the type of image and the Test Result associated with it. The image can afterwards be used in Illusionism spells with a Learning Difficulty (Player\'s Guide, p. 131) no greater than the image\'s Test Result and with a maximum Spell Circle equal to the adept\'s Memorize Image Rank. The realism of illusions created from such images is greatly enhanced. The adept adds his Memorize Image Rank to the Disbelief Difficulty of any illusions based on a memorized image. The maximum number of images that an adept may have memorized at any time is equal to his Memorize Image Rank. Memorized images can be forgotten, but only with some effort. The adept may forget a previously memorized image by making a successful Memorize Image Test against his own natural Spell Defense.'),
(278, 'Metal Ward', 1, 1, 0, 4, 'The adept reduces the damage he takes from attacks utilizing any form of metal, including most weapons, the spikes in pit traps, and so on. The adept makes a Metal Ward Test against the higher of his own or his armor\'s Spell Defense. If successful, he adds his Metal Ward Rank to his Physical Armor for Metal Ward Test rounds.'),
(279, 'Mind Armor', 0, 1, 1, NULL, 'The adept fashions a suit of armor from sheer will at a moment\'s notice. The armor appears as shimmering air around the adept, and has a Physical Armor Rating equal to his Mind Armor Rank. Mind armor fits together in such a way as to allow the adept to move, similar to real armor. A skillful opponent can penetrate mind armor with an Armor-Defeating Hit as if it were real armor. Mind Armor provides no Mystic Armor protection, but has no Initiative Penalty either. If other armor is worn, only the higher of any Armor Rating applies. Each use of this talent lasts for Mind Armor Rank minutes, but the adept may dispel it before that time elapses.'),
(280, 'Mind Blade', 0, 1, 1, NULL, 'The adept creates a melee weapon from sheer will at a moment\'s notice. The weapon appears as a distortion of the air, shaped like a melee weapon of the adept\'s choice, with a Damage Step equal to his Mind Blade Rank. The adept uses the blade in melee combat as normal. No Strength minimum applies for using a mind blade. The weapon lasts for Mind Blade Rank minutes, but may be dispelled by the adept before that time elapses. Mind blades may be broken using magical abilities like the Weapon Breaker talent, and the wielder may be disarmed as with a normal melee weapon. A mind blade that is broken or leaves the adept\'s hand is automatically dispelled.'),
(281, 'Mind Wave', 1, 1, 0, 5, 'The adept confuses and confounds a character to whom he is standing adjacent. He must remain within 2 yards (1 hex) of the target or the effect ends. The adept makes a Mind Wave Test against the target\'s Spell Defense. If successful, all conscious thoughts are washed away from the target\'s mind and he completely loses his train of thought—the talent\'s magic imparts a vaguely pleasant sensation—and is considered Harried for Mind Wave Rank rounds. This condition also affects the target\'s Social Defense. While in this confused state, the target will not initiate any Actions, except to defend himself if attacked. The adept cannot communicate with others during the talent\'s duration; it requires his complete concentration and a Standard Action each round to maintain the effect. Each round, the target may make a Willpower Test against the adept\'s Mind Wave Step. If successful, he shakes off the euphoria and regains his mental faculties, thus ending the talent.'),
(282, 'Missile Twister', 1, 1, 0, 5, 'The adept is enveloped by a funnel of air that flings arrows and other missiles away from him in every direction for Missile Twister Test rounds. During this time, the adept adds his Missile Twister Rank to his Physical Defense against ranged combat attacks directed at him. The twister is especially effective against lighter projectiles, such as blowpipe darts, arrows, and bolts. Only extremely accurate missile fire finds its mark—increase the Result Level needed to hit the adept with missile weapons by one level; in most cases, the adept will only be hit on a Good Result (and Armor-Defeating Hits will require an Extraordinary Result) on a missile Attack Test against his modified Physical Defense. The Result Level required for thrown attacks or with heavier missile weapons is modified at the gamemaster\'s discretion, depending on the weapon.');
INSERT INTO `ed_talents_v3` (`id`, `name`, `karma`, `action`, `strain`, `attribute`, `description`) VALUES
(283, 'Moving Earth', 1, 1, 0, 5, 'The adept animates a section of earth, creating a carpet on which he and other passengers can ride for Moving Earth Test hours. The section is no more than 4 yards by 4 yards in size and 1 yard thick and has a Movement Rate of 6. It has a Carrying Capacity equal to the adept\'s Moving Earth Rank × 200 pounds. When traveling, the moving earth acts as a living shield between its riders and any attackers. The adept adds his Moving Earth Rank to the Mystic Armor of anyone riding on the earth section and all passengers add +3 to their Physical Armor. Once the section is in motion, the adept must concentrate to control the direction and speed, or to stop and start its movement. If his concentration is broken, the earth section stops moving and the talent ends.'),
(284, 'Multi-Charge', 1, 1, 1, 1, 'The adept makes Charging Attacks against multiple opponents. This talent works like the Wheeling Attack talent (Player\'s Guide, p. 85), but the adept may make up to Multi-Charge Rank attacks during the Charging Attack, taking 1 Strain per attack, making Multi-Charge Tests as his Attack Tests in close combat. He cannot attack a single target more than once, however, and must move at least 2 yards (1 hex) between any two attacks.'),
(285, 'Multi-Shot', 0, 1, 1, 1, 'The adept makes multiple ranged weapon attacks against one or more opponents by making a Multi-Shot Test against each target\'s Physical Defense, taking 1 Strain per attack. For each successful attack, he makes a Damage Test for the weapon used, as normal. The adept may attempt up to Multi-Shot Rank attacks. Attacks may be directed against just one target or divided up as the adept desires among any targets in range.'),
(286, 'Multi-Strike', 1, 1, 1, 1, 'The adept makes multiple close combat attacks against one or more opponents by making a Multi-Strike Test against each target\'s Physical Defense, taking 1 Strain per attack. For each successful attack, he makes a Damage Test for the weapon used, as normal. The adept may attempt up to Multi-Strike Rank attacks. Attacks may be directed against just one target or divided up as the adept desires among any targets within reach.'),
(287, 'Multi-Tongue', 0, 1, 1, 4, 'The adept temporarily speaks any language of which he has heard at least seven different words. The adept listens to the speaker, then makes a Multi-Tongue Test against the language\'s Learning Difficulty (Player\'s Guide, p. 131), adding +2 to the Difficulty Number if it is a dialect. If successful, he can speak that language for Multi-Tongue Rank minutes. Each minute of speaking, the adept makes a Multi-Tongue Test to see how well he is communicating. The Test Result determines the level of comprehension attained. Simple sentences or ideas only require a result of 2; normal conversation requires a result of 6; technical conversations require a result of 10; conversations about philosophy require a result of 13.'),
(288, 'Multi-Weaving', 0, 0, 1, 4, 'Once per round, the magician may weave spell threads more quickly by making a Multi-Weaving Test. Just like a Thread Weaving Test, this talent may even be used to weave multiple threads in a single Test (Player\'s Guide, p. 133). This talent is the only way a spell thread can be woven and a spell cast, all in the same round.'),
(289, 'Netherwalk', 1, 1, 0, 5, 'The adept sends his spirit forth to walk through astral space. This talent is used infrequently, as its use poses grave danger to the adept. The adept\'s spirit can move about in astral form for Netherwalk Test minutes, but must return to his body before the talent ends, or it becomes separated. Should this happen, the adept dies and his spirit is doomed to wander astral space. The adept may end his Netherwalk at any time once his spirit has re-entered his body. While in astral space, the adept can pass through many barriers that exist only in the physical world. Any attempts to pass through objects with a True Pattern require the adept to make a Netherwalk Test against the object\'s Spell Defense. If successful, he can continue on past the obstacle. When traveling in astral space, the adept can move no faster than his Movement Rate. During the time he spends Netherwalking, the adept exposes himself to the dangers of astral space. Each minute of travel, the adept suffers damage dependent on the level of astral corruption in the region, as determined by the gamemaster. The adept\'s natural Mystic Armor protects against this damage. The Netherwalk Damage Table shows the damage that an adept takes during each minute of travel, based on the astral region\'s classification. This talent also allows the adept to use the astral pollution to his advantage, obscuring him from the view of any astral denizens or characters viewing astral space. This obscuring effect is also dependent on the type of astral region through which the adept is traveling. The pollution adds a bonus to the adept\'s Spell Defense, as shown in the Netherwalk Table, based on the region\'s classification (Player\'s Guide, p. 110).'),
(290, 'Pin', 0, 1, 0, 1, 'The adept makes a rapid series of whirling attacks or threatening gestures, restricting the opponent\'s movement and cornering him. The talent can be used against Pin Rank characters, but they must all be within close combat reach (usually 1 hex) of the adept. The adept makes a Pin Test as his close combat Attack Test against the highest Physical Defense among the target group, +1 for each additional character. If successful, the targets are pinned by the adept and cannot voluntarily move away from him. The Pin attack inflicts no damage. A pinned target may only attack the adept, but incurs a penalty equal to the adept\'s Pin Rank to all of his Action Tests. The talent effect lasts until the end of the following round or until the adept next acts, whichever occurs first.'),
(291, 'Plant Shelter', 0, 0, 1, 6, 'The adept sings to nearby plants to gain their cooperation, mystically urging them to grow rapidly into a shelter according to his instructions. The shelter takes ten minutes to form and lasts for Plant Shelter Rank hours. The adept\'s Plant Shelter Test determines the shelter\'s Death Rating when treated as a barrier (Gamemaster\'s Guide, p. 82). The shelter\'s Physical Armor is equal to the adept\'s Plant Shelter Rank. A shelter holds the adept and a number of human-sized characters equal to his Plant Shelter Rank. Trolls and obsidimen each count as two human-sized characters, dwarfs as one-half humansize, and windlings as only one-quarter human-size. If more than the allowed number of characters crowds into a shelter, the talent ends and the plants return to their former shape.'),
(292, 'Questor', 0, 0, 0, NULL, 'Available to all characters (including non-adepts), but only with the gamemaster\'s permission. The adept taps into the powers of the Passions of Barsaive. A questor exemplifies the qualities of one of the worshipped Passions. Questor abilities and the Passions of Barsaive are more fully described in the Passions & Questors chapter, p. 162.'),
(293, 'Quick Shot', 1, 1, 1, 1, 'The adept makes multiple attacks in ranged combat during the same round. The adept declares how many attacks he wants to attempt, up to his Quick Shot Rank, before making any Attack Tests, taking 1 Strain per attack declared. He then makes Quick Shot Tests as ranged Attack Tests for as long as his attacks are successful— if an Attack Test fails, he stops making attacks, but still takes the full Strain cost for the number of attacks declared—until there are no more opponents to attack, he has made the declared number of attacks, or he runs out of ammunition. This talent cannot be combined with any talent or skill that allows for additional attacks in either close or ranged combat, such as Second Shot, Multi-Shot, or Second Attack.'),
(294, 'Rally', 1, 1, 0, 6, 'The adept inspires his companions in the midst of battle. If the adept is not able to be seen over the heads of his colleagues, he takes 1 Strain to make himself heard. The adept declares those companions whom he wishes to rally, then compares his Rally Test against the Social Defense of each target. If successful, each target may make an immediate Recovery Test, if one is available to him; the talent provides no bonus Recovery Tests. Affected targets also ignore Harried or Knocked Down modifiers until the end of the next round. The adept can inspire up to Rally Rank characters.'),
(295, 'Range Pattern', 0, 1, 1, 4, 'The magician increases the range of a cast spell. It cannot be used on spells with a range of \"Self\" or \"Touch\". The magician makes a Range Pattern Test against the spell\'s Weaving Difficulty (or Reattuning Difficulty, if the spell has no threads) before weaving any threads for the spell. If successful, and the spell is cast successfully, the magician increases the spell\'s normal range by his Range Pattern Rank × 20 yards (Rank × 20 hexes).'),
(296, 'Reshape Object', 0, 1, 2, 5, 'The adept changes the shape, but not the mass, of non-living objects by making a Reshape Object Test against the higher of the object\'s Physical Armor, Spell Defense, or a Difficulty Number of 6. If successful, he reshapes the object into a new form over a ten-minute period, requiring concentration throughout this time to complete the shaping. An adept can reshape a maximum weight of material equal to his Reshape Object Rank × 20 pounds. The talent\'s effect is permanent. The complexity of the final form should be taken into consideration; if the adept wants to reform an object into something more ornate or intricate than the original, the gamemaster may require a Good Result on the Reshape Object Test, for instance.'),
(297, 'Resist Pain', 0, 0, 0, NULL, 'The adept is more resistant to the effects of injury and other sources of pain. Any Wound penalties he incurs are reduced by his Resist Pain Rank. For example, an adept with Resist Pain at Rank 1 would ignore the –1 penalty from suffering two Wounds. The adept also adds his Resist Pain Rank to any Action Tests he makes to ignore intense pain, which by itself causes no damage, but incapacitates the target, such as the effects of the Pain spell.'),
(298, 'Rushing Attack', 1, 0, 2, NULL, 'The adept increases his movement and attacks opponents while on the move by adding his Rushing Attack Rank to his Movement Rate. He may interrupt his movement at any time during his move, even multiple times, without having to resort to the Splitting Movement combat option and without being Harried as a result. While interrupting his movement, he may attack as normal. However, each time after the first that he interrupts his movement, he takes 1 additional Strain. This talent cannot be combined with other abilities or combat options that increase the adept\'s Movement Rate or determine distance moved by special rules.'),
(299, 'Safe Thought', 1, 1, 0, 5, 'The adept hides a specific type of thought, attitude, or feeling from telepathic probes or divination magic. This talent replaces the \"real\" thought or attitude with vague and non-committal images or sensations in response to the mind probe. It can only be used on a voluntary subject, who chooses which thought the talent will hide. For example, thoughts that might be hidden by this talent include \"the best treasure we found in Parlainth\" or \"King Gerrik is an idiot.\" The adept makes a Safe Thought Test against the subject\'s Spell Defense. If successful, the subject adds the adept\'s Safe Thought Rank to his Defense Ratings when being targeted by an ability that would detect the hidden thought (such as spells, Interaction Tests, the Rhetoric skill, or the Empathic Sense talent) and as a bonus to any Test made to resist such an attempt, if a Test is allowed. The thought remains hidden for Safe Thought Rank hours or until the thought is discovered, whereupon the talent ends.'),
(300, 'Scent Identifier', 0, 1, 1, 4, 'The adept can identify and track a creature on the basis of scent alone. To track a creature through the air, the adept makes a Scent Identifier Test against the target\'s Spell Defense. If successful, he can follow the trail for Scent Identifier Rank hours. To identify a creature, the adept makes a Scent Identifier Test against the target\'s Spell Defense. If successful, each Result Level reveals something different about the target\'s identity. An Average Result discloses the target\'s race or species; a Good or Excellent Result reveals the target\'s gender and age, respectively; an Extraordinary Result reveals the target\'s general health and emotional state at the time it passed the adept\'s current position. If the target is someone the adept knows well, an Extraordinary Result also reveals the target\'s identity. If the area has experienced wind or rain since the target passed through, or if the target passed through more than 2 hours previously, increase the Difficulty Number by +5 for each weather condition or additional hour.'),
(301, 'Screaming Arrow', 0, 0, 1, 6, 'The adept intimidates a character by shooting a missile or throwing a weapon that literally \"screams\" at him. After making a successful ranged Attack Test against his opponent, but before determining damage, the adept makes a Screaming Arrow Test against the target\'s Social Defense. If successful, the target becomes unnerved by the arrow\'s shrieking and attempts to get away from the adept\'s line of sight as fast as possible. Damage is resolved as normal, but the adept cannot use any ability that would change the missile or weapon\'s physical properties, such as the Flame Arrow talent. The target remains frightened for Screaming Arrow Rank rounds, during which time he will not willingly approach the adept. If the target is not able to completely escape from the immediate area, he attempts to move as far away as possible. If an opportunity presents itself for him to move out of line of sight while the talent is in effect, he does so. Each round, the target may make a Willpower Test against the Screaming Arrow Step. If successful, the target overcomes his fear and the talent ends.'),
(302, 'Second Chance', 0, 0, 1, 5, 'The adept may reattempt a failed action or try to do better at a marginally successful one. Once per round, after making an Action Test, the adept may disregard the Test Result, making a Second Chance Test in its place; the adept must accept the Second Chance Test result, even if the new Test Result is lower. If the adept\'s Second Chance Step is higher than the original Action Test Step, his Second Chance Test is made with a penalty equal to the difference between the Step Numbers.'),
(303, 'Sense Magic Item', 0, 1, 1, 4, 'The adept senses the presence of magic items by comparing his Sense Magic Item Test against the Spell Defense of all magic items within a Sense Magic Item Rank × 10 yards (Rank × 5 hexes) radius. If successful, he learns of the items\' existence and the approximate direction in which each is located, but not the exact location. The adept may exclude magic items already known to him (such as his companions\' or his own), or he may exclude types of magic items (such as Blood Charms or Healing Aids) from the sense.'),
(304, 'Shackle Shrug', 0, 0, 1, 1, 'The adept escapes from bonds around his hands or feet by gradually straining against them and using extraordinary flexibility and magic to extricate his wrists or ankles from openings too small to wriggle out of normally. The adept spends one minute attempting to get out of the bonds, then makes a Shackle Shrug Test against a Difficulty Number based on the type of bindings. Twine or string carries a Difficulty Number of 5; rope tied by an inexperienced captor has a Difficulty Number of 7; rope tied by an experienced jailer has a Difficulty Number of 9; steel shackles have a Difficulty Number of 11; magical shackles have a Difficulty Number equal to the shackles\' Spell Defense. Because it is always easier to escape from shackles that bind the wrists than those around the ankles, add +2 to the Difficulty Number if the shackles bind the feet. If successful, the adept escapes. If he fails, the adept may try again, but requires a Result Level one higher than the previous attempt (to a maximum of Extraordinary). The adept may make up to Shackle Shrug Rank attempts per set of bindings each day.'),
(305, 'Shared Matrix', 0, 0, 0, NULL, 'Magicians use a shared matrix to hold multiple spells. The combined Spell Circles of all spells held within the matrix cannot exceed the Shared Matrix Rank. For example, a Rank 7 Shared Matrix could hold one Third Circle spell and four First Circle spells, but could not hold two Fourth Circle spells. The matrix\' Mystic Armor absorbs damage from attacks directed against it, such as from the Matrix Strike talent, but is protected in the same way as an Armored Matrix; its Mystic Armor is equal to the magician\'s natural Mystic Armor plus his Shared Matrix Rank. A Shared Matrix cannot hold pre-woven spell threads. Each Shared Matrix represents a separate talent with its own Rank, and is improved independently.'),
(306, 'Shield Beater', 1, 0, 1, NULL, 'The adept delivers devastating blows, cleaving through shield and armor alike. He makes a close combat Attack Test as normal. If successful, the adept reduces his opponent\'s Physical Armor by his Shield Beater Rank, increasing the likelihood that his attack will inflict damage. The talent also increases the chance of shattering an opponent\'s shield. If the adept uses the Shattering a Shield combat option (Player\'s Guide, p. 225) and achieves a Good Result on his Attack Test, he adds his Shield Beater Rank to the Damage Test when determining if the shield is destroyed.'),
(307, 'Show Armor Flaw', 0, 1, 2, 4, 'The adept reveals the weaknesses in an opponent\'s armor by making a Show Armor Flaw Test against the higher of the target\'s or his armor\'s Spell Defense. If successful, any vulnerabilities in the armor are illuminated for Show Armor Flaw Rank rounds, reducing the Result Level needed for Armor-Defeating Hits by one level (Excellent to Good, Extraordinary to Excellent, and so on) for any characters attacking the target. The effects of Show Armor Flaw are not cumulative with the Spot Armor Flaw talent.'),
(308, 'Soften Blade', 0, 1, 0, 5, 'The adept weakens a weapon he can see within Soften Blade Rank × 6 yards (Rank × 3 hexes), reducing the amount of damage it inflicts, by making a Soften Blade Test against the higher of the weapon\'s or its wielder\'s Spell Defense. If successful, his Soften Blade Rank is applied as a penalty to the weapon\'s Damage Step (to a minimum of Damage Step 1) for one hour.'),
(309, 'Song of Deflection', 1, 1, 1, 5, 'The adept improves his defense against attacks by singing or humming a little song, then making a Song of Deflection Test against the highest Spell Defense among his opponents, +1 for each additional character. If successful, he adds his Song of Deflection Rank to his Defense Ratings for Song of Deflection Rank rounds. While the adept is singing, he may only perform actions that do not require him to use his voice. If he stops singing before the duration expires, the talent ends.'),
(310, 'Soul Shatter', 1, 0, 1, 5, 'The adept\'s spirit is pitted against that of another character. The adept touches the target and makes a Spellcasting Test against the target\'s Spell Defense. If successful, the adept\'s Soul Shatter Test determines how much damage is inflicted (Mystic Armor provides protection). If the target suffers a Wound, his soul begins to break apart, piece by piece. The target continues to take damage each round for Soul Shatter Rank rounds, automatically suffering at least 1 Wound, plus additional Damage Points equal to the adept\'s Soul Shatter Rank (natural Mystic Armor provides protection). Each round, the target may make a Willpower Test against the Soul Shatter Step. If successful, the talent ends. If the target does not suffer a Wound from the initial Soul Shatter Test, the adept\'s spirit \"buckles\" from the pressure instead. Each round the adept, rather than the target, suffers at least 1 Wound, plus additional Damage Points equal to his Soul Shatter Rank, as if someone had successfully used the talent against him. The adept may make Willpower Tests as normal to end the effect.'),
(311, 'Spell Crystal Lock', 0, 1, 0, 4, 'Blood Magic is used by the magician to lock a spell into a matrix, extending the spell\'s duration. The magician makes a Spell Crystal Lock Test instead of a Spellcasting Test when casting a spell from a spell matrix. If successful, the talent locks the spell into the matrix for a year and a day, during which time the matrix cannot be used to hold any other spell. The spell\'s duration is extended for the same period. During this time, the spell matrix takes on a crystalline appearance when viewed from astral space. The magician takes 2 Blood Magic Damage, which cannot be healed until the talent ends. A successful Dispel Magic Test against the spell\'s Dispel Difficulty dispels the lock and ends the talent. Spells with no effective duration (immediate effect spells, such as Spirit Dart) or with a duration of 1 round, cannot have their duration extended through use of this talent. The talent can be used to lock spells into any type of spell matrix (a Spell, Armored, Enhanced, or Shared Matrix), however the effect only \"locks\" the spell cast using the Spell Crystal Lock talent into the matrix; any other spells that are present are erased from the matrix. Threads woven into the spell matrix remain in place. However, since the spell cannot be cast again from that matrix until the talent\'s duration expires, they are effectively useless. The magician may have no more locked matrices than his Spell Crystal Lock Rank.'),
(312, 'Spirit Strike', 0, 1, 1, 5, 'The adept makes a close combat attack against an opponent who is in astral space by making a Spirit Strike Test against the higher of the target\'s Spell Defense or a Difficulty Number of 6. If successful, he hits the target, and his weapon (if making a melee attack) or limb (if making an unarmed attack) disappears from view as it enters astral space, before re-emerging after the attack, trailing cold green wisps of mist. The adept makes a Damage Test as normal, based on the weapon used. Defensive talents or skills, such as Avoid Blow and Riposte, cannot be used against attacks made with the Spirit Strike talent. The adept must use some form of astral sensing to perceive his astral opponent or he suffers a –5 Blindness penalty to his Attack Tests when using this talent.'),
(313, 'Stone Skin', 1, 1, 0, 3, 'Portions of the adept\'s muscles and ligaments toughen to become more resistant to physical damage and his skin\'s appearance becomes pebbly, even jagged, and is tough as stone. Use of the Stone Skin talent requires one of the adept\'s Recovery Tests; if he has no Recovery Tests available to him, he cannot use this talent. The adept adds his Stone Skin Rank to his Physical Armor Rating for Stone Skin Test rounds. This effect is similar to the obsidiman Natural Armor racial ability (Player\'s Guide, p. 22), though obsidimen can benefit further from this talent.'),
(314, 'Storm Shield', 0, 1, 2, 5, 'The adept creates a shield from sheer will by making a Storm Shield (6) Test. If successful, the shield manifests as a foglike disk of air, hissing and popping as it coruscates with blue-white electricity, for Storm Shield Rank rounds. The shield Size corresponds to the Result Level achieved: an Average Result creates a buckler; a Good Result creates a footman\'s shield; an Excellent Result creates a crystal raider shield; an Extraordinary Result creates a body shield (Player\'s Guide, p. 254). The shield provides protection as a typical shield of its type, but has no Initiative Penalty, and adds the adept\'s Storm Shield Rank as a bonus to Shield Charge Tests. In addition, it causes shocks to attackers. When a close combat attack misses the adept without the use of evasive talents such as Avoid Blow, the attacker suffers a number of electrical Damage Points equal to the Storm Shield Rank (no armor provides protection).'),
(315, 'Summoning Circle', 1, 0, 0, 5, 'The adept creates a protective circle to contain a summoned elemental or extra-planar being. The adept spends one hour carefully drawing the circle, which must be big enough to hold the entity being summoned. After he creates a summoning circle, the adept can summon entities into it using the Summon talent, or by another means, such as a spell. Entities summoned into the circle cannot escape without first destroying it. The adept\'s Summoning Circle Test determines the Difficulty Number to break free for any being trapped inside. The effect lasts for Summoning Circle Rank hours. Each hour, the summoned entity may make a Willpower Test against the circle\'s Difficulty Number. If successful, the circle breaks and the entity is freed. The adept may destroy his own circle at any time by touching and symbolically \"cutting\" it.'),
(316, 'Tame Mount', 1, 1, 0, 6, 'The adept tames an animal to be used as a mount by touching the animal and making a Tame Mount Test against the animal\'s Social Defense. If successful, the animal\'s Attitude toward the adept improves by one degree per Result Level, to a maximum of Friendly. Once a mount\'s attitude has been raised to Friendly, the adept may ride it. No one else may ride the mount until the animal is trained; the mount is automatically Unfriendly to anyone other than the adept who tries to ride it, including any characters to whom the mount may have had a better attitude before. This talent may be used on an animal only once each day.'),
(317, 'Thoughtful Expression', 0, 1, 0, 4, 'The adept uses his own awareness to create an illusory face on another character that acts as a magical \"spy glass,\" useful for observing events and situations from a distance. The adept touches the character and makes a Thoughtful Expression Test against the target\'s Spell Defense. If successful, a hair-thin illusion of the adept\'s face is superimposed over the target\'s own features for Result Level hours. The adept\'s telepathic link with the illusion allows him to see and sense everything that the face does. By concentrating, he may control the expression of the face and even speak through it, though the voice still sounds like the adept unless he has a way of changing his voice. The adept can sense and control the face so long as it is within Rank × 50 yards (Rank × 25 hexes). Outside of this range, the connection is lost and the talent ends. The effort of \"looking\" in two places at once is disorienting; during the talent\'s duration, the adept is Harried. The illusion can be sensed and disbelieved with a Disbelief Difficulty of 8 and a Sensing Difficulty of 16.'),
(318, 'Thunder Axe', 0, 0, 1, 2, 'Following a successful melee Attack Test, the adept makes a Thunder Axe Test instead of a Damage Test against the target\'s Spell Defense. If successful, the target is Stunned (Player\'s Guide, p. 228) for Thunder Axe Rank rounds.'),
(319, 'Trace Missile', 0, 0, 1, 4, 'The adept traces the path of a missile or thrown weapon simply by looking at it and making a Trace Missile Test against the attacker\'s Spell Defense. If successful, he traces the flight path back to the attacker, marking his forehead with a symbol similar to that created by the Mystic Aim (Player\'s Guide, p. 76) or Stopping Aim (Player\'s Guide, p. 82) talents. This symbol remains in place for Trace Missile Rank minutes. As long as the target is marked, the adept is aware of the target\'s location and can attack him without any visibility penalties. The talent can only be used to trace a single missile each round.'),
(320, 'Trample', 0, 0, 1, NULL, 'Amounted adept increases the damage inflicted by his mount\'s attacks. If his mount makes a successful Attack Test, the adept may add his Trample Rank to the mount\'s Damage Test. Despite the talent\'s Name, the adept\'s mount does not have to \"stomp on\" an opponent to benefit from Trample; the magic of the talent boosts the damage of the mount\'s attack regardless of the attack method employed.'),
(321, 'Truth Skit', 1, 0, 0, 4, 'The adept recreates an event from the past with the help of other participants, all of whom must volunteer to be part of the Truth Skit and must also have been part of the original scene. Truth Skit recreates an event that occurred no more than Truth Skit Rank years and days in the past. The adept plays the parts of all of the people who were present in the original event, but are not present now. A minute of Truth Skit replays one minute of the original event. Each minute, the adept makes a Truth Skit Test against the highest Social Defense among the participants, excluding himself. If successful, the participants must say what they said in the original scene and must mimic the actions they originally took. If failed, the participants may say whatever they like or take whatever action they wish. The maximum duration of the skit is Truth Skit Rank minutes.'),
(322, 'Unmount', 0, 0, 0, 2, 'The adept\'s ability to knock an opponent from his mount is improved. If the adept\'s Attack Test succeeds, instead of making a Damage Test, he makes an Unmount Test against the target\'s Strength Step. If successful, the target is knocked from his mount, taking Falling damage and suffering the effects of Knockdown (Player\'s Guide, p. 228). Unmount can be used with the Setting Against a Charge combat option (Player\'s Guide, p. 225), but does not require the target to make a Charging Attack, only that he be mounted. Unmount is not a Damage Test, so Setting Against a Charge does not provide a damage bonus from the mount\'s Strength.'),
(323, 'Venom', 1, 0, 0, 3, 'The adept sprays a fine mist of contact poison at an opponent by making an unarmed Attack Test against the target\'s Physical Defense. If successful, he makes a Venom Test as his Damage Test. Venom damage automatically bypasses the target\'s Physical Armor, unless he can find some way, magical or mundane, to make the armor completely airtight. Each round, the poison continues to inflict a number of Damage Points equal to the Venom Rank, for Venom Rank rounds. A target may spend his Standard Action to resist the poison, making a Toughness Test against the Venom Step. If successful, the poison is rendered inert. A target can suffer from only one Venom talent poison at a time. The venom cannot be used with a manufactured weapon.'),
(324, 'Vital Strike', 1, 0, 1, 4, 'The adept finds and exploits weaknesses in an opponent\'s anatomy by making a Vital Strike Test against his opponent\'s Spell Defense. If successful, he adds his Vital Strike Rank to the result of the next Damage Test he makes against that opponent.'),
(325, 'Vitality', 1, 0, 0, 3, 'The adept recovers damage more effectively, receiving a number of bonus Recovery Tests each day equal to his Vitality Rank, which may be spent the same way as normal Recovery Tests; for example to heal damage or fuel talents such as Fireblood, Wood Skin, or Life Check. If one of these bonus tests is used to heal damage, the adept makes a Vitality Test in place of a Recovery Test, under all the same restrictions as making a normal Recovery Test.'),
(326, 'Warning Shot', 0, 0, 0, 6, 'When armed with a ranged weapon, the adept makes his opponents think twice about attacking him. His ranged attack does not harm his opponent, but is instead aimed to strike very close to the target, passing through a shirt sleeve, knocking a mug from the target\'s hand, or otherwise demonstrating the adept\'s weapon prowess. The adept makes a ranged combat Attack Test, as normal. If successful, he makes a Warning Shot Test in place of a Damage Test against the target\'s Social Defense. On an Average Result, the target is Harried. On a Good Result, the target is not only Harried, but won\'t act against the adept unless first attacked by him or his obvious allies. The effect lasts for Warning Shot Rank rounds or until the target makes a successful Willpower Test against the adept\'s Warning Shot Step.'),
(327, 'Warp Missile', 0, 1, 1, 4, 'The adept reduces the effectiveness of an opponent\'s missile weapon, warping and twisting it, and generally impairing its ability to inflict harm. He makes a Warp Missile Test against the higher of the target\'s or his weapon\'s Spell Defense. If successful, the target reduces the weapon\'s Damage Step by the adept\'s Warp Missile rank, to a minimum of 0. The adept can affect any missile weapon visible to him up to a range equal to his Warp Missile Rank × 20 yards (Rank × 10 hexes). The effect lasts Warp Missile Rank rounds.'),
(328, 'Water Dancing', 1, 1, 0, 6, 'The adept dances on the surface of a body of water, making a Water Dancing Test against the highest Spell Defense of all water creatures that can see or sense him. If successful, the adept is suspended on the water\'s surface and adds his Water Dancing Rank to Interaction Tests he makes against the creatures for Water Dancing Rank minutes. Aquatic and enchanted creatures within range are attracted to the adept and, unless actively discouraged, approach him while he is dancing.'),
(329, 'Weapon Breaker', 1, 0, 0, 2, 'The adept attacks an opponent\'s weapon with the intent of shattering it. He makes a close combat Attack Test as normal. If successful, he makes a Weapon Breaker Test against the higher of the opponent\'s or his weapon\'s Spell Defense, instead of a Damage Test. If successful, the weapon\'s Damage Step is reduced by –2 per Result Level. An Extraordinary Result shatters non-magical weapons; they are ruined. Threaded weapons can only be reduced to a minimum Damage Step of 1, and cannot be shattered. Damaged weapons can be repaired (Player\'s Guide, p. 253); shattered weapons cannot. Weapon Breaker works only on manufactured weapons, not natural weapons, such as a creature\'s fangs or claws.'),
(330, 'Weapon Ward', 1, 1, 1, 5, 'The adept better defends against attacks made with weapons, but not unarmed attacks or the natural armaments of creatures, such as claws or beaks. He adds his Weapon Ward rank to his Physical, Social, and Spell Defense whenever one of those defenses is targeted by an ability that relies on a weapon (such as Melee Weapons, Stopping Aim, or Impressive Shot), for Weapon Ward Test rounds.'),
(331, 'Whirlwind', 0, 1, 2, 1, 'The adept whirls around to strike multiple foes within close combat distance, making a Whirlwind Test as his close combat Attack Test, and comparing the Test Result against each opponent\'s Physical Defense to determine who is hit. His Whirl- wind Test is treated as a number of separate Attack Tests for the purpose of determining Armor-Defeating Hits and special rules for Damage Tests. The adept may use damage-enhancing abilities such as Crushing Blow independently for each hit. Whirlwind cannot be used in the same round as other talents granting extra attacks, such as Second Attack or Second Weapon.'),
(332, 'Wind Bow', 0, 1, 1, NULL, 'The adept manipulates the wind, shaping the whirling, shimmering elemental forces into a bow, crossbow, or other missile weapon which can propel a projectile with terrific force. The weapon is used like a normal weapon of its kind, but has a Damage Step equal to the adept\'s Wind Bow Rank. Attack Tests are made as normal. The weapon lasts for Wind Bow Rank minutes, but the adept may dispel it at any time. The weapon may be broken or taken from the adept like any other weapon of its type, in which case it is automatically dispelled.'),
(333, 'Wound Transfer', 1, 1, 0, 5, 'An injured adept transfers damage to another living being he is touching by making a Wound Transfer Test against the target\'s Spell Defense. If successful, he heals a Wound and transfers a number of Damage Points equal to his Wound Threshold to the target (no armor provides protection). If the damage received by the target is at least equal to its Wound Threshold, it suffers a Wound. The adept cannot transfer more Damage Points than his Current Damage allows');

-- --------------------------------------------------------

--
-- Table structure for table `ed_talent_options_v3`
--

CREATE TABLE `ed_talent_options_v3` (
  `id` int(10) UNSIGNED NOT NULL,
  `discipline_id` tinyint(3) UNSIGNED NOT NULL,
  `talent_id` smallint(5) UNSIGNED NOT NULL,
  `status_group_id` tinyint(1) UNSIGNED NOT NULL
) ENGINE=InnoDB DEFAULT CHARSET=utf8mb4 COLLATE=utf8mb4_unicode_ci;

--
-- Dumping data for table `ed_talent_options_v3`
--

INSERT INTO `ed_talent_options_v3` (`id`, `discipline_id`, `talent_id`, `status_group_id`) VALUES
(1, 1, 102, 1),
(2, 1, 104, 1),
(3, 1, 124, 1),
(4, 1, 162, 1),
(5, 1, 169, 1),
(6, 1, 3, 2),
(7, 1, 48, 2),
(8, 1, 75, 2),
(9, 1, 76, 2),
(10, 1, 78, 2),
(11, 1, 97, 2),
(12, 1, 109, 2),
(14, 1, 2, 3),
(15, 1, 41, 3),
(16, 1, 57, 3),
(17, 1, 86, 3),
(18, 1, 90, 3),
(19, 1, 113, 3),
(20, 1, 141, 3),
(21, 1, 142, 3),
(22, 2, 15, 1),
(23, 2, 28, 1),
(24, 2, 95, 1),
(25, 2, 122, 1),
(26, 2, 164, 1),
(27, 2, 37, 2),
(28, 2, 48, 2),
(29, 2, 66, 2),
(30, 2, 67, 2),
(31, 2, 75, 2),
(33, 2, 124, 2),
(34, 2, 132, 2),
(35, 2, 25, 3),
(36, 2, 31, 3),
(37, 2, 33, 3),
(38, 2, 54, 3),
(39, 2, 59, 3),
(40, 2, 78, 3),
(41, 2, 91, 3),
(42, 2, 133, 3),
(43, 3, 15, 1),
(44, 3, 28, 1),
(45, 3, 119, 1),
(46, 3, 164, 1),
(47, 3, 173, 1),
(48, 3, 2, 2),
(50, 3, 48, 2),
(51, 3, 72, 2),
(52, 3, 75, 2),
(53, 3, 76, 2),
(54, 3, 122, 2),
(55, 3, 132, 2),
(56, 3, 7, 3),
(57, 3, 20, 3),
(58, 3, 24, 3),
(59, 3, 53, 3),
(60, 3, 90, 3),
(61, 3, 107, 3),
(62, 3, 115, 3),
(63, 3, 163, 3),
(64, 18, 15, 1),
(65, 18, 76, 1),
(66, 18, 124, 1),
(67, 18, 162, 1),
(68, 18, 169, 1),
(69, 18, 48, 2),
(70, 18, 58, 2),
(71, 18, 66, 2),
(72, 18, 78, 2),
(73, 18, 94, 2),
(74, 18, 97, 2),
(76, 18, 178, 2),
(77, 18, 2, 3),
(78, 18, 31, 3),
(79, 18, 55, 3),
(80, 18, 75, 3),
(81, 18, 86, 3),
(82, 18, 101, 3),
(83, 18, 138, 3),
(84, 18, 163, 3),
(85, 4, 10, 1),
(86, 4, 15, 1),
(87, 4, 66, 1),
(88, 4, 76, 1),
(89, 4, 169, 1),
(91, 4, 33, 2),
(92, 4, 45, 2),
(93, 4, 48, 2),
(94, 4, 124, 2),
(95, 4, 141, 2),
(96, 4, 164, 2),
(97, 4, 173, 2),
(98, 4, 63, 3),
(99, 4, 72, 3),
(100, 4, 77, 3),
(101, 4, 78, 3),
(102, 4, 87, 3),
(103, 4, 99, 3),
(104, 4, 100, 3),
(105, 4, 129, 3),
(106, 5, 12, 1),
(107, 5, 76, 1),
(108, 5, 109, 1),
(109, 5, 124, 1),
(110, 5, 125, 1),
(111, 5, 14, 2),
(112, 5, 48, 2),
(113, 5, 84, 2),
(114, 5, 104, 2),
(115, 5, 125, 2),
(116, 5, 125, 2),
(117, 5, 164, 2),
(118, 5, 175, 2),
(119, 5, 36, 3),
(120, 5, 56, 3),
(121, 5, 56, 3),
(122, 5, 73, 3),
(123, 5, 131, 3),
(124, 5, 133, 3),
(125, 5, 174, 3),
(126, 5, 177, 3),
(127, 17, 2, 1),
(128, 17, 28, 1),
(129, 17, 122, 1),
(130, 17, 164, 1),
(131, 17, 169, 1),
(132, 17, 15, 2),
(133, 17, 48, 2),
(135, 17, 94, 2),
(136, 17, 104, 2),
(137, 17, 121, 2),
(138, 17, 132, 2),
(139, 17, 162, 2),
(140, 17, 40, 3),
(141, 17, 111, 3),
(142, 17, 112, 3),
(143, 17, 118, 3),
(144, 17, 134, 3),
(145, 17, 144, 3),
(146, 17, 163, 3),
(147, 17, 178, 3),
(148, 6, 14, 1),
(149, 6, 66, 1),
(150, 6, 109, 1),
(151, 6, 122, 1),
(152, 6, 125, 1),
(153, 6, 12, 2),
(154, 6, 48, 2),
(155, 6, 71, 2),
(156, 6, 76, 2),
(157, 6, 96, 2),
(158, 6, 125, 2),
(159, 6, 125, 2),
(160, 6, 176, 2),
(161, 6, 56, 3),
(162, 6, 56, 3),
(163, 6, 74, 3),
(164, 6, 80, 3),
(165, 6, 112, 3),
(166, 6, 123, 3),
(167, 6, 133, 3),
(168, 6, 174, 3),
(169, 24, 2, 1),
(170, 24, 15, 1),
(171, 24, 43, 1),
(172, 24, 122, 1),
(173, 24, 169, 1),
(175, 24, 48, 2),
(176, 24, 64, 2),
(177, 24, 200, 2),
(178, 24, 78, 2),
(179, 24, 138, 2),
(180, 24, 162, 2),
(181, 24, 163, 2),
(182, 24, 35, 3),
(183, 24, 41, 3),
(184, 24, 199, 3),
(185, 24, 87, 3),
(186, 24, 90, 3),
(187, 24, 112, 3),
(188, 24, 116, 3),
(189, 24, 144, 3),
(190, 7, 12, 1),
(191, 7, 109, 1),
(192, 7, 122, 1),
(193, 7, 124, 1),
(194, 7, 125, 1),
(195, 7, 8, 2),
(196, 7, 20, 2),
(197, 7, 33, 2),
(198, 7, 45, 2),
(199, 7, 48, 2),
(200, 7, 72, 2),
(201, 7, 125, 2),
(202, 7, 125, 2),
(203, 7, 1, 3),
(204, 7, 51, 3),
(205, 7, 56, 3),
(206, 7, 56, 3),
(207, 7, 84, 3),
(208, 7, 90, 3),
(209, 7, 133, 3),
(210, 7, 174, 3),
(211, 25, 2, 1),
(212, 25, 28, 1),
(213, 25, 104, 1),
(214, 25, 173, 1),
(215, 25, 177, 1),
(216, 25, 11, 2),
(217, 25, 48, 2),
(218, 25, 75, 2),
(220, 25, 97, 2),
(221, 25, 132, 2),
(222, 25, 162, 2),
(223, 25, 163, 2),
(224, 25, 29, 3),
(225, 25, 41, 3),
(226, 25, 47, 3),
(227, 25, 49, 3),
(228, 25, 260, 3),
(229, 25, 112, 3),
(230, 25, 119, 3),
(231, 25, 144, 3),
(232, 26, 2, 1),
(233, 26, 15, 1),
(234, 26, 18, 1),
(235, 26, 132, 1),
(236, 26, 173, 1),
(237, 26, 33, 2),
(238, 26, 48, 2),
(239, 26, 78, 2),
(240, 26, 94, 2),
(242, 26, 162, 2),
(243, 26, 163, 2),
(244, 26, 164, 2),
(245, 26, 14, 3),
(246, 26, 49, 3),
(247, 26, 75, 3),
(248, 26, 90, 3),
(249, 26, 112, 3),
(250, 26, 133, 3),
(251, 26, 134, 3),
(252, 26, 144, 3),
(253, 8, 15, 1),
(254, 8, 33, 1),
(255, 8, 95, 1),
(256, 8, 97, 1),
(257, 8, 122, 1),
(258, 8, 11, 2),
(259, 8, 36, 2),
(260, 8, 37, 2),
(261, 8, 43, 2),
(262, 8, 48, 2),
(263, 8, 75, 2),
(264, 8, 109, 2),
(266, 8, 31, 3),
(267, 8, 39, 3),
(268, 8, 42, 3),
(269, 8, 92, 3),
(270, 8, 94, 3),
(271, 8, 119, 3),
(272, 8, 165, 3),
(273, 8, 166, 3),
(274, 16, 33, 1),
(275, 16, 122, 1),
(276, 16, 124, 1),
(277, 16, 208, 1),
(278, 16, 164, 1),
(279, 16, 12, 2),
(280, 16, 23, 2),
(281, 16, 45, 2),
(282, 16, 48, 2),
(283, 16, 66, 2),
(284, 16, 78, 2),
(285, 16, 208, 2),
(286, 16, 208, 2),
(287, 16, 30, 3),
(288, 16, 54, 3),
(289, 16, 194, 3),
(290, 16, 194, 3),
(291, 16, 65, 3),
(292, 16, 133, 3),
(293, 16, 168, 3),
(294, 16, 174, 3),
(295, 9, 28, 1),
(296, 9, 102, 1),
(297, 9, 104, 1),
(298, 9, 162, 1),
(299, 9, 169, 1),
(300, 9, 5, 2),
(301, 9, 37, 2),
(302, 9, 48, 2),
(303, 9, 97, 2),
(304, 9, 139, 2),
(305, 9, 173, 2),
(307, 9, 178, 2),
(308, 9, 20, 3),
(309, 9, 30, 3),
(310, 9, 86, 3),
(311, 9, 87, 3),
(312, 9, 90, 3),
(313, 9, 138, 3),
(314, 9, 141, 3),
(315, 9, 163, 3),
(316, 10, 2, 1),
(317, 10, 15, 1),
(318, 10, 66, 1),
(319, 10, 124, 1),
(320, 10, 178, 1),
(322, 10, 37, 2),
(323, 10, 48, 2),
(324, 10, 76, 2),
(325, 10, 132, 2),
(326, 10, 162, 2),
(327, 10, 169, 2),
(328, 10, 176, 2),
(329, 10, 31, 3),
(330, 10, 57, 3),
(331, 10, 74, 3),
(332, 10, 86, 3),
(333, 10, 90, 3),
(334, 10, 138, 3),
(335, 10, 139, 3),
(336, 10, 163, 3),
(337, 11, 15, 1),
(338, 11, 28, 1),
(339, 11, 95, 1),
(340, 11, 115, 1),
(341, 11, 162, 1),
(342, 11, 37, 2),
(343, 11, 43, 2),
(344, 11, 48, 2),
(345, 11, 66, 2),
(346, 11, 75, 2),
(347, 11, 76, 2),
(348, 11, 132, 2),
(350, 11, 25, 3),
(351, 11, 31, 3),
(352, 11, 35, 3),
(353, 11, 40, 3),
(354, 11, 55, 3),
(355, 11, 58, 3),
(356, 11, 74, 3),
(357, 11, 96, 3),
(358, 27, 32, 1),
(359, 27, 57, 1),
(360, 27, 59, 1),
(361, 27, 102, 1),
(362, 27, 115, 1),
(363, 27, 1, 2),
(364, 27, 14, 2),
(365, 27, 15, 2),
(366, 27, 33, 2),
(367, 27, 48, 2),
(368, 27, 58, 2),
(369, 27, 76, 2),
(370, 27, 92, 2),
(371, 27, 12, 3),
(372, 27, 31, 3),
(373, 27, 36, 3),
(374, 27, 40, 3),
(375, 27, 74, 3),
(376, 27, 112, 3),
(377, 27, 130, 3),
(378, 27, 133, 3),
(379, 12, 52, 1),
(380, 12, 76, 1),
(381, 12, 95, 1),
(382, 12, 109, 1),
(383, 12, 124, 1),
(384, 12, 15, 2),
(385, 12, 48, 2),
(386, 12, 57, 2),
(387, 12, 78, 2),
(389, 12, 142, 2),
(390, 12, 162, 2),
(391, 12, 176, 2),
(392, 12, 19, 3),
(393, 12, 21, 3),
(394, 12, 38, 3),
(395, 12, 55, 3),
(396, 12, 74, 3),
(397, 12, 105, 3),
(398, 12, 111, 3),
(399, 12, 123, 3),
(400, 13, 2, 1),
(401, 13, 3, 1),
(402, 13, 28, 1),
(403, 13, 94, 1),
(404, 13, 104, 1),
(405, 13, 37, 2),
(406, 13, 48, 2),
(407, 13, 64, 2),
(408, 13, 78, 2),
(409, 13, 97, 2),
(410, 13, 139, 2),
(411, 13, 162, 2),
(413, 13, 29, 3),
(414, 13, 41, 3),
(415, 13, 87, 3),
(416, 13, 90, 3),
(417, 13, 118, 3),
(418, 13, 121, 3),
(419, 13, 134, 3),
(420, 13, 141, 3),
(421, 14, 95, 1),
(422, 14, 97, 1),
(423, 14, 104, 1),
(424, 14, 124, 1),
(425, 14, 162, 1),
(426, 14, 37, 2),
(427, 14, 48, 2),
(428, 14, 64, 2),
(429, 14, 66, 2),
(430, 14, 78, 2),
(431, 14, 109, 2),
(432, 14, 121, 2),
(434, 14, 31, 3),
(435, 14, 36, 3),
(436, 14, 51, 3),
(437, 14, 65, 3),
(438, 14, 87, 3),
(439, 14, 110, 3),
(440, 14, 112, 3),
(441, 14, 143, 3),
(442, 20, 5, 1),
(443, 20, 15, 1),
(444, 20, 81, 1),
(445, 20, 95, 1),
(446, 20, 124, 1),
(447, 20, 44, 2),
(448, 20, 48, 2),
(449, 20, 52, 2),
(451, 20, 55, 2),
(452, 20, 76, 2),
(453, 20, 78, 2),
(454, 20, 96, 2),
(455, 20, 12, 3),
(456, 20, 35, 3),
(457, 20, 261, 3),
(458, 20, 62, 3),
(459, 20, 83, 3),
(460, 20, 84, 3),
(461, 20, 86, 3),
(462, 20, 91, 3),
(463, 21, 2, 1),
(464, 21, 122, 1),
(465, 21, 132, 1),
(466, 21, 169, 1),
(467, 21, 177, 1),
(469, 21, 48, 2),
(470, 21, 64, 2),
(471, 21, 138, 2),
(472, 21, 139, 2),
(473, 21, 142, 2),
(474, 21, 162, 2),
(475, 21, 212, 2),
(476, 21, 41, 3),
(477, 21, 49, 3),
(478, 21, 90, 3),
(479, 21, 112, 3),
(480, 21, 118, 3),
(481, 21, 141, 3),
(482, 21, 163, 3),
(483, 21, 178, 3),
(484, 22, 95, 1),
(485, 22, 97, 1),
(486, 22, 102, 1),
(487, 22, 122, 1),
(488, 22, 132, 1),
(489, 22, 6, 2),
(490, 22, 11, 2),
(491, 22, 33, 2),
(492, 22, 48, 2),
(493, 22, 36, 2),
(495, 22, 124, 2),
(496, 22, 162, 2),
(497, 22, 39, 3),
(498, 22, 42, 3),
(499, 22, 101, 3),
(500, 22, 119, 3),
(501, 22, 131, 3),
(502, 22, 138, 3),
(503, 22, 212, 3),
(504, 22, 178, 3),
(505, 15, 12, 1),
(506, 15, 32, 1),
(507, 15, 33, 1),
(508, 15, 59, 1),
(509, 15, 125, 1),
(510, 15, 1, 2),
(511, 15, 37, 2),
(512, 15, 48, 2),
(513, 15, 84, 2),
(514, 15, 115, 2),
(515, 15, 124, 2),
(516, 15, 125, 2),
(517, 15, 125, 2),
(518, 15, 36, 3),
(519, 15, 40, 3),
(520, 15, 56, 3),
(521, 15, 56, 3),
(522, 15, 89, 3),
(523, 15, 91, 3),
(524, 15, 103, 3),
(525, 15, 174, 3),
(526, 23, 28, 1),
(527, 23, 95, 1),
(528, 23, 119, 1),
(529, 23, 162, 1),
(530, 23, 173, 1),
(531, 23, 6, 2),
(532, 23, 23, 2),
(534, 23, 48, 2),
(535, 23, 36, 2),
(536, 23, 104, 2),
(537, 23, 115, 2),
(538, 23, 132, 2),
(539, 23, 37, 3),
(540, 23, 45, 3),
(541, 23, 54, 3),
(542, 23, 59, 3),
(543, 23, 72, 3),
(544, 23, 94, 3),
(545, 23, 101, 3),
(546, 23, 131, 3);

--
-- Indexes for dumped tables
--

--
-- Indexes for table `ed_abilities_v3`
--
ALTER TABLE `ed_abilities_v3`
  ADD PRIMARY KEY (`id`);

--
-- Indexes for table `ed_attributes`
--
ALTER TABLE `ed_attributes`
  ADD PRIMARY KEY (`id`),
  ADD UNIQUE KEY `name` (`name`);

--
-- Indexes for table `ed_circles`
--
ALTER TABLE `ed_circles`
  ADD PRIMARY KEY (`circle`),
  ADD KEY `status_group` (`status_group_id`);

--
-- Indexes for table `ed_core_talents`
--
ALTER TABLE `ed_core_talents`
  ADD PRIMARY KEY (`discipline_id`,`talent_id`,`circle`);

--
-- Indexes for table `ed_core_talents_v3`
--
ALTER TABLE `ed_core_talents_v3`
  ADD PRIMARY KEY (`id`),
  ADD KEY `discipline_id` (`discipline_id`),
  ADD KEY `talent_id` (`talent_id`),
  ADD KEY `circle` (`circle`);

--
-- Indexes for table `ed_disciplines`
--
ALTER TABLE `ed_disciplines`
  ADD PRIMARY KEY (`id`),
  ADD UNIQUE KEY `name` (`name`);

--
-- Indexes for table `ed_discipline_abilities_v3`
--
ALTER TABLE `ed_discipline_abilities_v3`
  ADD PRIMARY KEY (`id`),
  ADD KEY `ability` (`ability_id`),
  ADD KEY `discipline_circle` (`discipline_id`,`circle`) USING BTREE,
  ADD KEY `circle` (`circle`);

--
-- Indexes for table `ed_discipline_spells_v3`
--
ALTER TABLE `ed_discipline_spells_v3`
  ADD PRIMARY KEY (`discipline_id`,`spell_id`),
  ADD KEY `spell_id` (`spell_id`);

--
-- Indexes for table `ed_durability`
--
ALTER TABLE `ed_durability`
  ADD PRIMARY KEY (`discipline_id`);

--
-- Indexes for table `ed_races`
--
ALTER TABLE `ed_races`
  ADD PRIMARY KEY (`id`),
  ADD UNIQUE KEY `name` (`name`);

--
-- Indexes for table `ed_racial_restrictions`
--
ALTER TABLE `ed_racial_restrictions`
  ADD PRIMARY KEY (`race_id`,`discipline_id`);

--
-- Indexes for table `ed_skills`
--
ALTER TABLE `ed_skills`
  ADD PRIMARY KEY (`id`),
  ADD UNIQUE KEY `name` (`name`);

--
-- Indexes for table `ed_skills_v3`
--
ALTER TABLE `ed_skills_v3`
  ADD PRIMARY KEY (`id`),
  ADD UNIQUE KEY `name` (`name`),
  ADD KEY `type` (`type`),
  ADD KEY `attribute` (`attribute`);

--
-- Indexes for table `ed_skill_types`
--
ALTER TABLE `ed_skill_types`
  ADD PRIMARY KEY (`id`),
  ADD UNIQUE KEY `name` (`name`);

--
-- Indexes for table `ed_spells_v3`
--
ALTER TABLE `ed_spells_v3`
  ADD PRIMARY KEY (`id`),
  ADD KEY `spells_circle` (`circle`);

--
-- Indexes for table `ed_status_group`
--
ALTER TABLE `ed_status_group`
  ADD PRIMARY KEY (`id`),
  ADD UNIQUE KEY `name` (`name`);

--
-- Indexes for table `ed_support_talents`
--
ALTER TABLE `ed_support_talents`
  ADD PRIMARY KEY (`discipline_id`,`talent_id`,`status_group_id`);

--
-- Indexes for table `ed_talents`
--
ALTER TABLE `ed_talents`
  ADD PRIMARY KEY (`id`),
  ADD UNIQUE KEY `name` (`name`);

--
-- Indexes for table `ed_talents_v3`
--
ALTER TABLE `ed_talents_v3`
  ADD PRIMARY KEY (`id`),
  ADD UNIQUE KEY `name` (`name`),
  ADD KEY `attribute` (`attribute`);

--
-- Indexes for table `ed_talent_options_v3`
--
ALTER TABLE `ed_talent_options_v3`
  ADD PRIMARY KEY (`id`),
  ADD KEY `discipline_id` (`discipline_id`),
  ADD KEY `talent_id` (`talent_id`),
  ADD KEY `status_group_id` (`status_group_id`);

--
-- AUTO_INCREMENT for dumped tables
--

--
-- AUTO_INCREMENT for table `ed_abilities_v3`
--
ALTER TABLE `ed_abilities_v3`
  MODIFY `id` int(10) UNSIGNED NOT NULL AUTO_INCREMENT, AUTO_INCREMENT=121;

--
-- AUTO_INCREMENT for table `ed_attributes`
--
ALTER TABLE `ed_attributes`
  MODIFY `id` tinyint(1) UNSIGNED NOT NULL AUTO_INCREMENT, AUTO_INCREMENT=7;

--
-- AUTO_INCREMENT for table `ed_circles`
--
ALTER TABLE `ed_circles`
  MODIFY `circle` tinyint(2) UNSIGNED NOT NULL AUTO_INCREMENT, AUTO_INCREMENT=16;

--
-- AUTO_INCREMENT for table `ed_core_talents_v3`
--
ALTER TABLE `ed_core_talents_v3`
  MODIFY `id` int(10) UNSIGNED NOT NULL AUTO_INCREMENT, AUTO_INCREMENT=341;

--
-- AUTO_INCREMENT for table `ed_disciplines`
--
ALTER TABLE `ed_disciplines`
  MODIFY `id` tinyint(3) UNSIGNED NOT NULL AUTO_INCREMENT, AUTO_INCREMENT=28;

--
-- AUTO_INCREMENT for table `ed_discipline_abilities_v3`
--
ALTER TABLE `ed_discipline_abilities_v3`
  MODIFY `id` int(10) UNSIGNED NOT NULL AUTO_INCREMENT, AUTO_INCREMENT=513;

--
-- AUTO_INCREMENT for table `ed_races`
--
ALTER TABLE `ed_races`
  MODIFY `id` tinyint(2) UNSIGNED NOT NULL AUTO_INCREMENT, AUTO_INCREMENT=10;

--
-- AUTO_INCREMENT for table `ed_skills`
--
ALTER TABLE `ed_skills`
  MODIFY `id` tinyint(3) UNSIGNED NOT NULL AUTO_INCREMENT, AUTO_INCREMENT=189;

--
-- AUTO_INCREMENT for table `ed_skills_v3`
--
ALTER TABLE `ed_skills_v3`
  MODIFY `id` tinyint(3) UNSIGNED NOT NULL AUTO_INCREMENT, AUTO_INCREMENT=129;

--
-- AUTO_INCREMENT for table `ed_skill_types`
--
ALTER TABLE `ed_skill_types`
  MODIFY `id` tinyint(1) UNSIGNED NOT NULL AUTO_INCREMENT, AUTO_INCREMENT=5;

--
-- AUTO_INCREMENT for table `ed_spells_v3`
--
ALTER TABLE `ed_spells_v3`
  MODIFY `id` int(10) UNSIGNED NOT NULL AUTO_INCREMENT, AUTO_INCREMENT=401;

--
-- AUTO_INCREMENT for table `ed_status_group`
--
ALTER TABLE `ed_status_group`
  MODIFY `id` tinyint(1) UNSIGNED NOT NULL AUTO_INCREMENT, AUTO_INCREMENT=6;

--
-- AUTO_INCREMENT for table `ed_talents`
--
ALTER TABLE `ed_talents`
  MODIFY `id` smallint(5) UNSIGNED NOT NULL AUTO_INCREMENT, AUTO_INCREMENT=317;

--
-- AUTO_INCREMENT for table `ed_talents_v3`
--
ALTER TABLE `ed_talents_v3`
  MODIFY `id` smallint(5) UNSIGNED NOT NULL AUTO_INCREMENT, AUTO_INCREMENT=334;

--
-- AUTO_INCREMENT for table `ed_talent_options_v3`
--
ALTER TABLE `ed_talent_options_v3`
  MODIFY `id` int(10) UNSIGNED NOT NULL AUTO_INCREMENT, AUTO_INCREMENT=547;

--
-- Constraints for dumped tables
--

--
-- Constraints for table `ed_core_talents_v3`
--
ALTER TABLE `ed_core_talents_v3`
  ADD CONSTRAINT `ed_core_talents_v3_ibfk_1` FOREIGN KEY (`discipline_id`) REFERENCES `ed_disciplines` (`id`),
  ADD CONSTRAINT `ed_core_talents_v3_ibfk_2` FOREIGN KEY (`talent_id`) REFERENCES `ed_talents_v3` (`id`),
  ADD CONSTRAINT `ed_core_talents_v3_ibfk_3` FOREIGN KEY (`circle`) REFERENCES `ed_circles` (`circle`);

--
-- Constraints for table `ed_discipline_abilities_v3`
--
ALTER TABLE `ed_discipline_abilities_v3`
  ADD CONSTRAINT `ability` FOREIGN KEY (`ability_id`) REFERENCES `ed_abilities_v3` (`id`),
  ADD CONSTRAINT `discipline` FOREIGN KEY (`discipline_id`) REFERENCES `ed_disciplines` (`id`),
  ADD CONSTRAINT `ed_discipline_abilities_v3_ibfk_1` FOREIGN KEY (`circle`) REFERENCES `ed_circles` (`circle`);

--
-- Constraints for table `ed_discipline_spells_v3`
--
ALTER TABLE `ed_discipline_spells_v3`
  ADD CONSTRAINT `ed_discipline_spells_v3_ibfk_1` FOREIGN KEY (`spell_id`) REFERENCES `ed_spells_v3` (`id`),
  ADD CONSTRAINT `ed_discipline_spells_v3_ibfk_2` FOREIGN KEY (`discipline_id`) REFERENCES `ed_disciplines` (`id`);

--
-- Constraints for table `ed_skills_v3`
--
ALTER TABLE `ed_skills_v3`
  ADD CONSTRAINT `ed_skills_v3_ibfk_1` FOREIGN KEY (`type`) REFERENCES `ed_skill_types` (`id`),
  ADD CONSTRAINT `ed_skills_v3_ibfk_2` FOREIGN KEY (`attribute`) REFERENCES `ed_attributes` (`id`);

--
-- Constraints for table `ed_talents_v3`
--
ALTER TABLE `ed_talents_v3`
  ADD CONSTRAINT `ed_talents_v3_ibfk_1` FOREIGN KEY (`attribute`) REFERENCES `ed_attributes` (`id`);

--
-- Constraints for table `ed_talent_options_v3`
--
ALTER TABLE `ed_talent_options_v3`
  ADD CONSTRAINT `ed_talent_options_v3_ibfk_1` FOREIGN KEY (`discipline_id`) REFERENCES `ed_disciplines` (`id`),
  ADD CONSTRAINT `ed_talent_options_v3_ibfk_2` FOREIGN KEY (`talent_id`) REFERENCES `ed_talents_v3` (`id`),
  ADD CONSTRAINT `ed_talent_options_v3_ibfk_3` FOREIGN KEY (`status_group_id`) REFERENCES `ed_status_group` (`id`);
COMMIT;

/*!40101 SET CHARACTER_SET_CLIENT=@OLD_CHARACTER_SET_CLIENT */;
/*!40101 SET CHARACTER_SET_RESULTS=@OLD_CHARACTER_SET_RESULTS */;
/*!40101 SET COLLATION_CONNECTION=@OLD_COLLATION_CONNECTION */;
